기준_년분기_코드,상권_구분_코드,상권_구분_코드_명,상권_코드,상권_코드_명,서비스_업종_코드,서비스_업종_코드_명,당월_매출_금액,당월_매출_건수,avg_price,gu,lat,lon
20244,A,골목상권,3110001,이북5도청사,CS100001,한식음식점,570736922,15066,37882.4453736891,종로구,37.609517,126.957665
20244,A,골목상권,3110002,독립문역 1번,CS100001,한식음식점,636182302,22160,28708.587635379063,종로구,37.575747,126.957209
20244,A,골목상권,3110002,독립문역 1번,CS100010,커피-음료,52689606,6343,8306.732776288822,종로구,37.575747,126.957209
20244,A,골목상권,3110003,세검정초등학교,CS100001,한식음식점,124488406,3801,32751.48802946593,종로구,37.603553,126.959107
20244,A,골목상권,3110003,세검정초등학교,CS100010,커피-음료,30580207,4031,7586.258248573555,종로구,37.603553,126.959107
20244,A,골목상권,3110004,대신고등학교,CS100001,한식음식점,637534333,9453,67442.54025177192,종로구,37.573181,126.960572
20244,A,골목상권,3110005,세검정,CS100001,한식음식점,387274738,8105,47782.2008636644,종로구,37.600923,126.962494
20244,A,골목상권,3110006,부암동주민센터,CS100010,커피-음료,61513696,4605,13358.023018458198,종로구,37.591985,126.962646
20244,A,골목상권,3110007,사직공원(한국사회과학도서관),CS100001,한식음식점,36772584,91,404094.3296703297,종로구,37.573966,126.964851
20244,A,골목상권,3110007,사직공원(한국사회과학도서관),CS100010,커피-음료,2712912,225,12057.386666666667,종로구,37.573966,126.964851
20244,A,골목상권,3110008,배화여자대학교(박노수미술관),CS100001,한식음식점,949003403,24670,38467.912565869476,종로구,37.580309,126.96709
20244,A,골목상권,3110008,배화여자대학교(박노수미술관),CS100010,커피-음료,2224240602,162475,13689.740587782735,종로구,37.580309,126.96709
20244,A,골목상권,3110009,자하문터널,CS100001,한식음식점,502202277,7810,64302.46824583867,종로구,37.595076,126.965928
20244,A,골목상권,3110009,자하문터널,CS100010,커피-음료,192650250,8322,23149.51333813987,종로구,37.595076,126.965928
20244,A,골목상권,3110009,자하문터널,CS300001,슈퍼마켓,64332962,5993,10734.684131486734,종로구,37.595076,126.965928
20244,A,골목상권,3110010,평창동서측,CS100001,한식음식점,28630500,1664,17205.829326923078,종로구,37.609366,126.966748
20244,A,골목상권,3110010,평창동서측,CS100010,커피-음료,104826980,15908,6589.576313804375,종로구,37.609366,126.966748
20244,A,골목상권,3110010,평창동서측,CS300001,슈퍼마켓,795949168,43885,18137.15775321864,종로구,37.609366,126.966748
20244,A,골목상권,3110012,성곡미술관,CS100001,한식음식점,1005811091,20153,49908.752592666104,종로구,37.573309,126.969345
20244,A,골목상권,3110012,성곡미술관,CS100010,커피-음료,514866879,41864,12298.559120007643,종로구,37.573309,126.969345
20244,A,골목상권,3110012,성곡미술관,CS300002,편의점,270674735,41980,6447.706884230586,종로구,37.573309,126.969345
20244,A,골목상권,3110013,체부동홍종문가옥,CS100010,커피-음료,42881474,2882,14879.068008327551,종로구,37.578364,126.969887
20244,A,골목상권,3110014,경복고등학교,CS100001,한식음식점,486824649,11197,43478.132446190946,종로구,37.585122,126.971514
20244,A,골목상권,3110014,경복고등학교,CS100010,커피-음료,18028716,1891,9533.958751983078,종로구,37.585122,126.971514
20244,A,골목상권,3110015,청와대사랑채,CS100010,커피-음료,267624275,21768,12294.389700477766,종로구,37.582158,126.972659
20244,A,골목상권,3110016,평창동동측,CS100001,한식음식점,122180211,2476,49345.804119547654,종로구,37.612945,126.975389
20244,A,골목상권,3110016,평창동동측,CS100010,커피-음료,70156287,3540,19818.160169491526,종로구,37.612945,126.975389
20244,A,골목상권,3110016,평창동동측,CS300002,편의점,65374699,7982,8190.265472312703,종로구,37.612945,126.975389
20244,A,골목상권,3110017,정독도서관,CS100001,한식음식점,33598114,192,174990.17708333334,종로구,37.583584,126.983935
20244,A,골목상권,3110017,정독도서관,CS100010,커피-음료,56534679,2144,26368.786847014926,종로구,37.583584,126.983935
20244,A,골목상권,3110018,중앙고등학교,CS100001,한식음식점,1006162812,16060,62650.23735990038,종로구,37.582764,126.987354
20244,A,골목상권,3110018,중앙고등학교,CS100010,커피-음료,275393543,24837,11088.035712847768,종로구,37.582764,126.987354
20244,A,골목상권,3110018,중앙고등학교,CS300001,슈퍼마켓,317075,95,3337.6315789473683,종로구,37.582764,126.987354
20244,A,골목상권,3110019,창덕궁,CS100001,한식음식점,304223461,8682,35040.71193273439,종로구,37.575881,126.991193
20244,A,골목상권,3110019,창덕궁,CS100010,커피-음료,560660471,44382,12632.609413726286,종로구,37.575881,126.991193
20244,A,골목상권,3110019,창덕궁,CS300001,슈퍼마켓,1000481,85,11770.364705882354,종로구,37.575881,126.991193
20244,A,골목상권,3110020,서울국제고등학교,CS100001,한식음식점,1110495945,81584,13611.687892233771,종로구,37.588279,126.995448
20244,A,골목상권,3110020,서울국제고등학교,CS100010,커피-음료,71662178,25853,2771.909565621011,종로구,37.588279,126.995448
20244,A,골목상권,3110020,서울국제고등학교,CS300001,슈퍼마켓,786133270,82263,9556.340882292161,종로구,37.588279,126.995448
20244,A,골목상권,3110020,서울국제고등학교,CS300002,편의점,187473358,37393,5013.59500441259,종로구,37.588279,126.995448
20244,A,골목상권,3110021,성균관대학교,CS100001,한식음식점,790702324,26534,29799.590110801237,종로구,37.58354,126.997271
20244,A,골목상권,3110021,성균관대학교,CS100010,커피-음료,381683175,57041,6691.382952613033,종로구,37.58354,126.997271
20244,A,골목상권,3110021,성균관대학교,CS300002,편의점,374950716,66206,5663.394798054557,종로구,37.58354,126.997271
20244,A,골목상권,3110022,경신고등학교,CS100001,한식음식점,189370547,5966,31741.627053302043,종로구,37.587053,126.999106
20244,A,골목상권,3110022,경신고등학교,CS100010,커피-음료,83182212,8169,10182.6676459787,종로구,37.587053,126.999106
20244,A,골목상권,3110023,서울대병원,CS100001,한식음식점,514810244,27755,18548.378454332553,종로구,37.578935,127.001574
20244,A,골목상권,3110023,서울대병원,CS100010,커피-음료,563501517,108178,5209.021399914955,종로구,37.578935,127.001574
20244,A,골목상권,3110024,혜회동주민센터,CS100001,한식음식점,1627954748,50069,32514.225329045916,종로구,37.587288,127.00137
20244,A,골목상권,3110024,혜회동주민센터,CS100010,커피-음료,111245611,9818,11330.781320024445,종로구,37.587288,127.00137
20244,A,골목상권,3110025,충신시장옆,CS100001,한식음식점,428146744,14813,28903.445892121785,종로구,37.574863,127.004189
20244,A,골목상권,3110027,혜화역 1번,CS100001,한식음식점,142781055,4183,34133.649294764524,종로구,37.582116,127.00574
20244,A,골목상권,3110027,혜화역 1번,CS100010,커피-음료,121311629,16039,7563.540682087412,종로구,37.582116,127.00574
20244,A,골목상권,3110028,이화달팽이길,CS100001,한식음식점,427931531,18922,22615.554962477538,종로구,37.576503,127.006509
20244,A,골목상권,3110028,이화달팽이길,CS100010,커피-음료,62327690,4965,12553.411883182276,종로구,37.576503,127.006509
20244,A,골목상권,3110028,이화달팽이길,CS300001,슈퍼마켓,163148265,17673,9231.498047869633,종로구,37.576503,127.006509
20244,A,골목상권,3110028,이화달팽이길,CS300002,편의점,3045898769,442015,6890.939830096264,종로구,37.576503,127.006509
20244,A,골목상권,3110029,동대문역 1번,CS100001,한식음식점,444648349,9280,47914.692780172416,종로구,37.576124,127.010573
20244,A,골목상권,3110029,동대문역 1번,CS100010,커피-음료,419314,88,4764.931818181818,종로구,37.576124,127.010573
20244,A,골목상권,3110029,동대문역 1번,CS300001,슈퍼마켓,1716556971,127171,13498.022119822916,종로구,37.576124,127.010573
20244,A,골목상권,3110030,동대문역 3번,CS100001,한식음식점,352457959,9655,36505.226204039354,종로구,37.573448,127.012033
20244,A,골목상권,3110032,수족관거리,CS100001,한식음식점,115150772,2248,51223.65302491103,종로구,37.570474,127.014953
20244,A,골목상권,3110033,창신역 4번,CS100001,한식음식점,310415260,13305,23330.722284855317,종로구,37.57761,127.016653
20244,A,골목상권,3110034,창신1동주민센터,CS100001,한식음식점,110747578,3608,30695.004988913526,종로구,37.570636,127.01707
20244,A,골목상권,3110035,동묘앞역 2번,CS100001,한식음식점,423640880,20147,21027.491934283018,종로구,37.575456,127.019233
20244,A,골목상권,3110035,동묘앞역 2번,CS100010,커피-음료,66018340,17646,3741.2637424912164,종로구,37.575456,127.019233
20244,A,골목상권,3110035,동묘앞역 2번,CS300001,슈퍼마켓,138788579,17885,7760.0547386077715,종로구,37.575456,127.019233
20244,A,골목상권,3110036,동묘앞역 3번,CS100001,한식음식점,186855547,4100,45574.523658536586,종로구,37.57305,127.020184
20244,A,골목상권,3110037,신설동역 12번,CS100001,한식음식점,301703193,13124,22988.661459920757,종로구,37.577978,127.022064
20244,A,골목상권,3110037,신설동역 12번,CS100010,커피-음료,6125753,1324,4626.70166163142,종로구,37.577978,127.022064
20244,A,골목상권,3110037,신설동역 12번,CS300002,편의점,393511706,60131,6544.240175616571,종로구,37.577978,127.022064
20244,A,골목상권,3110038,경향신문사,CS100001,한식음식점,1698648336,57837,29369.578920068467,중구,37.566885,126.968907
20244,A,골목상권,3110038,경향신문사,CS100010,커피-음료,794200026,143624,5529.716662953267,중구,37.566885,126.968907
20244,A,골목상권,3110038,경향신문사,CS300001,슈퍼마켓,150000000,29091,5156.233886769104,중구,37.566885,126.968907
20244,A,골목상권,3110038,경향신문사,CS300002,편의점,434876300,51042,8519.969828768466,중구,37.566885,126.968907
20244,A,골목상권,3110039,회현역 1번,CS100001,한식음식점,267033243,12610,21176.307930214116,중구,37.558229,126.980816
20244,A,골목상권,3110040,중구회현체육센터(정화예술대남산캠퍼스),CS100001,한식음식점,361150332,10924,33060.26473819114,중구,37.55613,126.982118
20244,A,골목상권,3110040,중구회현체육센터(정화예술대남산캠퍼스),CS100010,커피-음료,119182676,12829,9290.098682672071,중구,37.55613,126.982118
20244,A,골목상권,3110040,중구회현체육센터(정화예술대남산캠퍼스),CS300001,슈퍼마켓,132000000,12601,10475.359098484247,중구,37.55613,126.982118
20244,A,골목상권,3110041,남산케이블카,CS100001,한식음식점,4212546767,102717,41011.19354147804,중구,37.556401,126.984823
20244,A,골목상권,3110041,남산케이블카,CS100010,커피-음료,242197156,17772,13628.019131217645,중구,37.556401,126.984823
20244,A,골목상권,3110041,남산케이블카,CS300001,슈퍼마켓,347735001,47104,7382.281780740489,중구,37.556401,126.984823
20244,A,골목상권,3110041,남산케이블카,CS300002,편의점,93540698,14349,6518.969823681093,중구,37.556401,126.984823
20244,A,골목상권,3110042,남산골공원옆,CS100001,한식음식점,373471686,10619,35170.13711272248,중구,37.556582,126.995077
20244,A,골목상권,3110043,충무초등학교,CS100001,한식음식점,591595819,17513,33780.38137383658,중구,37.560564,127.001019
20244,A,골목상권,3110043,충무초등학교,CS100010,커피-음료,88465443,15251,5800.632286407449,중구,37.560564,127.001019
20244,A,골목상권,3110043,충무초등학교,CS300001,슈퍼마켓,11464998,3052,3756.5524246395807,중구,37.560564,127.001019
20244,A,골목상권,3110043,충무초등학교,CS300002,편의점,767962447,117083,6559.128541291221,중구,37.560564,127.001019
20244,A,골목상권,3110044,관성묘,CS100001,한식음식점,585521663,7697,76071.41262829673,중구,37.561213,127.003328
20244,A,골목상권,3110045,동대문역사문화공원역 5번,CS100001,한식음식점,2338672979,76428,30599.688321034177,중구,37.562384,127.004912
20244,A,골목상권,3110045,동대문역사문화공원역 5번,CS100010,커피-음료,4086040,537,7609.01303538175,중구,37.562384,127.004912
20244,A,골목상권,3110045,동대문역사문화공원역 5번,CS300001,슈퍼마켓,769137386,105707,7276.125384317027,중구,37.562384,127.004912
20244,A,골목상권,3110048,장충동주민센터,CS100001,한식음식점,262326588,3915,67005.51417624521,중구,37.560996,127.008477
20244,A,골목상권,3110048,장충동주민센터,CS100010,커피-음료,8519993,1497,5691.378089512358,중구,37.560996,127.008477
20244,A,골목상권,3110048,장충동주민센터,CS300001,슈퍼마켓,1077251088,54568,19741.44348336021,중구,37.560996,127.008477
20244,A,골목상권,3110049,장충단 고개,CS100001,한식음식점,2199503461,28218,77946.82333971224,중구,37.557527,127.010163
20244,A,골목상권,3110049,장충단 고개,CS100010,커피-음료,146697247,16938,8660.836403353407,중구,37.557527,127.010163
20244,A,골목상권,3110049,장충단 고개,CS300001,슈퍼마켓,955978907,76599,12480.305317301792,중구,37.557527,127.010163
20244,A,골목상권,3110050,약수역 7번,CS100001,한식음식점,1106709649,43642,25358.820608588056,중구,37.552365,127.009823
20244,A,골목상권,3110051,한양공고앞 교차로,CS100001,한식음식점,207694673,5689,36508.116189136934,중구,37.563717,127.011285
20244,A,골목상권,3110051,한양공고앞 교차로,CS100010,커피-음료,315790,38,8310.263157894737,중구,37.563717,127.011285
20244,A,골목상권,3110052,장충초등학교,CS100001,한식음식점,1554860422,36061,43117.50705748593,중구,37.559581,127.012767
20244,A,골목상권,3110053,청구역 1번,CS100001,한식음식점,471600481,11066,42617.068588469185,중구,37.561915,127.012654
20244,A,골목상권,3110053,청구역 1번,CS300001,슈퍼마켓,176413616,15995,11029.29765551735,중구,37.561915,127.012654
20244,A,골목상권,3110053,청구역 1번,CS300002,편의점,846125914,116025,7292.617229045464,중구,37.561915,127.012654
20244,A,골목상권,3110054,청구역 3번,CS100001,한식음식점,892350493,20440,43657.06912915851,중구,37.556779,127.013287
20244,A,골목상권,3110054,청구역 3번,CS100010,커피-음료,276067802,30866,8944.074450852071,중구,37.556779,127.013287
20244,A,골목상권,3110054,청구역 3번,CS300002,편의점,359876750,53568,6718.1292936081245,중구,37.556779,127.013287
20244,A,골목상권,3110055,황학동벼룩시장,CS100001,한식음식점,207379315,6230,33287.20947030497,중구,37.569879,127.018587
20244,A,골목상권,3110056,신당역 3번,CS100001,한식음식점,2217947080,36103,61433.871977398,중구,37.562851,127.020996
20244,A,골목상권,3110056,신당역 3번,CS100010,커피-음료,104460486,13247,7885.595682041217,중구,37.562851,127.020996
20244,A,골목상권,3110056,신당역 3번,CS300001,슈퍼마켓,817422656,75331,10851.079316616002,중구,37.562851,127.020996
20244,A,골목상권,3110057,황학코아루아파트,CS100001,한식음식점,1600192042,22492,71144.94229059221,중구,37.566301,127.022785
20244,A,골목상권,3110057,황학코아루아파트,CS100010,커피-음료,37002747,4490,8241.146325167038,중구,37.566301,127.022785
20244,A,골목상권,3110057,황학코아루아파트,CS300001,슈퍼마켓,110015533,13353,8239.012431663297,중구,37.566301,127.022785
20244,A,골목상권,3110058,성심여자고등학교,CS100001,한식음식점,567777979,18178,31234.3480580922,용산구,37.532714,126.954167
20244,A,골목상권,3110058,성심여자고등학교,CS100010,커피-음료,94439542,11341,8327.267613085265,용산구,37.532714,126.954167
20244,A,골목상권,3110058,성심여자고등학교,CS300002,편의점,222049152,30680,7237.5864406779665,용산구,37.532714,126.954167
20244,A,골목상권,3110059,새남터성지,CS100001,한식음식점,52938528,2549,20768.351510396235,용산구,37.52575,126.955699
20244,A,골목상권,3110059,새남터성지,CS100010,커피-음료,40994738,3445,11899.778809869376,용산구,37.52575,126.955699
20244,A,골목상권,3110059,새남터성지,CS300001,슈퍼마켓,149985424,9850,15226.946598984772,용산구,37.52575,126.955699
20244,A,골목상권,3110060,효창공원앞역 6번,CS100001,한식음식점,231486058,4466,51832.97313031796,용산구,37.538248,126.958577
20244,A,골목상권,3110060,효창공원앞역 6번,CS100010,커피-음료,51690064,5211,9919.41354826329,용산구,37.538248,126.958577
20244,A,골목상권,3110060,효창공원앞역 6번,CS300001,슈퍼마켓,1746623849,99785,17503.87181440096,용산구,37.538248,126.958577
20244,A,골목상권,3110060,효창공원앞역 6번,CS300002,편의점,315751555,45748,6901.975059018973,용산구,37.538248,126.958577
20244,A,골목상권,3110061,효창동주민센터,CS100001,한식음식점,256772386,7339,34987.380569559886,용산구,37.542114,126.959367
20244,A,골목상권,3110061,효창동주민센터,CS100010,커피-음료,167775638,14969,11208.206159396086,용산구,37.542114,126.959367
20244,A,골목상권,3110061,효창동주민센터,CS300001,슈퍼마켓,575515394,67228,8560.650235021121,용산구,37.542114,126.959367
20244,A,골목상권,3110062,한강로동땡땡거리(은행나무길),CS100001,한식음식점,7202761326,101332,71080.81678048395,용산구,37.524987,126.962023
20244,A,골목상권,3110062,한강로동땡땡거리(은행나무길),CS100010,커피-음료,759094313,68664,11055.200876733077,용산구,37.524987,126.962023
20244,A,골목상권,3110063,효창공원앞역 5번,CS100001,한식음식점,2253058176,54433,41391.401833446624,용산구,37.537475,126.962684
20244,A,골목상권,3110063,효창공원앞역 5번,CS100010,커피-음료,3006264,459,6549.59477124183,용산구,37.537475,126.962684
20244,A,골목상권,3110063,효창공원앞역 5번,CS300001,슈퍼마켓,59467668,4727,12580.4247937381,용산구,37.537475,126.962684
20244,A,골목상권,3110064,효창공원앞역 2번,CS100001,한식음식점,603422900,24184,24951.32732385048,용산구,37.542332,126.963972
20244,A,골목상권,3110064,효창공원앞역 2번,CS100010,커피-음료,153552426,17835,8609.611774600504,용산구,37.542332,126.963972
20244,A,골목상권,3110064,효창공원앞역 2번,CS300001,슈퍼마켓,2062241156,111901,18429.1575231678,용산구,37.542332,126.963972
20244,A,골목상권,3110064,효창공원앞역 2번,CS300002,편의점,209152144,32525,6430.504043043812,용산구,37.542332,126.963972
20244,A,골목상권,3110066,서울역 15번,CS100001,한식음식점,2119974426,45455,46638.97098229018,용산구,37.553144,126.966943
20244,A,골목상권,3110066,서울역 15번,CS100010,커피-음료,314880829,34047,9248.416277498753,용산구,37.553144,126.966943
20244,A,골목상권,3110066,서울역 15번,CS300001,슈퍼마켓,42079762,2145,19617.60466200466,용산구,37.553144,126.966943
20244,A,골목상권,3110066,서울역 15번,CS300002,편의점,1316578734,195629,6729.977324425316,용산구,37.553144,126.966943
20244,A,골목상권,3110067,배문고등학교,CS100001,한식음식점,637139499,18491,34456.735655183606,용산구,37.549099,126.967364
20244,A,골목상권,3110067,배문고등학교,CS100010,커피-음료,187756042,18062,10395.085926254014,용산구,37.549099,126.967364
20244,A,골목상권,3110067,배문고등학교,CS300001,슈퍼마켓,133744160,12646,10576.005060888818,용산구,37.549099,126.967364
20244,A,골목상권,3110067,배문고등학교,CS300002,편의점,219842519,28301,7768.012402388608,용산구,37.549099,126.967364
20244,A,골목상권,3110068,남영역 1번,CS100001,한식음식점,3458543256,87430,39557.85492393915,용산구,37.540621,126.967265
20244,A,골목상권,3110068,남영역 1번,CS100010,커피-음료,726397719,99655,7289.124670111886,용산구,37.540621,126.967265
20244,A,골목상권,3110068,남영역 1번,CS300001,슈퍼마켓,450556173,58472,7705.503027089889,용산구,37.540621,126.967265
20244,A,골목상권,3110068,남영역 1번,CS300002,편의점,1073913221,171274,6270.1473720471295,용산구,37.540621,126.967265
20244,A,골목상권,3110069,숙대입구,CS100001,한식음식점,3502995784,155712,22496.633425811757,용산구,37.545225,126.967874
20244,A,골목상권,3110069,숙대입구,CS100010,커피-음료,1495734937,290417,5150.300901806712,용산구,37.545225,126.967874
20244,A,골목상권,3110069,숙대입구,CS300001,슈퍼마켓,1004667583,127373,7887.602419665078,용산구,37.545225,126.967874
20244,A,골목상권,3110069,숙대입구,CS300002,편의점,548247208,94726,5787.716234191246,용산구,37.545225,126.967874
20244,A,골목상권,3110070,용산세무서,CS100001,한식음식점,83244435,763,109101.48754914809,용산구,37.523754,126.968189
20244,A,골목상권,3110071,한강미주맨션아파트,CS100001,한식음식점,496842295,10481,47404.0926438317,용산구,37.520961,126.967783
20244,A,골목상권,3110072,열정도,CS100001,한식음식점,2447936512,46655,52468.899624906226,용산구,37.539026,126.96885
20244,A,골목상권,3110073,삼각지역 3번,CS100001,한식음식점,193046558,2416,79903.37665562914,용산구,37.531252,126.972598
20244,A,골목상권,3110074,서울역 12번,CS100001,한식음식점,6482866670,131906,49147.625354419055,용산구,37.551011,126.974153
20244,A,골목상권,3110074,서울역 12번,CS100010,커피-음료,985513811,77614,12697.629435411138,용산구,37.551011,126.974153
20244,A,골목상권,3110074,서울역 12번,CS300001,슈퍼마켓,18011713,1776,10141.730292792792,용산구,37.551011,126.974153
20244,A,골목상권,3110074,서울역 12번,CS300002,편의점,488335032,24111,20253.620007465473,용산구,37.551011,126.974153
20244,A,골목상권,3110075,숙대입구역 1번,CS100001,한식음식점,659038562,26245,25111.013983615925,용산구,37.546938,126.973735
20244,A,골목상권,3110075,숙대입구역 1번,CS100010,커피-음료,511701314,43551,11749.473353080297,용산구,37.546938,126.973735
20244,A,골목상권,3110075,숙대입구역 1번,CS300001,슈퍼마켓,246358350,36247,6796.654895577565,용산구,37.546938,126.973735
20244,A,골목상권,3110075,숙대입구역 1번,CS300002,편의점,248284505,37857,6558.483371635365,용산구,37.546938,126.973735
20244,A,골목상권,3110076,삼각지역 14번,CS100001,한식음식점,616644055,11667,52853.69460872546,용산구,37.534973,126.974396
20244,A,골목상권,3110076,삼각지역 14번,CS100010,커피-음료,230411157,37835,6089.894462798996,용산구,37.534973,126.974396
20244,A,골목상권,3110077,삼광초등학교,CS100001,한식음식점,1141792326,23925,47723.817178683385,용산구,37.54847,126.976451
20244,A,골목상권,3110077,삼광초등학교,CS100010,커피-음료,90030978,8252,10910.200920988851,용산구,37.54847,126.976451
20244,A,골목상권,3110078,이촌동점보아파트,CS300001,슈퍼마켓,720049015,43930,16390.826656043704,용산구,37.518269,126.978146
20244,A,골목상권,3110079,후암동주민센터,CS100001,한식음식점,2157368130,39862,54120.92042546786,용산구,37.550102,126.9792
20244,A,골목상권,3110079,후암동주민센터,CS100010,커피-음료,545447284,61696,8840.885697614109,용산구,37.550102,126.9792
20244,A,골목상권,3110079,후암동주민센터,CS300001,슈퍼마켓,1622056663,130255,12452.932040996508,용산구,37.550102,126.9792
20244,A,골목상권,3110079,후암동주민센터,CS300002,편의점,547481809,78349,6987.731930209703,용산구,37.550102,126.9792
20244,A,골목상권,3110080,해방촌예술마을,CS100001,한식음식점,62633623,2381,26305.595548089037,용산구,37.547327,126.98323
20244,A,골목상권,3110080,해방촌예술마을,CS100010,커피-음료,65194852,3300,19756.01575757576,용산구,37.547327,126.98323
20244,A,골목상권,3110080,해방촌예술마을,CS300001,슈퍼마켓,107739473,15412,6990.622437062029,용산구,37.547327,126.98323
20244,A,골목상권,3110080,해방촌예술마을,CS300002,편의점,163294599,25589,6381.437297276173,용산구,37.547327,126.98323
20244,A,골목상권,3110081,해방촌 남동측,CS100001,한식음식점,1306323993,18857,69275.28201728802,용산구,37.54412,126.984543
20244,A,골목상권,3110081,해방촌 남동측,CS100010,커피-음료,511521011,36395,14054.705618903696,용산구,37.54412,126.984543
20244,A,골목상권,3110081,해방촌 남동측,CS300001,슈퍼마켓,1343586051,105586,12725.039787471824,용산구,37.54412,126.984543
20244,A,골목상권,3110081,해방촌 남동측,CS300002,편의점,668654495,89867,7440.489779340581,용산구,37.54412,126.984543
20244,A,골목상권,3110082,용산구청,CS100001,한식음식점,1475550730,36653,40257.29762911631,용산구,37.532462,126.991085
20244,A,골목상권,3110082,용산구청,CS100010,커피-음료,1151677934,114387,10068.258928025038,용산구,37.532462,126.991085
20244,A,골목상권,3110083,서빙고역 1번,CS100010,커피-음료,11550277,1415,8162.739929328622,용산구,37.52056,126.991754
20244,A,골목상권,3110084,경리단길북측,CS100001,한식음식점,794167123,19588,40543.553348989175,용산구,37.541733,126.991355
20244,A,골목상권,3110084,경리단길북측,CS100010,커피-음료,170460964,12896,13218.126861042183,용산구,37.541733,126.991355
20244,A,골목상권,3110084,경리단길북측,CS300001,슈퍼마켓,372729248,25777,14459.760561741086,용산구,37.541733,126.991355
20244,A,골목상권,3110084,경리단길북측,CS300002,편의점,280154537,34737,8065.018193856695,용산구,37.541733,126.991355
20244,A,골목상권,3110085,경리단길남측,CS100001,한식음식점,478988736,13724,34901.54007577966,용산구,37.53876,126.991627
20244,A,골목상권,3110085,경리단길남측,CS100010,커피-음료,558733067,30400,18379.37720394737,용산구,37.53876,126.991627
20244,A,골목상권,3110085,경리단길남측,CS300001,슈퍼마켓,4173926,1314,3176.503805175038,용산구,37.53876,126.991627
20244,A,골목상권,3110085,경리단길남측,CS300002,편의점,1286966431,165920,7756.547920684668,용산구,37.53876,126.991627
20244,A,골목상권,3110087,이태원엔틱가구거리,CS100001,한식음식점,68396635,3536,19342.93976244344,용산구,37.531993,126.994366
20244,A,골목상권,3110087,이태원엔틱가구거리,CS100010,커피-음료,492906918,45347,10869.669834829207,용산구,37.531993,126.994366
20244,A,골목상권,3110088,오산고등학교,CS100001,한식음식점,573161518,21384,26803.288346427235,용산구,37.525155,126.996436
20244,A,골목상권,3110088,오산고등학교,CS300001,슈퍼마켓,195559852,9971,19612.862501253636,용산구,37.525155,126.996436
20244,A,골목상권,3110088,오산고등학교,CS300002,편의점,555530720,70149,7919.2963549017095,용산구,37.525155,126.996436
20244,A,골목상권,3110089,서빙고동주민센터,CS100001,한식음식점,418540865,16861,24823.015538817388,용산구,37.52201,126.996244
20244,A,골목상권,3110090,한국폴리텍대학서울정수캠퍼스,CS100001,한식음식점,892566883,11443,78001.12584112558,용산구,37.527633,126.996991
20244,A,골목상권,3110090,한국폴리텍대학서울정수캠퍼스,CS100010,커피-음료,41899321,9462,4428.167512153878,용산구,37.527633,126.996991
20244,A,골목상권,3110090,한국폴리텍대학서울정수캠퍼스,CS300002,편의점,158798387,20737,7657.731928437093,용산구,37.527633,126.996991
20244,A,골목상권,3110091,리움미술관,CS100001,한식음식점,854696226,16763,50987.068305195964,용산구,37.536922,126.998371
20244,A,골목상권,3110091,리움미술관,CS100010,커피-음료,366178944,23526,15564.862024993625,용산구,37.536922,126.998371
20244,A,골목상권,3110092,NH농협은행 보광동지점,CS100001,한식음식점,177392795,4023,44094.65448670147,용산구,37.529047,126.999887
20244,A,골목상권,3110092,NH농협은행 보광동지점,CS300002,편의점,18883,10,,용산구,37.529047,126.999887
20244,A,골목상권,3110093,우사단길,CS100001,한식음식점,2039070274,43171,47232.407727409605,용산구,37.532327,127.000272
20244,A,골목상권,3110093,우사단길,CS100010,커피-음료,252749576,32963,7667.675150926797,용산구,37.532327,127.000272
20244,A,골목상권,3110093,우사단길,CS300001,슈퍼마켓,99058737,6445,15369.858339798293,용산구,37.532327,127.000272
20244,A,골목상권,3110094,오산중학교,CS100001,한식음식점,1000079488,14423,69339.21431047632,용산구,37.525191,127.001154
20244,A,골목상권,3110095,한강진역 3번,CS100001,한식음식점,599201142,9334,64195.536961645594,용산구,37.537427,127.00224
20244,A,골목상권,3110095,한강진역 3번,CS100010,커피-음료,330600009,19194,17224.133010315723,용산구,37.537427,127.00224
20244,A,골목상권,3110095,한강진역 3번,CS300001,슈퍼마켓,203471738,10288,19777.579510108866,용산구,37.537427,127.00224
20244,A,골목상권,3110095,한강진역 3번,CS300002,편의점,233072823,37944,6142.547517394054,용산구,37.537427,127.00224
20244,A,골목상권,3110096,한남힐사이드아파트,CS100010,커피-음료,306664207,18443,16627.67483598113,용산구,37.543328,127.002942
20244,A,골목상권,3110098,서울독일학교,CS100001,한식음식점,1589190515,7476,212572.3000267523,용산구,37.536093,127.010771
20244,A,골목상권,3110098,서울독일학교,CS100010,커피-음료,147939749,1377,107436.27378358752,용산구,37.536093,127.010771
20244,A,골목상권,3110101,옥정중학교,CS100010,커피-음료,13058373,917,14240.319520174482,성동구,37.540615,127.012548
20244,A,골목상권,3110102,옥수역 6번,CS100001,한식음식점,968093420,20327,47625.98612682639,성동구,37.543156,127.016102
20244,A,골목상권,3110102,옥수역 6번,CS100010,커피-음료,219507225,37596,5838.579237152889,성동구,37.543156,127.016102
20244,A,골목상권,3110102,옥수역 6번,CS300002,편의점,265199594,41220,6433.760164968462,성동구,37.543156,127.016102
20244,A,골목상권,3110103,옥수터널,CS100010,커피-음료,43672475,4989,8753.753257165765,성동구,37.545787,127.016408
20244,A,골목상권,3110104,신금호역 4번,CS100001,한식음식점,412434704,9558,43150.73278928646,성동구,37.551616,127.020166
20244,A,골목상권,3110104,신금호역 4번,CS100010,커피-음료,10043523,1235,8132.407287449393,성동구,37.551616,127.020166
20244,A,골목상권,3110104,신금호역 4번,CS300001,슈퍼마켓,48350518,10129,4773.473985585942,성동구,37.551616,127.020166
20244,A,골목상권,3110105,금동어린이공원,CS100001,한식음식점,397714211,12498,31822.22843654985,성동구,37.549119,127.023493
20244,A,골목상권,3110105,금동어린이공원,CS100010,커피-음료,70599213,15859,4451.681253546882,성동구,37.549119,127.023493
20244,A,골목상권,3110106,금북초등학교,CS100001,한식음식점,82671046,3116,26531.144415917843,성동구,37.55639,127.024219
20244,A,골목상권,3110107,금호사거리,CS100001,한식음식점,1371243350,20166,67997.78587721908,성동구,37.547119,127.024929
20244,A,골목상권,3110107,금호사거리,CS100010,커피-음료,4040898,831,4862.693140794224,성동구,37.547119,127.024929
20244,A,골목상권,3110108,성동구립금호도서관,CS100001,한식음식점,398805738,5922,67343.08308004052,성동구,37.554327,127.024988
20244,A,골목상권,3110109,금호삼성래미안아파트,CS100001,한식음식점,489828421,11848,41342.70940243079,성동구,37.550263,127.026209
20244,A,골목상권,3110109,금호삼성래미안아파트,CS100010,커피-음료,35781331,2597,13777.948016942626,성동구,37.550263,127.026209
20244,A,골목상권,3110110,상왕십리역 6번,CS100001,한식음식점,485766144,20721,23443.180541479658,성동구,37.564093,127.027776
20244,A,골목상권,3110110,상왕십리역 6번,CS100010,커피-음료,53572499,6129,8740.82215695872,성동구,37.564093,127.027776
20244,A,골목상권,3110110,상왕십리역 6번,CS300001,슈퍼마켓,117427387,19515,6017.288598513964,성동구,37.564093,127.027776
20244,A,골목상권,3110112,행당역 2번,CS100001,한식음식점,1653742676,48182,34322.83167988045,성동구,37.559227,127.031419
20244,A,골목상권,3110112,행당역 2번,CS100010,커피-음료,88802392,16898,5255.201325600663,성동구,37.559227,127.031419
20244,A,골목상권,3110113,응봉산,CS100001,한식음식점,76602350,2386,32104.92455993294,성동구,37.548775,127.031527
20244,A,골목상권,3110113,응봉산,CS100010,커피-음료,2871788,508,5653.1259842519685,성동구,37.548775,127.031527
20244,A,골목상권,3110114,왕십리파출소,CS100001,한식음식점,1196530783,14605,81926.10633344745,성동구,37.567399,127.031422
20244,A,골목상권,3110114,왕십리파출소,CS300001,슈퍼마켓,53219473,6697,7946.763177542183,성동구,37.567399,127.031422
20244,A,골목상권,3110115,상왕십리역 3번,CS100001,한식음식점,2593417795,24968,103869.66497116309,성동구,37.565389,127.031681
20244,A,골목상권,3110115,상왕십리역 3번,CS100010,커피-음료,105842883,13773,7684.809627532128,성동구,37.565389,127.031681
20244,A,골목상권,3110115,상왕십리역 3번,CS300001,슈퍼마켓,273363254,16610,16457.751595424445,성동구,37.565389,127.031681
20244,A,골목상권,3110115,상왕십리역 3번,CS300002,편의점,214765105,29985,7162.41804235451,성동구,37.565389,127.031681
20244,A,골목상권,3110116,청계천박물관,CS100001,한식음식점,157721702,7671,20560.774605657673,성동구,37.570398,127.035012
20244,A,골목상권,3110117,성동구보건소,CS100001,한식음식점,362365343,2644,137051.94515885023,성동구,37.567073,127.035361
20244,A,골목상권,3110118,왕십리역 9번,CS100001,한식음식점,710111545,18358,38681.31305153067,성동구,37.557838,127.035877
20244,A,골목상권,3110118,왕십리역 9번,CS100010,커피-음료,254381845,45024,5649.916600035536,성동구,37.557838,127.035877
20244,A,골목상권,3110118,왕십리역 9번,CS300001,슈퍼마켓,1054574914,52917,19928.849216697847,성동구,37.557838,127.035877
20244,A,골목상권,3110120,서울숲카페거리,CS100010,커피-음료,8324425,990,8408.5101010101,성동구,37.547222,127.041066
20244,A,골목상권,3110121,한양대역 4번,CS100001,한식음식점,211280389,5335,39602.69709465792,성동구,37.556773,127.041864
20244,A,골목상권,3110121,한양대역 4번,CS100010,커피-음료,128145998,20429,6272.749424837241,성동구,37.556773,127.041864
20244,A,골목상권,3110122,마장역 2번,CS100001,한식음식점,3101439189,39438,78640.88414726913,성동구,37.567827,127.044145
20244,A,골목상권,3110122,마장역 2번,CS100010,커피-음료,116098273,17074,6799.71143258756,성동구,37.567827,127.044145
20244,A,골목상권,3110122,마장역 2번,CS300001,슈퍼마켓,1962268533,177270,11069.377407344728,성동구,37.567827,127.044145
20244,A,골목상권,3110123,마장역 3번,CS100001,한식음식점,1909279662,91817,20794.402583399587,성동구,37.566682,127.045016
20244,A,골목상권,3110123,마장역 3번,CS300001,슈퍼마켓,50774104,13467,3770.2609341352936,성동구,37.566682,127.045016
20244,A,골목상권,3110124,뚝섬역교차로,CS100001,한식음식점,493198528,24091,20472.314474285,성동구,37.550059,127.045277
20244,A,골목상권,3110124,뚝섬역교차로,CS100010,커피-음료,712503763,39218,18167.77405783059,성동구,37.550059,127.045277
20244,A,골목상권,3110124,뚝섬역교차로,CS300001,슈퍼마켓,278350308,49993,5567.7856499909985,성동구,37.550059,127.045277
20244,A,골목상권,3110124,뚝섬역교차로,CS300002,편의점,775044600,123417,6279.885267021561,성동구,37.550059,127.045277
20244,A,골목상권,3110125,사근동살곶이상점가,CS100001,한식음식점,931018983,52370,17777.715925147986,성동구,37.561015,127.046586
20244,A,골목상권,3110125,사근동살곶이상점가,CS100010,커피-음료,264256865,30710,8604.912569195702,성동구,37.561015,127.046586
20244,A,골목상권,3110125,사근동살곶이상점가,CS300001,슈퍼마켓,432145596,61211,7059.933606704677,성동구,37.561015,127.046586
20244,A,골목상권,3110125,사근동살곶이상점가,CS300002,편의점,371899389,66136,5623.251920285473,성동구,37.561015,127.046586
20244,A,골목상권,3110126,서울숲역 1번,CS100001,한식음식점,132736063,3456,38407.42563657407,성동구,37.54549,127.046542
20244,A,골목상권,3110126,서울숲역 1번,CS100010,커피-음료,129000000,9686,13318.191203799299,성동구,37.54549,127.046542
20244,A,골목상권,3110127,성수1가1동주민센터,CS100001,한식음식점,277478120,6557,42317.84657617813,성동구,37.54157,127.049414
20244,A,골목상권,3110127,성수1가1동주민센터,CS100010,커피-음료,229353124,22434,10223.460996701435,성동구,37.54157,127.049414
20244,A,골목상권,3110128,성원중학교,CS100001,한식음식점,2789106211,83902,33242.42820194989,성동구,37.538164,127.049921
20244,A,골목상권,3110128,성원중학교,CS100010,커피-음료,62099082,6831,9090.774703557312,성동구,37.538164,127.049921
20244,A,골목상권,3110128,성원중학교,CS300001,슈퍼마켓,2549721981,194182,13130.578431574502,성동구,37.538164,127.049921
20244,A,골목상권,3110128,성원중학교,CS300002,편의점,715472598,95931,7458.200143853394,성동구,37.538164,127.049921
20244,A,골목상권,3110129,성원어린이공원,CS100001,한식음식점,773827074,28297,27346.611796303496,성동구,37.5503,127.050223
20244,A,골목상권,3110129,성원어린이공원,CS100010,커피-음료,24000000,2997,8008.008008008008,성동구,37.5503,127.050223
20244,A,골목상권,3110129,성원어린이공원,CS300001,슈퍼마켓,70280515,8064,8715.34164186508,성동구,37.5503,127.050223
20244,A,골목상권,3110130,답십리역 6번,CS100001,한식음식점,222712016,3510,63450.716809116806,성동구,37.565544,127.052418
20244,A,골목상권,3110131,성수동카페거리,CS100001,한식음식점,5548731270,186347,29776.338068227553,성동구,37.542604,127.053363
20244,A,골목상권,3110131,성수동카페거리,CS100010,커피-음료,1245572602,118942,10472.100704545071,성동구,37.542604,127.053363
20244,A,골목상권,3110131,성수동카페거리,CS300001,슈퍼마켓,63339412,3255,19459.112749615975,성동구,37.542604,127.053363
20244,A,골목상권,3110131,성수동카페거리,CS300002,편의점,523579061,90059,5813.73389666774,성동구,37.542604,127.053363
20244,A,골목상권,3110132,성수2가3동주민센터,CS100001,한식음식점,348493006,14551,23949.763315236065,성동구,37.549407,127.053945
20244,A,골목상권,3110132,성수2가3동주민센터,CS100010,커피-음료,310267221,27239,11390.551084841587,성동구,37.549407,127.053945
20244,A,골목상권,3110133,서울교통공사,CS100001,한식음식점,634913719,15973,39749.18418581356,성동구,37.562668,127.056637
20244,A,골목상권,3110134,성수119안전센터,CS100001,한식음식점,1255329878,27105,46313.59077660948,성동구,37.53607,127.057274
20244,A,골목상권,3110134,성수119안전센터,CS100010,커피-음료,123819177,11366,10893.821661094493,성동구,37.53607,127.057274
20244,A,골목상권,3110134,성수119안전센터,CS300001,슈퍼마켓,439488121,25123,17493.457031405484,성동구,37.53607,127.057274
20244,A,골목상권,3110134,성수119안전센터,CS300002,편의점,1825166019,232655,7844.9464614987855,성동구,37.53607,127.057274
20244,A,골목상권,3110135,성동세무서,CS100001,한식음식점,1015930145,36314,27976.266591397256,성동구,37.549359,127.059456
20244,A,골목상권,3110135,성동세무서,CS100010,커피-음료,6354676,624,10183.77564102564,성동구,37.549359,127.059456
20244,A,골목상권,3110136,경수초등학교,CS100001,한식음식점,4113677169,137013,30023.99165772591,성동구,37.540574,127.059959
20244,A,골목상권,3110136,경수초등학교,CS100010,커피-음료,404502556,43816,9231.845809749862,성동구,37.540574,127.059959
20244,A,골목상권,3110136,경수초등학교,CS300001,슈퍼마켓,127620577,17227,7408.171881349045,성동구,37.540574,127.059959
20244,A,골목상권,3110136,경수초등학교,CS300002,편의점,143121873,26385,5424.365093803297,성동구,37.540574,127.059959
20244,A,골목상권,3110137,성수초등학교,CS100001,한식음식점,3270182597,156553,20888.661328751285,성동구,37.546168,127.062453
20244,A,골목상권,3110137,성수초등학교,CS100010,커피-음료,1377502195,180346,7638.107831612567,성동구,37.546168,127.062453
20244,A,골목상권,3110137,성수초등학교,CS300001,슈퍼마켓,101111371,17571,5754.446019008594,성동구,37.546168,127.062453
20244,A,골목상권,3110137,성수초등학교,CS300002,편의점,2676852085,452235,5919.161685849172,성동구,37.546168,127.062453
20244,A,골목상권,3110138,송정체육공원,CS100001,한식음식점,295762790,11404,25935.004384426516,성동구,37.550787,127.067176
20244,A,골목상권,3110138,송정체육공원,CS100010,커피-음료,83021909,18366,4520.413209190896,성동구,37.550787,127.067176
20244,A,골목상권,3110138,송정체육공원,CS300001,슈퍼마켓,936614246,82482,11355.377488421716,성동구,37.550787,127.067176
20244,A,골목상권,3110139,자양4동주민센터,CS100001,한식음식점,771298481,18673,41305.54710009104,광진구,37.535121,127.063473
20244,A,골목상권,3110139,자양4동주민센터,CS300001,슈퍼마켓,66667180,8325,8008.06966966967,광진구,37.535121,127.063473
20244,A,골목상권,3110139,자양4동주민센터,CS300002,편의점,659344020,95055,6936.44753037715,광진구,37.535121,127.063473
20244,A,골목상권,3110140,건대입구역 6번,CS100001,한식음식점,1584040005,24414,64882.44470385844,광진구,37.538598,127.065705
20244,A,골목상권,3110140,건대입구역 6번,CS100010,커피-음료,70320821,3871,18166.060707827433,광진구,37.538598,127.065705
20244,A,골목상권,3110140,건대입구역 6번,CS300001,슈퍼마켓,48266633,4473,10790.662418958194,광진구,37.538598,127.065705
20244,A,골목상권,3110140,건대입구역 6번,CS300002,편의점,1501819424,234286,6410.19704122312,광진구,37.538598,127.065705
20244,A,골목상권,3110141,건대입구역 1번,CS100001,한식음식점,1249801339,27988,44654.899921394885,광진구,37.543147,127.066433
20244,A,골목상권,3110141,건대입구역 1번,CS100010,커피-음료,49843515,6076,8203.343482554312,광진구,37.543147,127.066433
20244,A,골목상권,3110141,건대입구역 1번,CS300002,편의점,466581377,73427,6354.3570757350835,광진구,37.543147,127.066433
20244,A,골목상권,3110142,화양사거리,CS100001,한식음식점,2220684045,45931,48348.262502449325,광진구,37.5463,127.068213
20244,A,골목상권,3110142,화양사거리,CS100010,커피-음료,58869708,6396,9204.144465290807,광진구,37.5463,127.068213
20244,A,골목상권,3110142,화양사거리,CS300002,편의점,1675721850,235305,7121.488493657168,광진구,37.5463,127.068213
20244,A,골목상권,3110143,뚝섬유원지역 1번,CS100001,한식음식점,281078828,7585,37057.19551746869,광진구,37.533875,127.068586
20244,A,골목상권,3110144,어린이대공원역 4번,CS100001,한식음식점,334287497,11888,28119.742345222072,광진구,37.546171,127.071913
20244,A,골목상권,3110144,어린이대공원역 4번,CS100010,커피-음료,11806085,2026,5827.287759131294,광진구,37.546171,127.071913
20244,A,골목상권,3110144,어린이대공원역 4번,CS300002,편의점,105894951,17562,6029.777417150666,광진구,37.546171,127.071913
20244,A,골목상권,3110145,장안초등학교,CS100010,커피-음료,28739406,2656,10820.559487951807,광진구,37.548937,127.072775
20244,A,골목상권,3110145,장안초등학교,CS300002,편의점,361839195,65600,5515.841387195122,광진구,37.548937,127.072775
20244,A,골목상권,3110146,신자초등학교,CS100001,한식음식점,1241557005,33732,36806.504357879756,광진구,37.53152,127.073245
20244,A,골목상권,3110146,신자초등학교,CS100010,커피-음료,26589886,3831,6940.71678412947,광진구,37.53152,127.073245
20244,A,골목상권,3110146,신자초등학교,CS300001,슈퍼마켓,138928197,14622,9501.312884694296,광진구,37.53152,127.073245
20244,A,골목상권,3110147,능동우편취급국,CS100001,한식음식점,2004690695,57980,34575.55527768196,광진구,37.55618,127.073778
20244,A,골목상권,3110147,능동우편취급국,CS100010,커피-음료,36285151,8379,4330.487050960735,광진구,37.55618,127.073778
20244,A,골목상권,3110147,능동우편취급국,CS300001,슈퍼마켓,485859556,45497,10678.936105677298,광진구,37.55618,127.073778
20244,A,골목상권,3110147,능동우편취급국,CS300002,편의점,554553579,88891,6238.57959748456,광진구,37.55618,127.073778
20244,A,골목상권,3110148,어린이대공원역 3번,CS100001,한식음식점,1202106364,45692,26308.902302372408,광진구,37.545331,127.07551
20244,A,골목상권,3110148,어린이대공원역 3번,CS100010,커피-음료,100110838,31958,3132.5751924400774,광진구,37.545331,127.07551
20244,A,골목상권,3110150,중곡1동 마을마당,CS100001,한식음식점,738202523,26396,27966.454121836643,광진구,37.561422,127.076738
20244,A,골목상권,3110150,중곡1동 마을마당,CS100010,커피-음료,57680946,8257,6985.702555407533,광진구,37.561422,127.076738
20244,A,골목상권,3110150,중곡1동 마을마당,CS300001,슈퍼마켓,657230203,85831,7657.25906723678,광진구,37.561422,127.076738
20244,A,골목상권,3110150,중곡1동 마을마당,CS300002,편의점,288460892,39563,7291.178424285317,광진구,37.561422,127.076738
20244,A,골목상권,3110151,자양한강도서관,CS100001,한식음식점,1718904831,34283,50138.69355073943,광진구,37.531139,127.07708
20244,A,골목상권,3110151,자양한강도서관,CS100010,커피-음료,163505069,31226,5236.183597002498,광진구,37.531139,127.07708
20244,A,골목상권,3110151,자양한강도서관,CS300001,슈퍼마켓,758583152,96681,7846.248507979852,광진구,37.531139,127.07708
20244,A,골목상권,3110151,자양한강도서관,CS300002,편의점,535066639,79083,6765.886966857605,광진구,37.531139,127.07708
20244,A,골목상권,3110152,중곡어린이공원,CS100001,한식음식점,1078192573,42372,25445.87399697914,광진구,37.564881,127.078066
20244,A,골목상권,3110152,중곡어린이공원,CS100010,커피-음료,911938,12,,광진구,37.564881,127.078066
20244,A,골목상권,3110154,광진정말공원,CS100001,한식음식점,1590221910,48075,33077.93884555382,광진구,37.533075,127.078971
20244,A,골목상권,3110154,광진정말공원,CS100010,커피-음료,99007908,17593,5627.68760302393,광진구,37.533075,127.078971
20244,A,골목상권,3110154,광진정말공원,CS300002,편의점,452899472,63310,7153.679861001421,광진구,37.533075,127.078971
20244,A,골목상권,3110155,광진구청,CS100001,한식음식점,682701769,25952,26306.32587083847,광진구,37.538193,127.079282
20244,A,골목상권,3110155,광진구청,CS100010,커피-음료,132384860,13134,10079.553829754836,광진구,37.538193,127.079282
20244,A,골목상권,3110155,광진구청,CS300002,편의점,367423481,59981,6125.6644770844105,광진구,37.538193,127.079282
20244,A,골목상권,3110156,군자역 5번,CS100001,한식음식점,1198520844,24424,49071.43973141172,광진구,37.553743,127.080464
20244,A,골목상권,3110156,군자역 5번,CS100010,커피-음료,29632470,3233,9165.626353232292,광진구,37.553743,127.080464
20244,A,골목상권,3110156,군자역 5번,CS300001,슈퍼마켓,564284412,45207,12482.23531753932,광진구,37.553743,127.080464
20244,A,골목상권,3110156,군자역 5번,CS300002,편의점,348530256,54915,6346.72231630702,광진구,37.553743,127.080464
20244,A,골목상권,3110157,자양동우체국,CS100001,한식음식점,791797618,22013,35969.54608640349,광진구,37.529993,127.080722
20244,A,골목상권,3110157,자양동우체국,CS100010,커피-음료,129820736,20892,6213.896994064714,광진구,37.529993,127.080722
20244,A,골목상권,3110157,자양동우체국,CS300002,편의점,174254222,23705,7350.947985657034,광진구,37.529993,127.080722
20244,A,골목상권,3110158,중곡3동주민센터,CS100001,한식음식점,1030285597,33856,30431.403503071833,광진구,37.568726,127.080979
20244,A,골목상권,3110158,중곡3동주민센터,CS100010,커피-음료,67971121,14196,4788.047407720484,광진구,37.568726,127.080979
20244,A,골목상권,3110158,중곡3동주민센터,CS300001,슈퍼마켓,233713034,30033,7781.874404821363,광진구,37.568726,127.080979
20244,A,골목상권,3110158,중곡3동주민센터,CS300002,편의점,249765184,33437,7469.724676256841,광진구,37.568726,127.080979
20244,A,골목상권,3110159,구의역 4번,CS100001,한식음식점,1549371053,38941,39787.65447728615,광진구,37.534966,127.080852
20244,A,골목상권,3110159,구의역 4번,CS100010,커피-음료,106743055,15731,6785.522535121734,광진구,37.534966,127.080852
20244,A,골목상권,3110159,구의역 4번,CS300001,슈퍼마켓,200386316,26142,7665.301660163721,광진구,37.534966,127.080852
20244,A,골목상권,3110159,구의역 4번,CS300002,편의점,418279823,63422,6595.184998896282,광진구,37.534966,127.080852
20244,A,골목상권,3110160,광진경찰서,CS100001,한식음식점,53471436,571,93645.2469352014,광진구,37.543758,127.083396
20244,A,골목상권,3110161,중곡역 3번,CS100001,한식음식점,743035996,24252,30638.13277255484,광진구,37.568103,127.083695
20244,A,골목상권,3110161,중곡역 3번,CS100010,커피-음료,41483638,4015,10332.163885429638,광진구,37.568103,127.083695
20244,A,골목상권,3110161,중곡역 3번,CS300001,슈퍼마켓,616694571,74011,8332.47180824472,광진구,37.568103,127.083695
20244,A,골목상권,3110162,군자역 4번,CS100001,한식음식점,214287954,6977,30713.480579045434,광진구,37.558066,127.082789
20244,A,골목상권,3110162,군자역 4번,CS100010,커피-음료,43987644,4736,9287.931587837838,광진구,37.558066,127.082789
20244,A,골목상권,3110162,군자역 4번,CS300002,편의점,437956784,62007,7063.021658844969,광진구,37.558066,127.082789
20244,A,골목상권,3110163,성자초등학교,CS100001,한식음식점,699383719,17919,39030.28734862436,광진구,37.530693,127.084365
20244,A,골목상권,3110163,성자초등학교,CS100010,커피-음료,88754127,21940,4045.311166818596,광진구,37.530693,127.084365
20244,A,골목상권,3110163,성자초등학교,CS300001,슈퍼마켓,1064531236,78687,13528.67990900657,광진구,37.530693,127.084365
20244,A,골목상권,3110163,성자초등학교,CS300002,편의점,276609579,36853,7505.754728244648,광진구,37.530693,127.084365
20244,A,골목상권,3110165,국립정신건강센터,CS100001,한식음식점,966757962,15223,63506.402286014585,광진구,37.562146,127.085736
20244,A,골목상권,3110165,국립정신건강센터,CS100010,커피-음료,96233617,9925,9696.082317380353,광진구,37.562146,127.085736
20244,A,골목상권,3110165,국립정신건강센터,CS300001,슈퍼마켓,82737383,10324,8014.082041844246,광진구,37.562146,127.085736
20244,A,골목상권,3110165,국립정신건강센터,CS300002,편의점,438467614,55069,7962.149557827453,광진구,37.562146,127.085736
20244,A,골목상권,3110166,구의1동주민센터,CS100001,한식음식점,2867674690,78236,36654.15780459124,광진구,37.540991,127.08552
20244,A,골목상권,3110166,구의1동주민센터,CS100010,커피-음료,146042924,26098,5595.9431374051655,광진구,37.540991,127.08552
20244,A,골목상권,3110166,구의1동주민센터,CS300001,슈퍼마켓,964316327,92390,10437.453479813832,광진구,37.540991,127.08552
20244,A,골목상권,3110166,구의1동주민센터,CS300002,편의점,496606737,71126,6982.070368079183,광진구,37.540991,127.08552
20244,A,골목상권,3110167,용마초등학교,CS100001,한식음식점,1033881654,33291,31055.89060106335,광진구,37.557956,127.086015
20244,A,골목상권,3110167,용마초등학교,CS100010,커피-음료,47741358,2514,18990.198090692124,광진구,37.557956,127.086015
20244,A,골목상권,3110167,용마초등학교,CS300001,슈퍼마켓,479267472,51522,9302.19075346454,광진구,37.557956,127.086015
20244,A,골목상권,3110167,용마초등학교,CS300002,편의점,485995538,61003,7966.748159926561,광진구,37.557956,127.086015
20244,A,골목상권,3110168,대원고등학교,CS100001,한식음식점,434942887,9569,45453.327097920366,광진구,37.563262,127.08773
20244,A,골목상권,3110168,대원고등학교,CS300001,슈퍼마켓,130784672,11203,11674.075872534142,광진구,37.563262,127.08773
20244,A,골목상권,3110168,대원고등학교,CS300002,편의점,175515864,29385,5972.974783052578,광진구,37.563262,127.08773
20244,A,골목상권,3110169,성동초등학교,CS100001,한식음식점,260969643,11109,23491.7312989468,광진구,37.532573,127.088101
20244,A,골목상권,3110169,성동초등학교,CS100010,커피-음료,151684087,28065,5404.7420986994475,광진구,37.532573,127.088101
20244,A,골목상권,3110169,성동초등학교,CS300001,슈퍼마켓,117473209,15142,7758.103883238674,광진구,37.532573,127.088101
20244,A,골목상권,3110169,성동초등학교,CS300002,편의점,286069599,40893,6995.564008510014,광진구,37.532573,127.088101
20244,A,골목상권,3110170,동대부여고,CS100001,한식음식점,1059278902,44082,24029.737806814574,광진구,37.541763,127.088644
20244,A,골목상권,3110170,동대부여고,CS100010,커피-음료,95071471,22191,4284.235545942049,광진구,37.541763,127.088644
20244,A,골목상권,3110170,동대부여고,CS300001,슈퍼마켓,178387424,19660,9073.622787385555,광진구,37.541763,127.088644
20244,A,골목상권,3110170,동대부여고,CS300002,편의점,86953179,12058,7211.243904461768,광진구,37.541763,127.088644
20244,A,골목상권,3110172,광진초등학교,CS100001,한식음식점,210491412,9740,21611.02792607803,광진구,37.547087,127.089533
20244,A,골목상권,3110172,광진초등학교,CS300001,슈퍼마켓,715198271,43838,16314.573452256034,광진구,37.547087,127.089533
20244,A,골목상권,3110172,광진초등학교,CS300002,편의점,620886259,89420,6943.48310221427,광진구,37.547087,127.089533
20244,A,골목상권,3110173,구남초등학교,CS100001,한식음식점,367070106,5972,61465.18854655057,광진구,37.535463,127.090899
20244,A,골목상권,3110173,구남초등학교,CS100010,커피-음료,240624263,27805,8653.99255529581,광진구,37.535463,127.090899
20244,A,골목상권,3110173,구남초등학교,CS300001,슈퍼마켓,151658884,25267,6002.2513159457,광진구,37.535463,127.090899
20244,A,골목상권,3110174,아차산역 1번,CS100001,한식음식점,1405527442,42857,32795.74963249877,광진구,37.555411,127.091037
20244,A,골목상권,3110174,아차산역 1번,CS100010,커피-음료,80646324,8329,9682.593828790972,광진구,37.555411,127.091037
20244,A,골목상권,3110174,아차산역 1번,CS300001,슈퍼마켓,79215187,10295,7694.530063137446,광진구,37.555411,127.091037
20244,A,골목상권,3110174,아차산역 1번,CS300002,편의점,346794494,46753,7417.588047825808,광진구,37.555411,127.091037
20244,A,골목상권,3110175,푸른동산공원,CS100001,한식음식점,240428941,9410,25550.365674814027,광진구,37.541167,127.091166
20244,A,골목상권,3110175,푸른동산공원,CS100010,커피-음료,6952541,422,16475.215639810427,광진구,37.541167,127.091166
20244,A,골목상권,3110175,푸른동산공원,CS300001,슈퍼마켓,469622794,63453,7401.112539990229,광진구,37.541167,127.091166
20244,A,골목상권,3110176,해오름공원,CS100001,한식음식점,631518631,15713,40190.83758671164,광진구,37.557816,127.092149
20244,A,골목상권,3110176,해오름공원,CS100010,커피-음료,108411777,21747,4985.137122361705,광진구,37.557816,127.092149
20244,A,골목상권,3110176,해오름공원,CS300001,슈퍼마켓,202311000,26975,7499.944392956441,광진구,37.557816,127.092149
20244,A,골목상권,3110176,해오름공원,CS300002,편의점,241958033,29550,8188.08910321489,광진구,37.557816,127.092149
20244,A,골목상권,3110177,동의초등학교,CS100001,한식음식점,146960797,2343,62723.344857020915,광진구,37.552444,127.095164
20244,A,골목상권,3110177,동의초등학교,CS300001,슈퍼마켓,94168376,9870,9540.868895643363,광진구,37.552444,127.095164
20244,A,골목상권,3110178,장로회신학대학교,CS100001,한식음식점,212970263,8116,26240.79139970429,광진구,37.548013,127.103419
20244,A,골목상권,3110178,장로회신학대학교,CS100010,커피-음료,46112693,5518,8356.776549474447,광진구,37.548013,127.103419
20244,A,골목상권,3110179,광나루역 1번,CS100001,한식음식점,2567869869,104489,24575.50430188824,광진구,37.54613,127.103224
20244,A,골목상권,3110179,광나루역 1번,CS100010,커피-음료,1411995523,224567,6287.635863684335,광진구,37.54613,127.103224
20244,A,골목상권,3110180,광진정보도서관,CS100001,한식음식점,1833565383,40781,44961.265859101055,광진구,37.548999,127.108773
20244,A,골목상권,3110180,광진정보도서관,CS100010,커피-음료,290457129,39956,7269.424592051257,광진구,37.548999,127.108773
20244,A,골목상권,3110180,광진정보도서관,CS300002,편의점,321231581,47078,6823.390564594927,광진구,37.548999,127.108773
20244,A,골목상권,3110181,신설동역 9번,CS100001,한식음식점,406303695,18805,21606.15235309758,동대문구,37.572256,127.027394
20244,A,골목상권,3110181,신설동역 9번,CS300001,슈퍼마켓,33429130,556,60124.3345323741,동대문구,37.572256,127.027394
20244,A,골목상권,3110181,신설동역 9번,CS300002,편의점,220070877,36872,5968.509356693426,동대문구,37.572256,127.027394
20244,A,골목상권,3110182,용두희망어린이공원,CS100001,한식음식점,95981024,1700,56459.42588235294,동대문구,37.580509,127.027397
20244,A,골목상권,3110182,용두희망어린이공원,CS300002,편의점,134785989,19613,6872.278029878142,동대문구,37.580509,127.027397
20244,A,골목상권,3110183,한국의류시험연구원,CS100001,한식음식점,404544176,14197,28495.04655913221,동대문구,37.577977,127.028325
20244,A,골목상권,3110183,한국의류시험연구원,CS100010,커피-음료,19832148,2389,8301.443281707827,동대문구,37.577977,127.028325
20244,A,골목상권,3110183,한국의류시험연구원,CS300001,슈퍼마켓,111338356,10882,10231.424002940636,동대문구,37.577977,127.028325
20244,A,골목상권,3110184,용두사거리,CS100001,한식음식점,447409228,11096,40321.66798846431,동대문구,37.576598,127.029615
20244,A,골목상권,3110185,용두초등학교,CS100001,한식음식점,159341739,5759,27668.29987845112,동대문구,37.574499,127.029399
20244,A,골목상권,3110185,용두초등학교,CS300001,슈퍼마켓,15391288,2088,7371.306513409962,동대문구,37.574499,127.029399
20244,A,골목상권,3110186,종암초등학교,CS100001,한식음식점,757607981,32974,22975.919845939225,동대문구,37.581878,127.030443
20244,A,골목상권,3110186,종암초등학교,CS300001,슈퍼마켓,703141775,43409,16198.064341496003,동대문구,37.581878,127.030443
20244,A,골목상권,3110187,제기동역 6번,CS100001,한식음식점,3578112005,102726,34831.61035180967,동대문구,37.576084,127.032558
20244,A,골목상권,3110187,제기동역 6번,CS100010,커피-음료,109348615,16773,6519.323615334168,동대문구,37.576084,127.032558
20244,A,골목상권,3110187,제기동역 6번,CS300002,편의점,754629081,106364,7094.779069986085,동대문구,37.576084,127.032558
20244,A,골목상권,3110188,용두동신동아아파트,CS100001,한식음식점,339135840,9450,35887.39047619048,동대문구,37.57212,127.032522
20244,A,골목상권,3110188,용두동신동아아파트,CS100010,커피-음료,34488839,6358,5424.479238754326,동대문구,37.57212,127.032522
20244,A,골목상권,3110188,용두동신동아아파트,CS300001,슈퍼마켓,1452706150,177380,8189.796764009471,동대문구,37.57212,127.032522
20244,A,골목상권,3110188,용두동신동아아파트,CS300002,편의점,283517514,44936,6309.362515577711,동대문구,37.57212,127.032522
20244,A,골목상권,3110189,제기동역 1번,CS300002,편의점,425594238,56739,7500.911859567494,동대문구,37.579787,127.03334
20244,A,골목상권,3110190,고대앞사거리,CS100001,한식음식점,652834778,31450,20757.862575516694,동대문구,37.585012,127.034203
20244,A,골목상권,3110190,고대앞사거리,CS100010,커피-음료,11000497,1953,5632.614951356887,동대문구,37.585012,127.034203
20244,A,골목상권,3110190,고대앞사거리,CS300001,슈퍼마켓,134080243,19075,7029.108414154653,동대문구,37.585012,127.034203
20244,A,골목상권,3110190,고대앞사거리,CS300002,편의점,409451159,62005,6603.518409805661,동대문구,37.585012,127.034203
20244,A,골목상권,3110191,고려대역 6번,CS100001,한식음식점,2000810765,126314,15839.976289247432,동대문구,37.587715,127.036016
20244,A,골목상권,3110191,고려대역 6번,CS100010,커피-음료,267467326,40497,6604.620737338569,동대문구,37.587715,127.036016
20244,A,골목상권,3110191,고려대역 6번,CS300001,슈퍼마켓,15050002,1703,8837.347034644745,동대문구,37.587715,127.036016
20244,A,골목상권,3110191,고려대역 6번,CS300002,편의점,769855297,148893,5170.527136937264,동대문구,37.587715,127.036016
20244,A,골목상권,3110192,동의보감타워,CS100001,한식음식점,1227299934,29693,41332.971878894015,동대문구,37.57729,127.037403
20244,A,골목상권,3110192,동의보감타워,CS100010,커피-음료,119852503,22281,5379.134823392128,동대문구,37.57729,127.037403
20244,A,골목상권,3110192,동의보감타워,CS300001,슈퍼마켓,7521568,927,8113.881337648328,동대문구,37.57729,127.037403
20244,A,골목상권,3110193,고려대역 4번,CS100001,한식음식점,280629726,9692,28954.779818406932,동대문구,37.589895,127.037659
20244,A,골목상권,3110193,고려대역 4번,CS300002,편의점,207780822,34371,6045.236449332286,동대문구,37.589895,127.037659
20244,A,골목상권,3110194,홍파초등학교,CS100001,한식음식점,10713225,234,45783.01282051282,동대문구,37.584596,127.040181
20244,A,골목상권,3110194,홍파초등학교,CS300001,슈퍼마켓,491949468,72709,6766.005143792378,동대문구,37.584596,127.040181
20244,A,골목상권,3110195,동대문구청,CS100001,한식음식점,1958382057,57142,34272.20008050121,동대문구,37.576153,127.040708
20244,A,골목상권,3110195,동대문구청,CS100010,커피-음료,48398266,6325,7651.89976284585,동대문구,37.576153,127.040708
20244,A,골목상권,3110195,동대문구청,CS300001,슈퍼마켓,1079923569,102583,10527.315139935467,동대문구,37.576153,127.040708
20244,A,골목상권,3110197,세종대왕기념관교차로,CS100001,한식음식점,171394384,5167,33170.96651828914,동대문구,37.590704,127.041316
20244,A,골목상권,3110197,세종대왕기념관교차로,CS100010,커피-음료,8849407,1033,8566.705711519846,동대문구,37.590704,127.041316
20244,A,골목상권,3110198,동대문중앙새마을금고본점,CS100001,한식음식점,28445434,1509,18850.519549370445,동대문구,37.582469,127.042387
20244,A,골목상권,3110198,동대문중앙새마을금고본점,CS300001,슈퍼마켓,9734876,1488,6542.2553763440865,동대문구,37.582469,127.042387
20244,A,골목상권,3110199,홍릉시장,CS100001,한식음식점,717777087,15449,46461.07107256133,동대문구,37.584739,127.042638
20244,A,골목상권,3110199,홍릉시장,CS300001,슈퍼마켓,295034434,30518,9667.554689035978,동대문구,37.584739,127.042638
20244,A,골목상권,3110200,동대문경찰서,CS100001,한식음식점,152321402,3735,40782.16921017403,동대문구,37.58518,127.044393
20244,A,골목상권,3110201,전농119안전센터,CS100001,한식음식점,250624121,3905,64180.31267605634,동대문구,37.575962,127.046142
20244,A,골목상권,3110202,전농1동주민센터(전농시장),CS100001,한식음식점,61395637,1222,50241.928805237316,동대문구,37.577115,127.047467
20244,A,골목상권,3110202,전농1동주민센터(전농시장),CS300001,슈퍼마켓,89600247,958,93528.44154488518,동대문구,37.577115,127.047467
20244,A,골목상권,3110203,떡전교사거리,CS100001,한식음식점,289530400,5949,48668.75105059674,동대문구,37.584926,127.048423
20244,A,골목상권,3110203,떡전교사거리,CS100010,커피-음료,59193709,7077,8364.237530026847,동대문구,37.584926,127.048423
20244,A,골목상권,3110203,떡전교사거리,CS300001,슈퍼마켓,295445640,35050,8429.262196861626,동대문구,37.584926,127.048423
20244,A,골목상권,3110203,떡전교사거리,CS300002,편의점,212777068,30525,6970.583718263718,동대문구,37.584926,127.048423
20244,A,골목상권,3110204,간데메공원,CS100001,한식음식점,501329119,18940,26469.33046462513,동대문구,37.573519,127.050884
20244,A,골목상권,3110204,간데메공원,CS100010,커피-음료,395087977,41760,9460.918989463602,동대문구,37.573519,127.050884
20244,A,골목상권,3110204,간데메공원,CS300001,슈퍼마켓,200549914,29737,6744.120590510139,동대문구,37.573519,127.050884
20244,A,골목상권,3110204,간데메공원,CS300002,편의점,194023579,31356,6187.765626993239,동대문구,37.573519,127.050884
20244,A,골목상권,3110205,경희대삼거리,CS100001,한식음식점,1885235185,45044,41853.192101056746,동대문구,37.590998,127.051326
20244,A,골목상권,3110205,경희대삼거리,CS100010,커피-음료,162281441,17804,9114.886598517187,동대문구,37.590998,127.051326
20244,A,골목상권,3110205,경희대삼거리,CS300001,슈퍼마켓,533956028,54857,9733.59877499681,동대문구,37.590998,127.051326
20244,A,골목상권,3110206,텃골근린공원,CS100001,한식음식점,139145503,10858,12815.021458832198,동대문구,37.579059,127.051827
20244,A,골목상권,3110206,텃골근린공원,CS100010,커피-음료,51056889,3422,14920.189655172413,동대문구,37.579059,127.051827
20244,A,골목상권,3110206,텃골근린공원,CS300001,슈퍼마켓,191737363,23288,8233.31170559945,동대문구,37.579059,127.051827
20244,A,골목상권,3110206,텃골근린공원,CS300002,편의점,498335409,73327,6796.0697832994665,동대문구,37.579059,127.051827
20244,A,골목상권,3110207,시립대앞사거리,CS100001,한식음식점,386131345,20662,18687.994627819186,동대문구,37.584006,127.052249
20244,A,골목상권,3110207,시립대앞사거리,CS100010,커피-음료,96929157,10755,9012.473919107391,동대문구,37.584006,127.052249
20244,A,골목상권,3110207,시립대앞사거리,CS300002,편의점,96251361,14401,6683.658148739671,동대문구,37.584006,127.052249
20244,A,골목상권,3110210,서울시립대,CS100001,한식음식점,474497765,15936,29775.211157128513,동대문구,37.585617,127.054164
20244,A,골목상권,3110210,서울시립대,CS100010,커피-음료,462565844,111369,4153.452432903232,동대문구,37.585617,127.054164
20244,A,골목상권,3110210,서울시립대,CS300001,슈퍼마켓,142733568,15395,9271.423708996428,동대문구,37.585617,127.054164
20244,A,골목상권,3110210,서울시립대,CS300002,편의점,1477443368,236497,6247.197080724069,동대문구,37.585617,127.054164
20244,A,골목상권,3110211,전곡마을마당공원,CS100001,한식음식점,565541140,16569,34132.48476069769,동대문구,37.579824,127.054658
20244,A,골목상권,3110211,전곡마을마당공원,CS100010,커피-음료,1729545,240,7206.4375,동대문구,37.579824,127.054658
20244,A,골목상권,3110211,전곡마을마당공원,CS300001,슈퍼마켓,852532475,84104,10136.645997812233,동대문구,37.579824,127.054658
20244,A,골목상권,3110212,답십리초등학교,CS100001,한식음식점,1279056181,25046,51068.28160185259,동대문구,37.570011,127.056451
20244,A,골목상권,3110212,답십리초등학교,CS100010,커피-음료,405306720,61248,6617.468652037617,동대문구,37.570011,127.056451
20244,A,골목상권,3110212,답십리초등학교,CS300002,편의점,271587211,41775,6501.189970077798,동대문구,37.570011,127.056451
20244,A,골목상권,3110213,청량초등학교,CS100010,커피-음료,29030896,3696,7854.679653679654,동대문구,37.593031,127.05666
20244,A,골목상권,3110214,경희대후문,CS100001,한식음식점,296980264,19215,15455.647358834243,동대문구,37.597518,127.056471
20244,A,골목상권,3110214,경희대후문,CS100010,커피-음료,738202709,106423,6936.495954821796,동대문구,37.597518,127.056471
20244,A,골목상권,3110214,경희대후문,CS300001,슈퍼마켓,3677859,773,4757.90297542044,동대문구,37.597518,127.056471
20244,A,골목상권,3110214,경희대후문,CS300002,편의점,1121500698,235946,4753.209200410263,동대문구,37.597518,127.056471
20244,A,골목상권,3110215,회기역 1번,CS100001,한식음식점,230401923,8284,27812.883027522937,동대문구,37.591319,127.05838
20244,A,골목상권,3110215,회기역 1번,CS100010,커피-음료,54309662,17103,3175.4465298485648,동대문구,37.591319,127.05838
20244,A,골목상권,3110215,회기역 1번,CS300002,편의점,254243040,45404,5599.573605849705,동대문구,37.591319,127.05838
20244,A,골목상권,3110216,전농중학교,CS100001,한식음식점,607648272,16463,36909.93573467776,동대문구,37.578903,127.05837
20244,A,골목상권,3110216,전농중학교,CS100010,커피-음료,28285526,3466,8160.855741488748,동대문구,37.578903,127.05837
20244,A,골목상권,3110216,전농중학교,CS300001,슈퍼마켓,17169811,3370,5094.8994065281895,동대문구,37.578903,127.05837
20244,A,골목상권,3110217,자동차부품상가,CS100001,한식음식점,92695507,4118,22509.836571151045,동대문구,37.565208,127.058937
20244,A,골목상권,3110218,답십리사거리,CS100001,한식음식점,4977913567,138770,35871.68384377027,동대문구,37.570596,127.05816
20244,A,골목상권,3110218,답십리사거리,CS100010,커피-음료,42310966,4177,10129.510653579124,동대문구,37.570596,127.05816
20244,A,골목상권,3110218,답십리사거리,CS300001,슈퍼마켓,47833404,6378,7499.749764816557,동대문구,37.570596,127.05816
20244,A,골목상권,3110219,삼육보건대학교,CS100001,한식음식점,925530975,16604,55741.44633823175,동대문구,37.587714,127.060178
20244,A,골목상권,3110219,삼육보건대학교,CS100010,커피-음료,89953209,8741,10290.951721770964,동대문구,37.587714,127.060178
20244,A,골목상권,3110219,삼육보건대학교,CS300001,슈퍼마켓,101645225,16085,6319.255517562947,동대문구,37.587714,127.060178
20244,A,골목상권,3110219,삼육보건대학교,CS300002,편의점,1006477997,150297,6696.594057100275,동대문구,37.587714,127.060178
20244,A,골목상권,3110220,외대앞역 1번,CS100001,한식음식점,3465870418,143934,24079.581044089653,동대문구,37.595219,127.06118
20244,A,골목상권,3110220,외대앞역 1번,CS100010,커피-음료,1667773261,349518,4771.637686757192,동대문구,37.595219,127.06118
20244,A,골목상권,3110220,외대앞역 1번,CS300001,슈퍼마켓,320468854,32866,9750.771435526076,동대문구,37.595219,127.06118
20244,A,골목상권,3110220,외대앞역 1번,CS300002,편의점,1298199156,242748,5347.9293588412675,동대문구,37.595219,127.06118
20244,A,골목상권,3110221,의릉,CS100001,한식음식점,369450264,7194,51355.33277731443,성북구,37.603985,127.061119
20244,A,골목상권,3110221,의릉,CS100010,커피-음료,88862445,18623,4771.650378564141,성북구,37.603985,127.061119
20244,A,골목상권,3110222,회기역 2번,CS100001,한식음식점,33000000,577,57192.374350086655,동대문구,37.590623,127.061459
20244,A,골목상권,3110223,군자초등학교,CS100001,한식음식점,116556075,6002,19419.53932022659,동대문구,37.56389,127.063113
20244,A,골목상권,3110224,외대앞역 2번,CS100001,한식음식점,1308886233,15215,86026.04226092671,동대문구,37.594253,127.063535
20244,A,골목상권,3110224,외대앞역 2번,CS300001,슈퍼마켓,27260029,7472,3648.290819057816,동대문구,37.594253,127.063535
20244,A,골목상권,3110224,외대앞역 2번,CS300002,편의점,127291968,20676,6156.508415554265,동대문구,37.594253,127.063535
20244,A,골목상권,3110225,촬영소사거리,CS100001,한식음식점,890085936,34965,25456.483226083226,동대문구,37.569647,127.063582
20244,A,골목상권,3110225,촬영소사거리,CS100010,커피-음료,136960466,17057,8029.575306325849,동대문구,37.569647,127.063582
20244,A,골목상권,3110226,장안1동주민센터,CS100001,한식음식점,3373097311,97613,34555.82054644361,동대문구,37.568961,127.066603
20244,A,골목상권,3110226,장안1동주민센터,CS100010,커피-음료,178630710,21626,8259.997687968187,동대문구,37.568961,127.066603
20244,A,골목상권,3110226,장안1동주민센터,CS300001,슈퍼마켓,3121701508,216508,14418.411827738468,동대문구,37.568961,127.066603
20244,A,골목상권,3110226,장안1동주민센터,CS300002,편의점,3254477084,409468,7948.0620805533035,동대문구,37.568961,127.066603
20244,A,골목상권,3110227,답십리공원,CS100001,한식음식점,155329403,3599,43159.04501250348,동대문구,37.576159,127.067017
20244,A,골목상권,3110227,답십리공원,CS100010,커피-음료,111844746,23950,4669.926764091858,동대문구,37.576159,127.067017
20244,A,골목상권,3110228,장안근린공원,CS100001,한식음식점,3481004734,134479,25885.117631749195,동대문구,37.575834,127.069643
20244,A,골목상권,3110228,장안근린공원,CS100010,커피-음료,15265321,2980,5122.590939597316,동대문구,37.575834,127.069643
20244,A,골목상권,3110228,장안근린공원,CS300001,슈퍼마켓,4436796561,322825,13743.658517772787,동대문구,37.575834,127.069643
20244,A,골목상권,3110229,장평중학교,CS100001,한식음식점,1163664696,21020,55359.8808753568,동대문구,37.564562,127.069995
20244,A,골목상권,3110229,장평중학교,CS100010,커피-음료,43488089,5539,7851.25275320455,동대문구,37.564562,127.069995
20244,A,골목상권,3110229,장평중학교,CS300002,편의점,512908724,68527,7484.768397857779,동대문구,37.564562,127.069995
20244,A,골목상권,3110230,장안현대홈타운1차아파트,CS100001,한식음식점,1329989270,23101,57572.800744556516,동대문구,37.569003,127.071584
20244,A,골목상권,3110230,장안현대홈타운1차아파트,CS100010,커피-음료,43549777,3549,12270.999436460976,동대문구,37.569003,127.071584
20244,A,골목상권,3110230,장안현대홈타운1차아파트,CS300001,슈퍼마켓,1057981791,86425,12241.617483367081,동대문구,37.569003,127.071584
20244,A,골목상권,3110230,장안현대홈타운1차아파트,CS300002,편의점,1973903472,257215,7674.138257877651,동대문구,37.569003,127.071584
20244,A,골목상권,3110232,동대부고,CS100001,한식음식점,665715865,22678,29355.14000352765,동대문구,37.5773,127.073471
20244,A,골목상권,3110232,동대부고,CS100010,커피-음료,122960363,18661,6589.162585070468,동대문구,37.5773,127.073471
20244,A,골목상권,3110232,동대부고,CS300002,편의점,129657242,17752,7303.8103875619645,동대문구,37.5773,127.073471
20244,A,골목상권,3110233,중랑역 1번,CS100001,한식음식점,966216322,13135,73560.4356299962,중랑구,37.595968,127.07392
20244,A,골목상권,3110233,중랑역 1번,CS300001,슈퍼마켓,1881652135,203867,9229.802444731124,중랑구,37.595968,127.07392
20244,A,골목상권,3110233,중랑역 1번,CS300002,편의점,177000000,23177,7636.881391034215,중랑구,37.595968,127.07392
20244,A,골목상권,3110234,중랑역 4번,CS100001,한식음식점,876739139,20380,43019.584838076546,중랑구,37.593824,127.073623
20244,A,골목상권,3110236,신묵초등학교,CS100001,한식음식점,1135268546,31065,36544.93951392242,중랑구,37.608879,127.074929
20244,A,골목상권,3110236,신묵초등학교,CS100010,커피-음료,7819394,889,8795.718785151856,중랑구,37.608879,127.074929
20244,A,골목상권,3110236,신묵초등학교,CS300001,슈퍼마켓,209777927,25017,8385.414997801496,중랑구,37.608879,127.074929
20244,A,골목상권,3110237,메가박스 상봉,CS100001,한식음식점,3164335838,58678,53927.12495313405,중랑구,37.591409,127.074742
20244,A,골목상권,3110237,메가박스 상봉,CS100010,커피-음료,155173139,21914,7081.004791457516,중랑구,37.591409,127.074742
20244,A,골목상권,3110237,메가박스 상봉,CS300001,슈퍼마켓,356421576,40790,8737.964599166462,중랑구,37.591409,127.074742
20244,A,골목상권,3110237,메가박스 상봉,CS300002,편의점,209812903,23222,9035.091852553613,중랑구,37.591409,127.074742
20244,A,골목상권,3110239,중랑역 2번,CS100001,한식음식점,599453912,19240,31156.648232848234,중랑구,37.596237,127.076581
20244,A,골목상권,3110240,태릉시장 특화거리,CS100001,한식음식점,1861535413,26781,69509.55576714835,중랑구,37.598057,127.076798
20244,A,골목상권,3110240,태릉시장 특화거리,CS100010,커피-음료,16701300,1265,13202.608695652174,중랑구,37.598057,127.076798
20244,A,골목상권,3110241,먹골역 5번,CS100001,한식음식점,1420838134,50016,28407.672224888036,중랑구,37.608228,127.077341
20244,A,골목상권,3110241,먹골역 5번,CS100010,커피-음료,138465899,27345,5063.664253062717,중랑구,37.608228,127.077341
20244,A,골목상권,3110241,먹골역 5번,CS300001,슈퍼마켓,6304708735,698698,9023.51049380419,중랑구,37.608228,127.077341
20244,A,골목상권,3110242,면목5동주민센터,CS100001,한식음식점,368007385,14620,25171.503761969903,중랑구,37.584667,127.078199
20244,A,골목상권,3110242,면목5동주민센터,CS300002,편의점,368367012,47139,7814.4850760516765,중랑구,37.584667,127.078199
20244,A,골목상권,3110243,중랑노인종합복지관,CS100001,한식음식점,1710460791,40957,41762.355421539665,중랑구,37.588118,127.077988
20244,A,골목상권,3110243,중랑노인종합복지관,CS100010,커피-음료,11839944,1969,6013.176231589639,중랑구,37.588118,127.077988
20244,A,골목상권,3110243,중랑노인종합복지관,CS300002,편의점,420175587,48461,8670.386228100948,중랑구,37.588118,127.077988
20244,A,골목상권,3110244,중화역 4번,CS100001,한식음식점,1529912443,38272,39974.718932901334,중랑구,37.603417,127.078276
20244,A,골목상권,3110244,중화역 4번,CS100010,커피-음료,25072576,5436,4612.320824135394,중랑구,37.603417,127.078276
20244,A,골목상권,3110244,중화역 4번,CS300001,슈퍼마켓,380413964,35801,10625.791570067875,중랑구,37.603417,127.078276
20244,A,골목상권,3110245,KB국민은행 중화동지점,CS100001,한식음식점,512394652,23269,22020.484421333105,중랑구,37.597082,127.078767
20244,A,골목상권,3110245,KB국민은행 중화동지점,CS300001,슈퍼마켓,748243855,68441,10932.684428924184,중랑구,37.597082,127.078767
20244,A,골목상권,3110246,월드순복음교회,CS100001,한식음식점,789786847,16329,48367.12885051136,중랑구,37.593028,127.078933
20244,A,골목상권,3110246,월드순복음교회,CS100010,커피-음료,154957211,18538,8358.895835580968,중랑구,37.593028,127.078933
20244,A,골목상권,3110246,월드순복음교회,CS300002,편의점,191769621,23623,8117.919866232062,중랑구,37.593028,127.078933
20244,A,골목상권,3110247,먹골역 1번,CS100001,한식음식점,505059630,23160,21807.410621761657,중랑구,37.6102,127.079291
20244,A,골목상권,3110247,먹골역 1번,CS100010,커피-음료,85274973,13988,6096.294895624821,중랑구,37.6102,127.079291
20244,A,골목상권,3110247,먹골역 1번,CS300001,슈퍼마켓,1802784008,120480,14963.346679946879,중랑구,37.6102,127.079291
20244,A,골목상권,3110248,먹골파출소,CS100001,한식음식점,100719889,3420,29450.259941520468,중랑구,37.615236,127.080497
20244,A,골목상권,3110248,먹골파출소,CS300001,슈퍼마켓,1961137362,126752,15472.239980434233,중랑구,37.615236,127.080497
20244,A,골목상권,3110249,중화역 1번,CS100001,한식음식점,310951997,6089,51067.82673673838,중랑구,37.604271,127.080077
20244,A,골목상권,3110249,중화역 1번,CS100010,커피-음료,27651872,3310,8354.03987915408,중랑구,37.604271,127.080077
20244,A,골목상권,3110249,중화역 1번,CS300001,슈퍼마켓,735439318,97067,7576.615306952929,중랑구,37.604271,127.080077
20244,A,골목상권,3110249,중화역 1번,CS300002,편의점,127790450,20615,6198.906136308513,중랑구,37.604271,127.080077
20244,A,골목상권,3110250,화랑대역 7번,CS100001,한식음식점,492412174,10103,48739.20360289023,중랑구,37.617758,127.081836
20244,A,골목상권,3110250,화랑대역 7번,CS300002,편의점,212219178,30521,6953.218374234134,중랑구,37.617758,127.081836
20244,A,골목상권,3110251,장안중학교,CS100001,한식음식점,488011501,13591,35906.96056213671,중랑구,37.599684,127.082043
20244,A,골목상권,3110251,장안중학교,CS100010,커피-음료,8524477,1586,5374.827868852459,중랑구,37.599684,127.082043
20244,A,골목상권,3110251,장안중학교,CS300002,편의점,304306108,40216,7566.7920230753925,중랑구,37.599684,127.082043
20244,A,골목상권,3110252,장안제일시장,CS100001,한식음식점,1786693264,36830,48511.89964702688,중랑구,37.585277,127.081631
20244,A,골목상권,3110252,장안제일시장,CS300001,슈퍼마켓,2706423634,198549,13631.011155936318,중랑구,37.585277,127.081631
20244,A,골목상권,3110253,중곡초등학교,CS100001,한식음식점,749455861,20429,36685.88090459641,중랑구,37.573149,127.082568
20244,A,골목상권,3110253,중곡초등학교,CS300001,슈퍼마켓,551481256,53434,10320.793053112251,중랑구,37.573149,127.082568
20244,A,골목상권,3110253,중곡초등학교,CS300002,편의점,558467182,72578,7694.717159469812,중랑구,37.573149,127.082568
20244,A,골목상권,3110254,오거리공원,CS100001,한식음식점,558370534,13494,41379.17103898029,중랑구,37.57669,127.082991
20244,A,골목상권,3110254,오거리공원,CS100010,커피-음료,159512976,22793,6998.331768525424,중랑구,37.57669,127.082991
20244,A,골목상권,3110254,오거리공원,CS300001,슈퍼마켓,483064050,49231,9812.192520972558,중랑구,37.57669,127.082991
20244,A,골목상권,3110254,오거리공원,CS300002,편의점,725059352,103340,7016.250745113219,중랑구,37.57669,127.082991
20244,A,골목상권,3110255,상봉역 4번,CS100001,한식음식점,1518151181,38880,39047.09827674897,중랑구,37.593692,127.082783
20244,A,골목상권,3110255,상봉역 4번,CS100010,커피-음료,33357325,2609,12785.482943656574,중랑구,37.593692,127.082783
20244,A,골목상권,3110255,상봉역 4번,CS300001,슈퍼마켓,869828786,116437,7470.381287734998,중랑구,37.593692,127.082783
20244,A,골목상권,3110255,상봉역 4번,CS300002,편의점,1139703648,168261,6773.42728261451,중랑구,37.593692,127.082783
20244,A,골목상권,3110256,면목2동체육관,CS100001,한식음식점,1452687729,25384,57228.47971162937,중랑구,37.589872,127.082621
20244,A,골목상권,3110256,면목2동체육관,CS100010,커피-음료,2238816,59,37946.03389830508,중랑구,37.589872,127.082621
20244,A,골목상권,3110256,면목2동체육관,CS300001,슈퍼마켓,1451286977,189616,7653.821286178381,중랑구,37.589872,127.082621
20244,A,골목상권,3110257,상봉역 7번,CS100001,한식음식점,114705000,3518,32605.173393973848,중랑구,37.598699,127.085869
20244,A,골목상권,3110257,상봉역 7번,CS300002,편의점,247460576,35246,7020.954888497986,중랑구,37.598699,127.085869
20244,A,골목상권,3110258,면동초등학교,CS100001,한식음식점,432240958,9430,45836.79300106045,중랑구,37.586301,127.085843
20244,A,골목상권,3110258,면동초등학교,CS100010,커피-음료,25459235,5913,4305.637578217487,중랑구,37.586301,127.085843
20244,A,골목상권,3110258,면동초등학교,CS300001,슈퍼마켓,226103892,22205,10182.566629137582,중랑구,37.586301,127.085843
20244,A,골목상권,3110259,사가정역 1번,CS100001,한식음식점,2806046931,64417,43560.658382104106,중랑구,37.582265,127.086099
20244,A,골목상권,3110259,사가정역 1번,CS100010,커피-음료,23730664,3849,6165.410236425046,중랑구,37.582265,127.086099
20244,A,골목상권,3110259,사가정역 1번,CS300001,슈퍼마켓,277024037,42459,6524.506865446666,중랑구,37.582265,127.086099
20244,A,골목상권,3110260,면목역 3번,CS100001,한식음식점,1081450550,28697,37685.14304631146,중랑구,37.589581,127.086221
20244,A,골목상권,3110260,면목역 3번,CS100010,커피-음료,81000000,12126,6679.861454725384,중랑구,37.589581,127.086221
20244,A,골목상권,3110260,면목역 3번,CS300001,슈퍼마켓,273099426,45066,6059.988150712289,중랑구,37.589581,127.086221
20244,A,골목상권,3110261,사가정역 4번,CS100001,한식음식점,380931210,5175,73609.89565217392,중랑구,37.578101,127.088257
20244,A,골목상권,3110261,사가정역 4번,CS100010,커피-음료,137148068,30293,4527.384808371571,중랑구,37.578101,127.088257
20244,A,골목상권,3110261,사가정역 4번,CS300001,슈퍼마켓,265984626,24910,10677.825210758732,중랑구,37.578101,127.088257
20244,A,골목상권,3110261,사가정역 4번,CS300002,편의점,508332623,79678,6379.83662993549,중랑구,37.578101,127.088257
20244,A,골목상권,3110262,상봉역 3번,CS100001,한식음식점,6518086726,116081,56151.19378709694,중랑구,37.594381,127.088887
20244,A,골목상권,3110262,상봉역 3번,CS100010,커피-음료,78365303,3542,22124.591473743647,중랑구,37.594381,127.088887
20244,A,골목상권,3110262,상봉역 3번,CS300001,슈퍼마켓,441670424,43301,10200.00517309069,중랑구,37.594381,127.088887
20244,A,골목상권,3110262,상봉역 3번,CS300002,편의점,1363925455,178197,7654.0315212938485,중랑구,37.594381,127.088887
20244,A,골목상권,3110263,면목역 1번,CS100001,한식음식점,64058041,1189,53875.56013456686,중랑구,37.591786,127.089835
20244,A,골목상권,3110263,면목역 1번,CS100010,커피-음료,50889086,7630,6669.60498034076,중랑구,37.591786,127.089835
20244,A,골목상권,3110263,면목역 1번,CS300001,슈퍼마켓,1223160196,148154,8256.005210794174,중랑구,37.591786,127.089835
20244,A,골목상권,3110263,면목역 1번,CS300002,편의점,435173424,57269,7598.760655852207,중랑구,37.591786,127.089835
20244,A,골목상권,3110264,면목역 2번,CS100001,한식음식점,2221532690,76913,28883.708735844397,중랑구,37.587261,127.091596
20244,A,골목상권,3110264,면목역 2번,CS300001,슈퍼마켓,1461480442,163730,8926.161619739816,중랑구,37.587261,127.091596
20244,A,골목상권,3110264,면목역 2번,CS300002,편의점,1688848034,225584,7486.559481168877,중랑구,37.587261,127.091596
20244,A,골목상권,3110265,망우역 1번,CS100001,한식음식점,907065190,24043,37726.789086220524,중랑구,37.599352,127.092653
20244,A,골목상권,3110265,망우역 1번,CS100010,커피-음료,12000000,2476,4846.526655896608,중랑구,37.599352,127.092653
20244,A,골목상권,3110265,망우역 1번,CS300001,슈퍼마켓,157194235,471,333745.7218683652,중랑구,37.599352,127.092653
20244,A,골목상권,3110266,면목동우체국,CS100001,한식음식점,324362212,11436,28363.257432668765,중랑구,37.583171,127.091636
20244,A,골목상권,3110266,면목동우체국,CS100010,커피-음료,71828449,18114,3965.355470906481,중랑구,37.583171,127.091636
20244,A,골목상권,3110266,면목동우체국,CS300001,슈퍼마켓,762547967,85357,8933.631301474981,중랑구,37.583171,127.091636
20244,A,골목상권,3110267,망우역 2번,CS100001,한식음식점,166980407,4128,40450.67999031008,중랑구,37.600778,127.089416
20244,A,골목상권,3110267,망우역 2번,CS100010,커피-음료,96310760,14174,6794.8892338083815,중랑구,37.600778,127.089416
20244,A,골목상권,3110267,망우역 2번,CS300001,슈퍼마켓,250698433,21584,11615.012648257969,중랑구,37.600778,127.089416
20244,A,골목상권,3110267,망우역 2번,CS300002,편의점,264282795,45362,5826.083395793837,중랑구,37.600778,127.089416
20244,A,골목상권,3110268,망우3동주민센터,CS100001,한식음식점,458055091,10177,45008.85241230225,중랑구,37.591845,127.094444
20244,A,골목상권,3110268,망우3동주민센터,CS100010,커피-음료,27000000,6166,4378.851767758677,중랑구,37.591845,127.094444
20244,A,골목상권,3110268,망우3동주민센터,CS300001,슈퍼마켓,412271912,35600,11580.671685393258,중랑구,37.591845,127.094444
20244,A,골목상권,3110269,용마문화복지센터,CS100001,한식음식점,1126851940,35586,31665.59714494464,중랑구,37.588232,127.094949
20244,A,골목상권,3110269,용마문화복지센터,CS300001,슈퍼마켓,319669103,22591,14150.285644725776,중랑구,37.588232,127.094949
20244,A,골목상권,3110270,혜원여고,CS100001,한식음식점,494497691,9374,52752.04725837422,중랑구,37.59178,127.097297
20244,A,골목상권,3110270,혜원여고,CS100010,커피-음료,19691656,2049,9610.373840897999,중랑구,37.59178,127.097297
20244,A,골목상권,3110270,혜원여고,CS300001,슈퍼마켓,534207339,58660,9106.841783157177,중랑구,37.59178,127.097297
20244,A,골목상권,3110271,신내역 1번,CS100001,한식음식점,597075783,7055,84631.57802976613,중랑구,37.615555,127.098959
20244,A,골목상권,3110272,신내1동주민센터,CS100001,한식음식점,5210055645,115583,45076.31438014241,중랑구,37.606158,127.098426
20244,A,골목상권,3110272,신내1동주민센터,CS100010,커피-음료,889015255,118177,7522.74346954145,중랑구,37.606158,127.098426
20244,A,골목상권,3110272,신내1동주민센터,CS300001,슈퍼마켓,514659659,53280,9659.528134384384,중랑구,37.606158,127.098426
20244,A,골목상권,3110273,장스여성병원,CS100001,한식음식점,2019489747,83465,24195.647840412148,중랑구,37.600581,127.098735
20244,A,골목상권,3110273,장스여성병원,CS100010,커피-음료,26857005,5479,4901.80781164446,중랑구,37.600581,127.098735
20244,A,골목상권,3110273,장스여성병원,CS300001,슈퍼마켓,221896303,22255,9970.626960233656,중랑구,37.600581,127.098735
20244,A,골목상권,3110274,서일대학교,CS100001,한식음식점,716276100,37715,18991.809624817713,중랑구,37.589562,127.098755
20244,A,골목상권,3110274,서일대학교,CS100010,커피-음료,200592354,28549,7026.24799467582,중랑구,37.589562,127.098755
20244,A,골목상권,3110274,서일대학교,CS300001,슈퍼마켓,1418269922,173505,8174.230840609781,중랑구,37.589562,127.098755
20244,A,골목상권,3110274,서일대학교,CS300002,편의점,291677947,47335,6161.993176296609,중랑구,37.589562,127.098755
20244,A,골목상권,3110275,하나은행 망우동지점,CS100001,한식음식점,2575564211,47748,53940.77680740555,중랑구,37.598292,127.099729
20244,A,골목상권,3110275,하나은행 망우동지점,CS100010,커피-음료,35579289,7202,4940.1956400999725,중랑구,37.598292,127.099729
20244,A,골목상권,3110277,러스크서울병원,CS100001,한식음식점,1341109448,26308,50977.24828949369,중랑구,37.598875,127.102685
20244,A,골목상권,3110277,러스크서울병원,CS100010,커피-음료,67474915,7154,9431.7745317305,중랑구,37.598875,127.102685
20244,A,골목상권,3110277,러스크서울병원,CS300001,슈퍼마켓,941710081,120052,7844.184861559991,중랑구,37.598875,127.102685
20244,A,골목상권,3110277,러스크서울병원,CS300002,편의점,716691845,91337,7846.675991109846,중랑구,37.598875,127.102685
20244,A,골목상권,3110278,망우본동주민센터,CS100001,한식음식점,777569915,31908,24369.1210668171,중랑구,37.601505,127.103527
20244,A,골목상권,3110278,망우본동주민센터,CS100010,커피-음료,163854723,28043,5842.981243090968,중랑구,37.601505,127.103527
20244,A,골목상권,3110278,망우본동주민센터,CS300001,슈퍼마켓,769296932,101215,7600.621765548584,중랑구,37.601505,127.103527
20244,A,골목상권,3110278,망우본동주민센터,CS300002,편의점,420413472,68009,6181.7328882941965,중랑구,37.601505,127.103527
20244,A,골목상권,3110280,북정마을,CS100010,커피-음료,53884768,2799,19251.4355126831,성북구,37.593171,126.990194
20244,A,골목상권,3110282,국민대학교앞,CS100001,한식음식점,230461948,3261,70672.17049984667,성북구,37.607866,126.9988
20244,A,골목상권,3110282,국민대학교앞,CS300001,슈퍼마켓,269039730,38865,6922.416827479738,성북구,37.607866,126.9988
20244,A,골목상권,3110283,성북초등학교앞,CS100001,한식음식점,1363345162,33634,40534.731581138134,성북구,37.59273,126.999332
20244,A,골목상권,3110283,성북초등학교앞,CS100010,커피-음료,29308388,3064,9565.400783289817,성북구,37.59273,126.999332
20244,A,골목상권,3110284,정릉북한산국립공원입구,CS100001,한식음식점,203960096,5099,40000.01882722102,성북구,37.618597,126.999049
20244,A,골목상권,3110285,홍대부중,CS100001,한식음식점,242847714,6707,36208.09810645594,성북구,37.594189,127.001381
20244,A,골목상권,3110285,홍대부중,CS100010,커피-음료,113912654,9869,11542.471780322221,성북구,37.594189,127.001381
20244,A,골목상권,3110285,홍대부중,CS300002,편의점,83701820,12412,6743.620689655172,성북구,37.594189,127.001381
20244,A,골목상권,3110286,한성대입구역 5번,CS100001,한식음식점,294279739,8498,34629.29383384326,성북구,37.58981,127.003023
20244,A,골목상권,3110286,한성대입구역 5번,CS100010,커피-음료,240572668,18062,13319.27073413797,성북구,37.58981,127.003023
20244,A,골목상권,3110286,한성대입구역 5번,CS300001,슈퍼마켓,1712034206,59032,29001.799125897818,성북구,37.58981,127.003023
20244,A,골목상권,3110286,한성대입구역 5번,CS300002,편의점,287250600,46796,6138.357979314472,성북구,37.58981,127.003023
20244,A,골목상권,3110287,정릉3동주민센터,CS100001,한식음식점,571447567,12559,45501.04044908034,성북구,37.609344,127.003647
20244,A,골목상권,3110287,정릉3동주민센터,CS100010,커피-음료,27161591,2334,11637.356898029135,성북구,37.609344,127.003647
20244,A,골목상권,3110287,정릉3동주민센터,CS300001,슈퍼마켓,131731276,20047,6571.12166408939,성북구,37.609344,127.003647
20244,A,골목상권,3110288,동구여중,CS100001,한식음식점,2100795797,39803,52779.83561540587,성북구,37.591117,127.005299
20244,A,골목상권,3110288,동구여중,CS100010,커피-음료,74711778,5976,12501.970883534137,성북구,37.591117,127.005299
20244,A,골목상권,3110289,북한산보국문역 2번,CS100001,한식음식점,189453378,6227,30424.502649751084,성북구,37.608947,127.006942
20244,A,골목상권,3110289,북한산보국문역 2번,CS300001,슈퍼마켓,409159283,39369,10392.930554497194,성북구,37.608947,127.006942
20244,A,골목상권,3110289,북한산보국문역 2번,CS300002,편의점,323187614,44638,7240.19028630315,성북구,37.608947,127.006942
20244,A,골목상권,3110290,북한산보국문역 1번,CS100001,한식음식점,96799516,2156,44897.73469387755,성북구,37.613398,127.009027
20244,A,골목상권,3110291,한성대입구역 3번,CS100001,한식음식점,568558762,17505,32479.792173664668,성북구,37.585666,127.009952
20244,A,골목상권,3110291,한성대입구역 3번,CS100010,커피-음료,39675606,7297,5437.249006441003,성북구,37.585666,127.009952
20244,A,골목상권,3110291,한성대입구역 3번,CS300001,슈퍼마켓,2087349839,179863,11605.220856985594,성북구,37.585666,127.009952
20244,A,골목상권,3110292,정릉역 2번,CS100001,한식음식점,889545351,12565,70795.49152407481,성북구,37.604208,127.011291
20244,A,골목상권,3110293,삼선중학교,CS100001,한식음식점,715615589,28901,24760.928306978996,성북구,37.591342,127.010406
20244,A,골목상권,3110293,삼선중학교,CS100010,커피-음료,144286520,35096,4111.195577843629,성북구,37.591342,127.010406
20244,A,골목상권,3110293,삼선중학교,CS300002,편의점,418363628,69058,6058.1486286889285,성북구,37.591342,127.010406
20244,A,골목상권,3110294,서경대학교,CS100001,한식음식점,1800511019,70697,25467.997496357697,성북구,37.61092,127.012277
20244,A,골목상권,3110294,서경대학교,CS100010,커피-음료,139401144,25328,5503.835439039798,성북구,37.61092,127.012277
20244,A,골목상권,3110295,정릉우체국,CS100001,한식음식점,919429845,32652,28158.45415288497,성북구,37.606911,127.012424
20244,A,골목상권,3110295,정릉우체국,CS100010,커피-음료,141013346,20129,7005.48194147747,성북구,37.606911,127.012424
20244,A,골목상권,3110295,정릉우체국,CS300001,슈퍼마켓,195081335,26651,7319.850474653859,성북구,37.606911,127.012424
20244,A,골목상권,3110295,정릉우체국,CS300002,편의점,123673151,20276,6099.484661668968,성북구,37.606911,127.012424
20244,A,골목상권,3110296,성신여대입구역 4번,CS100001,한식음식점,404590870,17687,22875.04212133205,성북구,37.593702,127.014935
20244,A,골목상권,3110296,성신여대입구역 4번,CS100010,커피-음료,1466076794,175818,8338.60465936366,성북구,37.593702,127.014935
20244,A,골목상권,3110296,성신여대입구역 4번,CS300001,슈퍼마켓,178945431,6659,26872.71827601742,성북구,37.593702,127.014935
20244,A,골목상권,3110297,경동고등학교,CS100001,한식음식점,813937521,12948,62862.026645041704,성북구,37.588206,127.014198
20244,A,골목상권,3110297,경동고등학교,CS100010,커피-음료,8302180,990,8386.040404040405,성북구,37.588206,127.014198
20244,A,골목상권,3110297,경동고등학교,CS300002,편의점,958542514,134228,7141.151726912418,성북구,37.588206,127.014198
20244,A,골목상권,3110299,정릉역 1번,CS100001,한식음식점,1600946587,37084,43170.817252723544,성북구,37.6019,127.017983
20244,A,골목상권,3110299,정릉역 1번,CS100010,커피-음료,85052558,14402,5905.607415636717,성북구,37.6019,127.017983
20244,A,골목상권,3110299,정릉역 1번,CS300001,슈퍼마켓,605785969,83960,7215.173523106241,성북구,37.6019,127.017983
20244,A,골목상권,3110299,정릉역 1번,CS300002,편의점,448803331,56989,7875.262436610574,성북구,37.6019,127.017983
20244,A,골목상권,3110300,삼선동주민센터,CS100001,한식음식점,2013074016,53883,37360.09531763265,성북구,37.589277,127.019565
20244,A,골목상권,3110300,삼선동주민센터,CS100010,커피-음료,912457603,219506,4156.868618625459,성북구,37.589277,127.019565
20244,A,골목상권,3110300,삼선동주민센터,CS300001,슈퍼마켓,141269472,13438,10512.685816341718,성북구,37.589277,127.019565
20244,A,골목상권,3110301,성신여대입구역 7번,CS100001,한식음식점,975451157,38030,25649.51767026032,성북구,37.595855,127.018367
20244,A,골목상권,3110301,성신여대입구역 7번,CS100010,커피-음료,11777599,1434,8213.109483960949,성북구,37.595855,127.018367
20244,A,골목상권,3110301,성신여대입구역 7번,CS300001,슈퍼마켓,756323235,95332,7933.57146603449,성북구,37.595855,127.018367
20244,A,골목상권,3110302,보문역 8번,CS100001,한식음식점,329898790,11976,27546.659151636606,성북구,37.583565,127.019235
20244,A,골목상권,3110302,보문역 8번,CS100010,커피-음료,99758383,9588,10404.503858990405,성북구,37.583565,127.019235
20244,A,골목상권,3110302,보문역 8번,CS300001,슈퍼마켓,19535997,1597,12232.934877896056,성북구,37.583565,127.019235
20244,A,골목상권,3110303,성신여대입구역 1번,CS100001,한식음식점,347607118,10228,33985.83476730544,성북구,37.594151,127.021106
20244,A,골목상권,3110303,성신여대입구역 1번,CS100010,커피-음료,62126952,7689,8079.97815060476,성북구,37.594151,127.021106
20244,A,골목상권,3110303,성신여대입구역 1번,CS300002,편의점,333342253,48830,6826.587200491501,성북구,37.594151,127.021106
20244,A,골목상권,3110304,보문역 4번,CS100001,한식음식점,422650999,14796,28565.220262233037,성북구,37.586916,127.02098
20244,A,골목상권,3110304,보문역 4번,CS100010,커피-음료,89919063,15544,5784.808479155944,성북구,37.586916,127.02098
20244,A,골목상권,3110304,보문역 4번,CS300002,편의점,1403793891,227830,6161.5849141904055,성북구,37.586916,127.02098
20244,A,골목상권,3110305,보문역 5번,CS100001,한식음식점,829263507,16486,50301.074062841195,성북구,37.584402,127.022145
20244,A,골목상권,3110305,보문역 5번,CS100010,커피-음료,19705282,1982,9942.12008072654,성북구,37.584402,127.022145
20244,A,골목상권,3110305,보문역 5번,CS300001,슈퍼마켓,1770704003,124196,14257.335204032335,성북구,37.584402,127.022145
20244,A,골목상권,3110306,미아초등학교,CS100010,커피-음료,49853746,5031,9909.311468892864,성북구,37.608531,127.022549
20244,A,골목상권,3110307,길음역 7번,CS100001,한식음식점,362686559,9803,36997.50678363766,성북구,37.604152,127.023148
20244,A,골목상권,3110307,길음역 7번,CS300001,슈퍼마켓,42000000,1908,22012.578616352203,성북구,37.604152,127.023148
20244,A,골목상권,3110308,길음역 8번,CS100001,한식음식점,332664321,13792,24120.092879930395,성북구,37.607269,127.024417
20244,A,골목상권,3110308,길음역 8번,CS100010,커피-음료,129284618,18407,7023.6658879773995,성북구,37.607269,127.024417
20244,A,골목상권,3110308,길음역 8번,CS300001,슈퍼마켓,1030877507,151912,6786.017608878825,성북구,37.607269,127.024417
20244,A,골목상권,3110309,대광초등학교,CS100010,커피-음료,80519080,5866,13726.403000340948,성북구,37.580978,127.024612
20244,A,골목상권,3110312,안암역 2번,CS100001,한식음식점,3296396200,179923,18321.149602885678,성북구,37.58869,127.029087
20244,A,골목상권,3110312,안암역 2번,CS100010,커피-음료,1215098786,217320,5591.288358181483,성북구,37.58869,127.029087
20244,A,골목상권,3110312,안암역 2번,CS300001,슈퍼마켓,676083588,109289,6186.199782228769,성북구,37.58869,127.029087
20244,A,골목상권,3110312,안암역 2번,CS300002,편의점,330514098,71349,4632.357818609931,성북구,37.58869,127.029087
20244,A,골목상권,3110313,안암역 3번,CS100001,한식음식점,5321672985,169395,31415.761887895158,성북구,37.583986,127.029697
20244,A,골목상권,3110313,안암역 3번,CS100010,커피-음료,733300967,127708,5742.012771322078,성북구,37.583986,127.029697
20244,A,골목상권,3110313,안암역 3번,CS300001,슈퍼마켓,149305099,21710,6877.250069092584,성북구,37.583986,127.029697
20244,A,골목상권,3110313,안암역 3번,CS300002,편의점,669699646,115317,5807.466774196346,성북구,37.583986,127.029697
20244,A,골목상권,3110314,종암경찰서,CS100001,한식음식점,3636202862,72139,50405.506896408326,성북구,37.601141,127.032387
20244,A,골목상권,3110314,종암경찰서,CS100010,커피-음료,354623317,61691,5748.380104067044,성북구,37.601141,127.032387
20244,A,골목상권,3110314,종암경찰서,CS300001,슈퍼마켓,24000000,1352,17751.479289940828,성북구,37.601141,127.032387
20244,A,골목상권,3110315,종암아이파크2차,CS100001,한식음식점,295009463,7144,41294.71766517357,성북구,37.597329,127.033597
20244,A,골목상권,3110315,종암아이파크2차,CS100010,커피-음료,59812037,12503,4783.814844437335,성북구,37.597329,127.033597
20244,A,골목상권,3110315,종암아이파크2차,CS300001,슈퍼마켓,188825665,16303,11582.264920566768,성북구,37.597329,127.033597
20244,A,골목상권,3110316,숭곡초등학교,CS100001,한식음식점,1267796801,32476,39037.96037073531,성북구,37.60815,127.034384
20244,A,골목상권,3110316,숭곡초등학교,CS100010,커피-음료,388844101,52319,7432.177621896443,성북구,37.60815,127.034384
20244,A,골목상권,3110316,숭곡초등학교,CS300001,슈퍼마켓,734079674,71326,10291.894596640775,성북구,37.60815,127.034384
20244,A,골목상권,3110317,종암중학교,CS100001,한식음식점,1872510603,81421,22997.882646982966,성북구,37.593274,127.034162
20244,A,골목상권,3110317,종암중학교,CS100010,커피-음료,341657477,52668,6487.003056884636,성북구,37.593274,127.034162
20244,A,골목상권,3110317,종암중학교,CS300001,슈퍼마켓,234392524,24001,9765.94825215616,성북구,37.593274,127.034162
20244,A,골목상권,3110317,종암중학교,CS300002,편의점,659201777,116180,5673.969504217594,성북구,37.593274,127.034162
20244,A,골목상권,3110318,KT월곡지사,CS100001,한식음식점,832057489,14054,59204.31827237797,성북구,37.603663,127.034993
20244,A,골목상권,3110318,KT월곡지사,CS300001,슈퍼마켓,1338398890,194178,6892.639176425753,성북구,37.603663,127.034993
20244,A,골목상권,3110318,KT월곡지사,CS300002,편의점,258043422,37908,6807.09670781893,성북구,37.603663,127.034993
20244,A,골목상권,3110319,종암동주민센터,CS100001,한식음식점,1386993257,39814,34836.82265032401,성북구,37.599238,127.035954
20244,A,골목상권,3110319,종암동주민센터,CS100010,커피-음료,21000000,2146,9785.647716682199,성북구,37.599238,127.035954
20244,A,골목상권,3110319,종암동주민센터,CS300001,슈퍼마켓,829526668,53728,15439.373659916617,성북구,37.599238,127.035954
20244,A,골목상권,3110320,KB국민은행 종암동지점,CS100001,한식음식점,454266997,18777,24192.735634020344,성북구,37.594931,127.036948
20244,A,골목상권,3110320,KB국민은행 종암동지점,CS300001,슈퍼마켓,771000000,107328,7183.586762075134,성북구,37.594931,127.036948
20244,A,골목상권,3110322,장위1동주민센터,CS100001,한식음식점,252642151,7476,33793.7601658641,성북구,37.615193,127.041794
20244,A,골목상권,3110322,장위1동주민센터,CS300001,슈퍼마켓,342053208,46948,7285.788702394138,성북구,37.615193,127.041794
20244,A,골목상권,3110323,상월곡역 1번,CS100001,한식음식점,883655260,23135,38195.60233412578,성북구,37.605822,127.044654
20244,A,골목상권,3110323,상월곡역 1번,CS100010,커피-음료,197879019,23501,8420.025488277095,성북구,37.605822,127.044654
20244,A,골목상권,3110325,장곡초등학교,CS100001,한식음식점,738100994,24831,29724.980629052396,성북구,37.616903,127.046043
20244,A,골목상권,3110325,장곡초등학교,CS100010,커피-음료,12985427,1362,9534.087371512482,성북구,37.616903,127.046043
20244,A,골목상권,3110325,장곡초등학교,CS300001,슈퍼마켓,596247104,88301,6752.4388625270385,성북구,37.616903,127.046043
20244,A,골목상권,3110325,장곡초등학교,CS300002,편의점,446788759,58395,7651.147512629506,성북구,37.616903,127.046043
20244,A,골목상권,3110327,상월곡역 2번,CS100001,한식음식점,1088444930,29861,36450.38444794213,성북구,37.608739,127.049877
20244,A,골목상권,3110327,상월곡역 2번,CS100010,커피-음료,95419544,21526,4432.757781287745,성북구,37.608739,127.049877
20244,A,골목상권,3110327,상월곡역 2번,CS300001,슈퍼마켓,1685500056,120600,13975.954029850745,성북구,37.608739,127.049877
20244,A,골목상권,3110328,상월곡역 3번,CS100001,한식음식점,223243955,4689,47610.141821283854,성북구,37.606405,127.050895
20244,A,골목상권,3110328,상월곡역 3번,CS100010,커피-음료,35818003,5579,6420.14751747625,성북구,37.606405,127.050895
20244,A,골목상권,3110328,상월곡역 3번,CS300002,편의점,415822054,54749,7595.062083325723,성북구,37.606405,127.050895
20244,A,골목상권,3110329,우리은행체육관,CS100001,한식음식점,675727002,15637,43213.34028266292,성북구,37.616279,127.053167
20244,A,골목상권,3110329,우리은행체육관,CS300001,슈퍼마켓,144398734,16551,8724.47187481119,성북구,37.616279,127.053167
20244,A,골목상권,3110330,돌곶이역 1번,CS100001,한식음식점,1586078905,10471,151473.48916053862,성북구,37.610629,127.054193
20244,A,골목상권,3110330,돌곶이역 1번,CS100010,커피-음료,35960065,5655,6358.985853227233,성북구,37.610629,127.054193
20244,A,골목상권,3110331,돌곶이역 8번,CS100001,한식음식점,1389799488,47001,29569.572732495053,성북구,37.608402,127.057431
20244,A,골목상권,3110331,돌곶이역 8번,CS100010,커피-음료,229213172,25045,9152.053184268318,성북구,37.608402,127.057431
20244,A,골목상권,3110331,돌곶이역 8번,CS300001,슈퍼마켓,237333754,30287,7836.159210222208,성북구,37.608402,127.057431
20244,A,골목상권,3110332,돌곶이역 3번,CS100001,한식음식점,757664235,20307,37310.49564189688,성북구,37.612438,127.058669
20244,A,골목상권,3110332,돌곶이역 3번,CS300001,슈퍼마켓,57739046,5577,10353.06544737314,성북구,37.612438,127.058669
20244,A,골목상권,3110333,돌곶이역 5번,CS100001,한식음식점,1424355556,33530,42480.03447658813,성북구,37.609473,127.059289
20244,A,골목상권,3110333,돌곶이역 5번,CS100010,커피-음료,44416295,6897,6439.944178628389,성북구,37.609473,127.059289
20244,A,골목상권,3110334,석관중앙교회,CS100001,한식음식점,692460372,23283,29741.028733410643,성북구,37.608039,127.06255
20244,A,골목상권,3110334,석관중앙교회,CS300001,슈퍼마켓,65023,13,,성북구,37.608039,127.06255
20244,A,골목상권,3110335,석계역 7번,CS100001,한식음식점,10647282738,160539,66322.09455646292,성북구,37.61285,127.063935
20244,A,골목상권,3110335,석계역 7번,CS100010,커피-음료,521036514,66199,7870.761099110258,성북구,37.61285,127.063935
20244,A,골목상권,3110335,석계역 7번,CS300001,슈퍼마켓,113938146,11548,9866.483027364045,성북구,37.61285,127.063935
20244,A,골목상권,3110335,석계역 7번,CS300002,편의점,1299134873,187527,6927.72173073744,성북구,37.61285,127.063935
20244,A,골목상권,3110336,석관고등학교,CS100001,한식음식점,341312156,13588,25118.645569620254,성북구,37.610047,127.06476
20244,A,골목상권,3110337,아카데미하우스,CS100001,한식음식점,1621593386,36974,43857.667171525936,강북구,37.644897,127.007082
20244,A,골목상권,3110337,아카데미하우스,CS100010,커피-음료,630480842,50179,12564.635445106518,강북구,37.644897,127.007082
20244,A,골목상권,3110339,국립4.19민주묘지,CS100001,한식음식점,892819432,18068,49414.40292229356,강북구,37.647554,127.010277
20244,A,골목상권,3110340,인수중학교,CS100001,한식음식점,10676767,377,28320.336870026524,강북구,37.644302,127.008963
20244,A,골목상권,3110341,북한산우이역 2번,CS100001,한식음식점,2298109417,46289,49646.987772472945,강북구,37.661889,127.009463
20244,A,골목상권,3110341,북한산우이역 2번,CS100010,커피-음료,18914656,2118,8930.432483474977,강북구,37.661889,127.009463
20244,A,골목상권,3110341,북한산우이역 2번,CS300001,슈퍼마켓,327996973,37823,8671.892049810962,강북구,37.661889,127.009463
20244,A,골목상권,3110341,북한산우이역 2번,CS300002,편의점,579301547,104581,5539.261883133648,강북구,37.661889,127.009463
20244,A,골목상권,3110342,국립재활원,CS300002,편의점,125198734,16194,7731.180313696431,강북구,37.637067,127.012213
20244,A,골목상권,3110343,무너미어린이공원,CS100001,한식음식점,17709980,655,27038.137404580153,강북구,37.644878,127.011943
20244,A,골목상권,3110343,무너미어린이공원,CS100010,커피-음료,2863781,414,6917.34541062802,강북구,37.644878,127.011943
20244,A,골목상권,3110343,무너미어린이공원,CS300001,슈퍼마켓,60192454,5716,10530.520293911826,강북구,37.644878,127.011943
20244,A,골목상권,3110343,무너미어린이공원,CS300002,편의점,63669048,10865,5860.013621721123,강북구,37.644878,127.011943
20244,A,골목상권,3110344,화계중학교,CS100001,한식음식점,73202629,1312,55794.68673780488,강북구,37.632805,127.012496
20244,A,골목상권,3110344,화계중학교,CS100010,커피-음료,27000000,531,50847.457627118645,강북구,37.632805,127.012496
20244,A,골목상권,3110345,솔밭공원역 2번,CS100001,한식음식점,1056990302,39010,27095.367905665214,강북구,37.657294,127.012613
20244,A,골목상권,3110345,솔밭공원역 2번,CS100010,커피-음료,11353500,1633,6952.5413349663195,강북구,37.657294,127.012613
20244,A,골목상권,3110345,솔밭공원역 2번,CS300001,슈퍼마켓,850962649,86017,9892.958938349397,강북구,37.657294,127.012613
20244,A,골목상권,3110346,4.19민주묘지역 2번,CS100001,한식음식점,1677640702,48216,34794.2737265638,강북구,37.649437,127.012601
20244,A,골목상권,3110346,4.19민주묘지역 2번,CS100010,커피-음료,377189916,47217,7988.434589236927,강북구,37.649437,127.012601
20244,A,골목상권,3110346,4.19민주묘지역 2번,CS300002,편의점,246642187,36570,6744.38575334974,강북구,37.649437,127.012601
20244,A,골목상권,3110348,강북문화예술회관,CS100001,한식음식점,511313081,11085,46126.574740640506,강북구,37.642166,127.014673
20244,A,골목상권,3110348,강북문화예술회관,CS100010,커피-음료,49692868,10893,4561.9083815294225,강북구,37.642166,127.014673
20244,A,골목상권,3110348,강북문화예술회관,CS300001,슈퍼마켓,299317193,22054,13572.013829690759,강북구,37.642166,127.014673
20244,A,골목상권,3110348,강북문화예술회관,CS300002,편의점,150185780,21226,7075.5573353434465,강북구,37.642166,127.014673
20244,A,골목상권,3110349,화계역 2번,CS300001,슈퍼마켓,121113179,14093,8593.853615269993,강북구,37.633219,127.014705
20244,A,골목상권,3110350,가오리역 2번,CS100001,한식음식점,643433848,13673,47058.7177649382,강북구,37.639472,127.015216
20244,A,골목상권,3110350,가오리역 2번,CS100010,커피-음료,124980461,13803,9054.586756502209,강북구,37.639472,127.015216
20244,A,골목상권,3110350,가오리역 2번,CS300001,슈퍼마켓,104892389,13615,7704.178406169666,강북구,37.639472,127.015216
20244,A,골목상권,3110351,수유북부시장옆,CS100001,한식음식점,232544381,6522,35655.378871511806,강북구,37.636273,127.015578
20244,A,골목상권,3110352,수유1동주민센터,CS100001,한식음식점,318430623,7850,40564.41057324841,강북구,37.630129,127.016109
20244,A,골목상권,3110352,수유1동주민센터,CS300001,슈퍼마켓,1042501504,72411,14397.004653989035,강북구,37.630129,127.016109
20244,A,골목상권,3110352,수유1동주민센터,CS300002,편의점,327316550,41027,7978.07663246155,강북구,37.630129,127.016109
20244,A,골목상권,3110353,수유동우체국,CS100001,한식음식점,1055028531,23099,45674.2080176631,강북구,37.64622,127.016192
20244,A,골목상권,3110353,수유동우체국,CS300002,편의점,36000000,4126,8725.15753756665,강북구,37.64622,127.016192
20244,A,골목상권,3110354,삼각산119안전센터,CS100001,한식음식점,414834202,10836,38282.96437799926,강북구,37.61992,127.016911
20244,A,골목상권,3110354,삼각산119안전센터,CS100010,커피-음료,59121126,10900,5423.956513761468,강북구,37.61992,127.016911
20244,A,골목상권,3110355,삼양사거리역 2번,CS100001,한식음식점,225857709,7687,29381.77559516066,강북구,37.621596,127.018158
20244,A,골목상권,3110355,삼양사거리역 2번,CS100010,커피-음료,23363177,2791,8370.898244356862,강북구,37.621596,127.018158
20244,A,골목상권,3110355,삼양사거리역 2번,CS300001,슈퍼마켓,513000000,69611,7369.5249314045195,강북구,37.621596,127.018158
20244,A,골목상권,3110356,덕수교,CS100001,한식음식점,696285699,15131,46017.163373207324,강북구,37.648211,127.018232
20244,A,골목상권,3110356,덕수교,CS300001,슈퍼마켓,107653462,4202,25619.57686815802,강북구,37.648211,127.018232
20244,A,골목상권,3110357,가오리역 1번,CS100001,한식음식점,324298179,12620,25697.161568938194,강북구,37.643418,127.017823
20244,A,골목상권,3110357,가오리역 1번,CS100010,커피-음료,272641,5,,강북구,37.643418,127.017823
20244,A,골목상권,3110358,인수동 우편취급국,CS100001,한식음식점,121407340,3831,31690.7700339337,강북구,37.635894,127.019294
20244,A,골목상권,3110358,인수동 우편취급국,CS100010,커피-음료,7899893,1151,6863.503909643788,강북구,37.635894,127.019294
20244,A,골목상권,3110358,인수동 우편취급국,CS300001,슈퍼마켓,62708273,6818,9197.458638897037,강북구,37.635894,127.019294
20244,A,골목상권,3110359,수유시장옆,CS100001,한식음식점,693764896,10540,65822.0963946869,강북구,37.638814,127.019975
20244,A,골목상권,3110359,수유시장옆,CS100010,커피-음료,1059013,205,5165.917073170732,강북구,37.638814,127.019975
20244,A,골목상권,3110359,수유시장옆,CS300001,슈퍼마켓,848097198,110799,7654.375923970433,강북구,37.638814,127.019975
20244,A,골목상권,3110360,수유초등학교,CS100001,한식음식점,1616367881,50385,32080.33900962588,강북구,37.632507,127.020279
20244,A,골목상권,3110360,수유초등학교,CS100010,커피-음료,23910560,1095,21836.12785388128,강북구,37.632507,127.020279
20244,A,골목상권,3110360,수유초등학교,CS300001,슈퍼마켓,280987332,29554,9507.590579955337,강북구,37.632507,127.020279
20244,A,골목상권,3110360,수유초등학교,CS300002,편의점,582270335,78749,7394.002907973435,강북구,37.632507,127.020279
20244,A,골목상권,3110361,삼양사거리역 1번,CS100001,한식음식점,62832852,878,71563.61275626424,강북구,37.620857,127.021952
20244,A,골목상권,3110361,삼양사거리역 1번,CS300001,슈퍼마켓,255631196,30844,8287.874335365063,강북구,37.620857,127.021952
20244,A,골목상권,3110361,삼양사거리역 1번,CS300002,편의점,140187571,18712,7491.853943993159,강북구,37.620857,127.021952
20244,A,골목상권,3110362,우이천 계성교,CS100001,한식음식점,727996608,21463,33918.679029026694,강북구,37.646318,127.022254
20244,A,골목상권,3110362,우이천 계성교,CS100010,커피-음료,12953643,1953,6632.689708141321,강북구,37.646318,127.022254
20244,A,골목상권,3110362,우이천 계성교,CS300001,슈퍼마켓,160783986,16327,9847.736020089422,강북구,37.646318,127.022254
20244,A,골목상권,3110362,우이천 계성교,CS300002,편의점,737229319,99551,7405.544082932366,강북구,37.646318,127.022254
20244,A,골목상권,3110363,송천동주민센터,CS100001,한식음식점,49068167,1041,47135.60710854947,강북구,37.618045,127.022744
20244,A,골목상권,3110364,미아역 8번,CS100001,한식음식점,479609588,9628,49814.04113003739,강북구,37.627289,127.022985
20244,A,골목상권,3110364,미아역 8번,CS100010,커피-음료,678435,100,6784.35,강북구,37.627289,127.022985
20244,A,골목상권,3110364,미아역 8번,CS300001,슈퍼마켓,478659978,56124,8528.614817190506,강북구,37.627289,127.022985
20244,A,골목상권,3110364,미아역 8번,CS300002,편의점,432770528,67023,6457.045014398042,강북구,37.627289,127.022985
20244,A,골목상권,3110365,미아역 5번,CS100001,한식음식점,780893685,16811,46451.35238831717,강북구,37.623703,127.023324
20244,A,골목상권,3110365,미아역 5번,CS300001,슈퍼마켓,145635440,14640,9947.775956284153,강북구,37.623703,127.023324
20244,A,골목상권,3110365,미아역 5번,CS300002,편의점,507675646,72163,7035.123900059587,강북구,37.623703,127.023324
20244,A,골목상권,3110366,광산사거리,CS100001,한식음식점,846366771,23110,36623.39987018607,강북구,37.643588,127.02444
20244,A,골목상권,3110367,강북구청,CS100001,한식음식점,1670598272,25614,65222.07667681736,강북구,37.640759,127.02385
20244,A,골목상권,3110367,강북구청,CS100010,커피-음료,81774701,13381,6111.254838950751,강북구,37.640759,127.02385
20244,A,골목상권,3110367,강북구청,CS300002,편의점,375490421,52127,7203.376772114259,강북구,37.640759,127.02385
20244,A,골목상권,3110368,송천초등학교,CS100001,한식음식점,196926728,4346,45312.178554993094,강북구,37.614675,127.024227
20244,A,골목상권,3110368,송천초등학교,CS300001,슈퍼마켓,44537833,5402,8244.693261754906,강북구,37.614675,127.024227
20244,A,골목상권,3110369,성신여대운정그린캠퍼스,CS100001,한식음식점,2109745602,51695,40811.40539704033,강북구,37.633154,127.025796
20244,A,골목상권,3110369,성신여대운정그린캠퍼스,CS100010,커피-음료,94088043,17427,5398.981063866414,강북구,37.633154,127.025796
20244,A,골목상권,3110369,성신여대운정그린캠퍼스,CS300001,슈퍼마켓,318389314,37676,8450.719662384541,강북구,37.633154,127.025796
20244,A,골목상권,3110369,성신여대운정그린캠퍼스,CS300002,편의점,465302054,79716,5836.997014401124,강북구,37.633154,127.025796
20244,A,골목상권,3110370,도봉세무서,CS100001,한식음식점,1010686108,20454,49412.63850591571,강북구,37.618666,127.026969
20244,A,골목상권,3110370,도봉세무서,CS100010,커피-음료,15368095,1625,9457.289230769231,강북구,37.618666,127.026969
20244,A,골목상권,3110370,도봉세무서,CS300001,슈퍼마켓,355549708,51356,6923.235999688449,강북구,37.618666,127.026969
20244,A,골목상권,3110370,도봉세무서,CS300002,편의점,329424604,45711,7206.6811927107265,강북구,37.618666,127.026969
20244,A,골목상권,3110371,삼양입구사거리,CS100001,한식음식점,1310626350,30509,42958.679406076895,강북구,37.616431,127.027761
20244,A,골목상권,3110371,삼양입구사거리,CS100010,커피-음료,9100733,985,9239.322842639594,강북구,37.616431,127.027761
20244,A,골목상권,3110372,강북중학교,CS100001,한식음식점,797983808,23821,33499.1733344528,강북구,37.643191,127.028395
20244,A,골목상권,3110372,강북중학교,CS100010,커피-음료,68811811,4823,14267.42919344806,강북구,37.643191,127.028395
20244,A,골목상권,3110372,강북중학교,CS300001,슈퍼마켓,314166574,34456,9117.906141165544,강북구,37.643191,127.028395
20244,A,골목상권,3110372,강북중학교,CS300002,편의점,135194308,20223,6685.17569104485,강북구,37.643191,127.028395
20244,A,골목상권,3110373,수유역 2번,CS100001,한식음식점,811120887,24384,33264.472071850396,강북구,37.636911,127.028709
20244,A,골목상권,3110374,송중초등학교,CS100001,한식음식점,353169220,11310,31226.27939876216,강북구,37.619827,127.030708
20244,A,골목상권,3110374,송중초등학교,CS100010,커피-음료,36901384,4452,8288.720575022462,강북구,37.619827,127.030708
20244,A,골목상권,3110374,송중초등학교,CS300001,슈퍼마켓,310191248,26648,11640.320024016812,강북구,37.619827,127.030708
20244,A,골목상권,3110375,서울북부고용노동지청,CS100001,한식음식점,703711227,19125,36795.3582745098,강북구,37.634405,127.031688
20244,A,골목상권,3110375,서울북부고용노동지청,CS100010,커피-음료,41854716,5466,7657.284302963776,강북구,37.634405,127.031688
20244,A,골목상권,3110376,수송초등학교,CS100001,한식음식점,861022092,20157,42715.785682393216,강북구,37.639397,127.03143
20244,A,골목상권,3110376,수송초등학교,CS100010,커피-음료,76173744,8154,9341.88668138337,강북구,37.639397,127.03143
20244,A,골목상권,3110376,수송초등학교,CS300001,슈퍼마켓,935133201,106034,8819.182535790407,강북구,37.639397,127.03143
20244,A,골목상권,3110376,수송초등학교,CS300002,편의점,671143747,94514,7100.9982330660005,강북구,37.639397,127.03143
20244,A,골목상권,3110377,미아사거리역 3번,CS100001,한식음식점,1197479711,23633,50669.81386197267,강북구,37.611358,127.033253
20244,A,골목상권,3110377,미아사거리역 3번,CS100010,커피-음료,23865926,1589,15019.462555066078,강북구,37.611358,127.033253
20244,A,골목상권,3110378,송중동주민센터,CS100001,한식음식점,449264637,17560,25584.5465261959,강북구,37.614655,127.034568
20244,A,골목상권,3110378,송중동주민센터,CS100010,커피-음료,14053465,1974,7119.2831813576495,강북구,37.614655,127.034568
20244,A,골목상권,3110378,송중동주민센터,CS300001,슈퍼마켓,740505364,56090,13202.092422891781,강북구,37.614655,127.034568
20244,A,골목상권,3110379,KT&G 북부지사,CS100001,한식음식점,49111797,511,96109.19178082192,강북구,37.635341,127.035631
20244,A,골목상권,3110381,번동주공2단지,CS100001,한식음식점,519970798,19828,26224.066875126086,강북구,37.628022,127.044316
20244,A,골목상권,3110382,솔밭공원역 1번,CS100001,한식음식점,196409488,4184,46942.99426386233,도봉구,37.655861,127.013939
20244,A,골목상권,3110382,솔밭공원역 1번,CS300001,슈퍼마켓,420099173,52501,8001.736595493419,도봉구,37.655861,127.013939
20244,A,골목상권,3110383,덕성여대시반거리,CS100001,한식음식점,233843376,13715,17050.191469194313,도봉구,37.651419,127.013768
20244,A,골목상권,3110383,덕성여대시반거리,CS100010,커피-음료,207119423,53891,3843.3026479375035,도봉구,37.651419,127.013768
20244,A,골목상권,3110383,덕성여대시반거리,CS300002,편의점,666373340,110302,6041.353193958405,도봉구,37.651419,127.013768
20244,A,골목상권,3110386,연산군묘,CS100001,한식음식점,352648905,8374,42112.360281824695,도봉구,37.660941,127.023834
20244,A,골목상권,3110386,연산군묘,CS300001,슈퍼마켓,398397924,25754,15469.36103129611,도봉구,37.660941,127.023834
20244,A,골목상권,3110387,쌍문초등학교,CS100001,한식음식점,208170373,5541,37569.098177224325,도봉구,37.650408,127.024465
20244,A,골목상권,3110387,쌍문초등학교,CS100010,커피-음료,23481243,2548,9215.55847723705,도봉구,37.650408,127.024465
20244,A,골목상권,3110387,쌍문초등학교,CS300001,슈퍼마켓,922888726,65120,14172.12417076167,도봉구,37.650408,127.024465
20244,A,골목상권,3110387,쌍문초등학교,CS300002,편의점,783701792,97209,8062.0291536791865,도봉구,37.650408,127.024465
20244,A,골목상권,3110388,도봉우체국,CS100001,한식음식점,392642291,11016,35642.90949527959,도봉구,37.647551,127.030345
20244,A,골목상권,3110388,도봉우체국,CS100010,커피-음료,47021926,9429,4986.947290274685,도봉구,37.647551,127.030345
20244,A,골목상권,3110388,도봉우체국,CS300001,슈퍼마켓,353599026,38900,9089.949254498715,도봉구,37.647551,127.030345
20244,A,골목상권,3110389,한일병원,CS100001,한식음식점,368811942,7634,48311.75556719937,도봉구,37.644334,127.029993
20244,A,골목상권,3110390,방학초등학교,CS100001,한식음식점,1843359130,97082,18987.6509548629,도봉구,37.662948,127.031995
20244,A,골목상권,3110390,방학초등학교,CS100010,커피-음료,31571230,5591,5646.794848864246,도봉구,37.662948,127.031995
20244,A,골목상권,3110390,방학초등학교,CS300002,편의점,370011004,38150,9698.846762778507,도봉구,37.662948,127.031995
20244,A,골목상권,3110391,샘말어린이공원,CS100001,한식음식점,110856993,3136,35349.80644132653,도봉구,37.669435,127.033199
20244,A,골목상권,3110391,샘말어린이공원,CS300001,슈퍼마켓,567540403,68260,8314.39207442133,도봉구,37.669435,127.033199
20244,A,골목상권,3110392,발바닥공원,CS300001,슈퍼마켓,1876834348,129029,14545.833479295352,도봉구,37.65938,127.032367
20244,A,골목상권,3110393,국민은행방학지점,CS100001,한식음식점,92874644,1254,74062.71451355662,도봉구,37.662128,127.033241
20244,A,골목상권,3110393,국민은행방학지점,CS100010,커피-음료,50876558,6262,8124.649952091983,도봉구,37.662128,127.033241
20244,A,골목상권,3110394,방학중학교,CS100001,한식음식점,987273613,36817,26815.699622457018,도봉구,37.666641,127.035204
20244,A,골목상권,3110394,방학중학교,CS100010,커피-음료,17261582,5733,3010.9160997732424,도봉구,37.666641,127.035204
20244,A,골목상권,3110394,방학중학교,CS300001,슈퍼마켓,281163347,31512,8922.421521959888,도봉구,37.666641,127.035204
20244,A,골목상권,3110394,방학중학교,CS300002,편의점,299205939,44602,6708.352517824313,도봉구,37.666641,127.035204
20244,A,골목상권,3110395,신한은행 방학동지점,CS100001,한식음식점,419226997,9373,44727.08812546677,도봉구,37.663821,127.036472
20244,A,골목상권,3110395,신한은행 방학동지점,CS100010,커피-음료,14452224,1518,9520.569169960474,도봉구,37.663821,127.036472
20244,A,골목상권,3110396,쌍문역1번(쌍리단길),CS100001,한식음식점,774904327,29293,26453.566620011607,도봉구,37.648288,127.036464
20244,A,골목상권,3110396,쌍문역1번(쌍리단길),CS100010,커피-음료,763520799,121586,6279.676928264767,도봉구,37.648288,127.036464
20244,A,골목상권,3110396,쌍문역1번(쌍리단길),CS300001,슈퍼마켓,596921869,74341,8029.510889011447,도봉구,37.648288,127.036464
20244,A,골목상권,3110396,쌍문역1번(쌍리단길),CS300002,편의점,2038294532,379545,5370.363282351236,도봉구,37.648288,127.036464
20244,A,골목상권,3110397,도봉산입구,CS100001,한식음식점,2738523367,71893,38091.65519591615,도봉구,37.684498,127.037775
20244,A,골목상권,3110397,도봉산입구,CS100010,커피-음료,183106687,35518,5155.320879554029,도봉구,37.684498,127.037775
20244,A,골목상권,3110397,도봉산입구,CS300001,슈퍼마켓,1517834257,140862,10775.32803027076,도봉구,37.684498,127.037775
20244,A,골목상권,3110397,도봉산입구,CS300002,편의점,1520748921,223643,6799.895015717013,도봉구,37.684498,127.037775
20244,A,골목상권,3110398,쌍문2동우체국,CS100001,한식음식점,1929853331,63682,30304.53394993876,도봉구,37.654892,127.037148
20244,A,골목상권,3110398,쌍문2동우체국,CS100010,커피-음료,211611837,35799,5911.110282410124,도봉구,37.654892,127.037148
20244,A,골목상권,3110398,쌍문2동우체국,CS300001,슈퍼마켓,1077216291,73566,14642.855272816247,도봉구,37.654892,127.037148
20244,A,골목상권,3110398,쌍문2동우체국,CS300002,편의점,360174036,51225,7031.215929721816,도봉구,37.654892,127.037148
20244,A,골목상권,3110399,창2동주민센터,CS100001,한식음식점,633746679,19937,31787.464463058634,도봉구,37.641575,127.039135
20244,A,골목상권,3110399,창2동주민센터,CS100010,커피-음료,58985544,12676,4653.324708109813,도봉구,37.641575,127.039135
20244,A,골목상권,3110399,창2동주민센터,CS300001,슈퍼마켓,1524579987,47520,32082.912184343433,도봉구,37.641575,127.039135
20244,A,골목상권,3110399,창2동주민센터,CS300002,편의점,1108141844,150862,7345.400723840331,도봉구,37.641575,127.039135
20244,A,골목상권,3110400,도봉구보건소,CS100001,한식음식점,1499732569,64782,23150.451807600875,도봉구,37.659009,127.039178
20244,A,골목상권,3110401,도봉구민회관,CS100001,한식음식점,1252117566,29322,42702.324739103744,도봉구,37.655008,127.039471
20244,A,골목상권,3110401,도봉구민회관,CS300001,슈퍼마켓,101918663,11555,8820.308351363046,도봉구,37.655008,127.039471
20244,A,골목상권,3110402,도봉구 정병원,CS100001,한식음식점,832737913,16458,50597.75871916393,도봉구,37.661748,127.039338
20244,A,골목상권,3110402,도봉구 정병원,CS300001,슈퍼마켓,104443536,14300,7303.743776223776,도봉구,37.661748,127.039338
20244,A,골목상권,3110402,도봉구 정병원,CS300002,편의점,443593819,58450,7589.286894781865,도봉구,37.661748,127.039338
20244,A,골목상권,3110403,방학1동주민센터,CS100001,한식음식점,2318968545,50655,45779.65738821439,도봉구,37.664856,127.040088
20244,A,골목상권,3110403,방학1동주민센터,CS100010,커피-음료,147604152,36322,4063.767193436485,도봉구,37.664856,127.040088
20244,A,골목상권,3110403,방학1동주민센터,CS300001,슈퍼마켓,326296637,38245,8531.746293633154,도봉구,37.664856,127.040088
20244,A,골목상권,3110403,방학1동주민센터,CS300002,편의점,1229448892,165426,7432.017288697061,도봉구,37.664856,127.040088
20244,A,골목상권,3110404,신창초등학교,CS100001,한식음식점,1795392349,39315,45666.85359277629,도봉구,37.63625,127.040515
20244,A,골목상권,3110404,신창초등학교,CS100010,커피-음료,41202467,5990,6878.542070116861,도봉구,37.63625,127.040515
20244,A,골목상권,3110404,신창초등학교,CS300001,슈퍼마켓,1408873251,120189,11722.14804183411,도봉구,37.63625,127.040515
20244,A,골목상권,3110404,신창초등학교,CS300002,편의점,234583446,31353,7482.009568462348,도봉구,37.63625,127.040515
20244,A,골목상권,3110405,방학역 1번,CS100001,한식음식점,1200413558,34879,34416.5130307635,도봉구,37.669144,127.04102
20244,A,골목상권,3110405,방학역 1번,CS100010,커피-음료,17097555,2457,6958.711843711843,도봉구,37.669144,127.04102
20244,A,골목상권,3110405,방학역 1번,CS300001,슈퍼마켓,1447147686,193974,7460.524018682916,도봉구,37.669144,127.04102
20244,A,골목상권,3110405,방학역 1번,CS300002,편의점,739963886,97062,7623.620840287651,도봉구,37.669144,127.04102
20244,A,골목상권,3110406,도봉산역 1번,CS100001,한식음식점,4396102195,113903,38595.13968025425,도봉구,37.689821,127.042154
20244,A,골목상권,3110406,도봉산역 1번,CS100010,커피-음료,319366740,44020,7255.037255792821,도봉구,37.689821,127.042154
20244,A,골목상권,3110406,도봉산역 1번,CS300001,슈퍼마켓,48449894,4880,9928.256967213114,도봉구,37.689821,127.042154
20244,A,골목상권,3110406,도봉산역 1번,CS300002,편의점,618863522,94582,6543.142690998287,도봉구,37.689821,127.042154
20244,A,골목상권,3110407,도봉역 2번,CS100001,한식음식점,2649628267,63253,41889.36915245127,도봉구,37.675496,127.040967
20244,A,골목상권,3110407,도봉역 2번,CS100010,커피-음료,75656175,14534,5205.461332048989,도봉구,37.675496,127.040967
20244,A,골목상권,3110407,도봉역 2번,CS300001,슈퍼마켓,1670215871,96731,17266.603994582914,도봉구,37.675496,127.040967
20244,A,골목상권,3110407,도봉역 2번,CS300002,편의점,979275399,124228,7882.887907718066,도봉구,37.675496,127.040967
20244,A,골목상권,3110408,가인초등학교,CS100001,한식음식점,996627307,14467,68889.70118200041,도봉구,37.658792,127.04149
20244,A,골목상권,3110408,가인초등학교,CS100010,커피-음료,69780023,13051,5346.718489004674,도봉구,37.658792,127.04149
20244,A,골목상권,3110408,가인초등학교,CS300001,슈퍼마켓,180000000,6567,27409.776153494746,도봉구,37.658792,127.04149
20244,A,골목상권,3110408,가인초등학교,CS300002,편의점,674322528,95256,7079.055681531872,도봉구,37.658792,127.04149
20244,A,골목상권,3110409,창동역 2번,CS100001,한식음식점,1056207152,19244,54885.0110164207,도봉구,37.655088,127.043392
20244,A,골목상권,3110409,창동역 2번,CS100010,커피-음료,460137013,68135,6753.31346591326,도봉구,37.655088,127.043392
20244,A,골목상권,3110409,창동역 2번,CS300001,슈퍼마켓,264809070,8968,29528.219223907225,도봉구,37.655088,127.043392
20244,A,골목상권,3110409,창동역 2번,CS300002,편의점,155708271,21205,7342.997925017685,도봉구,37.655088,127.043392
20244,A,골목상권,3110410,방학역 2번,CS100001,한식음식점,1866101497,38933,47931.09950427658,도봉구,37.669107,127.044647
20244,A,골목상권,3110410,방학역 2번,CS100010,커피-음료,325201247,39732,8184.869802677942,도봉구,37.669107,127.044647
20244,A,골목상권,3110410,방학역 2번,CS300001,슈퍼마켓,20686917,268,77189.98880597015,도봉구,37.669107,127.044647
20244,A,골목상권,3110410,방학역 2번,CS300002,편의점,685122557,100254,6833.867546432062,도봉구,37.669107,127.044647
20244,A,골목상권,3110411,도봉역 3번,CS100001,한식음식점,730168396,20391,35808.36624000785,도봉구,37.675774,127.045705
20244,A,골목상권,3110411,도봉역 3번,CS100010,커피-음료,12966520,1559,8317.203335471457,도봉구,37.675774,127.045705
20244,A,골목상권,3110412,창동중학교,CS100001,한식음식점,489507534,14543,33659.322973251736,도봉구,37.661636,127.048054
20244,A,골목상권,3110413,누원고등학교,CS100001,한식음식점,596655833,35067,17014.738443550916,도봉구,37.683602,127.047592
20244,A,골목상권,3110413,누원고등학교,CS300001,슈퍼마켓,25627242,7301,3510.1002602383237,도봉구,37.683602,127.047592
20244,A,골목상권,3110415,수락산역 4번,CS100001,한식음식점,2541682668,99305,25594.709913901617,노원구,37.675789,127.053153
20244,A,골목상권,3110415,수락산역 4번,CS100010,커피-음료,445282203,69368,6419.129901395456,노원구,37.675789,127.053153
20244,A,골목상권,3110415,수락산역 4번,CS300002,편의점,982331715,142313,6902.614061962014,노원구,37.675789,127.053153
20244,A,골목상권,3110416,노원초등학교,CS100001,한식음식점,4305717560,56722,75909.12802792568,노원구,37.672696,127.057197
20244,A,골목상권,3110416,노원초등학교,CS100010,커피-음료,17516284,1647,10635.266545233759,노원구,37.672696,127.057197
20244,A,골목상권,3110416,노원초등학교,CS300002,편의점,371698881,52102,7134.0616674983685,노원구,37.672696,127.057197
20244,A,골목상권,3110417,월계역 3번,CS100001,한식음식점,289547990,39942,7249.21110610385,노원구,37.632728,127.058084
20244,A,골목상권,3110417,월계역 3번,CS100010,커피-음료,3577304,597,5992.134003350084,노원구,37.632728,127.058084
20244,A,골목상권,3110418,광운대학교 남단,CS100001,한식음식점,107318734,5466,19633.870106110502,노원구,37.617772,127.057993
20244,A,골목상권,3110418,광운대학교 남단,CS100010,커피-음료,91479233,11439,7997.135501355014,노원구,37.617772,127.057993
20244,A,골목상권,3110418,광운대학교 남단,CS300001,슈퍼마켓,187924098,22580,8322.590699734277,노원구,37.617772,127.057993
20244,A,골목상권,3110419,수락산디자인거리,CS100001,한식음식점,6442961209,154200,41783.14662127107,노원구,37.676426,127.057109
20244,A,골목상권,3110419,수락산디자인거리,CS100010,커피-음료,300424211,48318,6217.645825572251,노원구,37.676426,127.057109
20244,A,골목상권,3110419,수락산디자인거리,CS300001,슈퍼마켓,2011129922,208737,9634.755323684829,노원구,37.676426,127.057109
20244,A,골목상권,3110419,수락산디자인거리,CS300002,편의점,743691196,72631,10239.308229268494,노원구,37.676426,127.057109
20244,A,골목상권,3110420,광운대역 1번,CS100001,한식음식점,1204429674,53126,22671.190641117344,노원구,37.62106,127.059649
20244,A,골목상권,3110420,광운대역 1번,CS100010,커피-음료,408687049,80332,5087.475090872877,노원구,37.62106,127.059649
20244,A,골목상권,3110420,광운대역 1번,CS300002,편의점,402342066,48272,8334.89530162413,노원구,37.62106,127.059649
20244,A,골목상권,3110421,석계역 1번,CS100001,한식음식점,3309421270,57505,57550.14816102947,노원구,37.615823,127.063122
20244,A,골목상권,3110421,석계역 1번,CS100010,커피-음료,253807637,28865,8792.92004157284,노원구,37.615823,127.063122
20244,A,골목상권,3110421,석계역 1번,CS300002,편의점,390000000,55775,6992.380098610489,노원구,37.615823,127.063122
20244,A,골목상권,3110423,석계역 2번,CS100001,한식음식점,1316071212,32030,41088.70471433031,노원구,37.617057,127.064777
20244,A,골목상권,3110423,석계역 2번,CS100010,커피-음료,20087282,2337,8595.328198545143,노원구,37.617057,127.064777
20244,A,골목상권,3110423,석계역 2번,CS300002,편의점,160551124,26454,6069.067967037121,노원구,37.617057,127.064777
20244,A,골목상권,3110424,상계초등학교,CS100001,한식음식점,543161531,17260,31469.38186558517,노원구,37.658789,127.067511
20244,A,골목상권,3110424,상계초등학교,CS100010,커피-음료,74896047,15579,4807.500288850376,노원구,37.658789,127.067511
20244,A,골목상권,3110425,계상초등학교,CS100001,한식음식점,725014827,27688,26185.164222767988,노원구,37.66132,127.068068
20244,A,골목상권,3110425,계상초등학교,CS100010,커피-음료,79575918,9577,8309.065260519996,노원구,37.66132,127.068068
20244,A,골목상권,3110425,계상초등학교,CS300001,슈퍼마켓,812967284,93816,8665.550481794151,노원구,37.66132,127.068068
20244,A,골목상권,3110425,계상초등학교,CS300002,편의점,362665988,51155,7089.551128921904,노원구,37.66132,127.068068
20244,A,골목상권,3110426,상계2동주민센터,CS100001,한식음식점,1051723609,34007,30926.680065868793,노원구,37.6564,127.069673
20244,A,골목상권,3110426,상계2동주민센터,CS100010,커피-음료,36631523,4412,8302.70240253853,노원구,37.6564,127.069673
20244,A,골목상권,3110426,상계2동주민센터,CS300001,슈퍼마켓,130454420,11539,11305.522142300026,노원구,37.6564,127.069673
20244,A,골목상권,3110428,상계5동주민센터,CS100001,한식음식점,1516394245,37799,40117.311172253234,노원구,37.664175,127.071131
20244,A,골목상권,3110428,상계5동주민센터,CS100010,커피-음료,164061407,17326,9469.087325406903,노원구,37.664175,127.071131
20244,A,골목상권,3110428,상계5동주민센터,CS300001,슈퍼마켓,1645059340,173678,9471.892467670055,노원구,37.664175,127.071131
20244,A,골목상권,3110428,상계5동주민센터,CS300002,편의점,70212288,10397,6753.129556602867,노원구,37.664175,127.071131
20244,A,골목상권,3110429,공릉동 국수거리,CS100001,한식음식점,2522853765,71415,35326.6647763075,노원구,37.621034,127.073118
20244,A,골목상권,3110429,공릉동 국수거리,CS100010,커피-음료,74277523,4665,15922.29860664523,노원구,37.621034,127.073118
20244,A,골목상권,3110429,공릉동 국수거리,CS300001,슈퍼마켓,281368022,32409,8681.786602486964,노원구,37.621034,127.073118
20244,A,골목상권,3110429,공릉동 국수거리,CS300002,편의점,966502831,132936,7270.437135162785,노원구,37.621034,127.073118
20244,A,골목상권,3110430,중계초등학교,CS100001,한식음식점,441147023,14238,30983.777426604862,노원구,37.657388,127.074513
20244,A,골목상권,3110430,중계초등학교,CS300001,슈퍼마켓,8820870842,285182,30930.671788542055,노원구,37.657388,127.074513
20244,A,골목상권,3110431,상계역,CS100001,한식음식점,7057456528,224304,31463.801483700692,노원구,37.660776,127.074301
20244,A,골목상권,3110431,상계역,CS100010,커피-음료,364676561,79338,4596.492992008873,노원구,37.660776,127.074301
20244,A,골목상권,3110431,상계역,CS300002,편의점,490696730,80516,6094.400243429877,노원구,37.660776,127.074301
20244,A,골목상권,3110432,대진고등학교,CS100001,한식음식점,803844674,9180,87564.77930283225,노원구,37.636144,127.07328
20244,A,골목상권,3110432,대진고등학교,CS100010,커피-음료,6023663,834,7222.617505995204,노원구,37.636144,127.07328
20244,A,골목상권,3110432,대진고등학교,CS300001,슈퍼마켓,210934578,30498,6916.341333857958,노원구,37.636144,127.07328
20244,A,골목상권,3110433,공릉역 2번,CS100001,한식음식점,162593210,9074,17918.581661891116,노원구,37.624474,127.075806
20244,A,골목상권,3110433,공릉역 2번,CS100010,커피-음료,201433153,9994,20155.408545127077,노원구,37.624474,127.075806
20244,A,골목상권,3110433,공릉역 2번,CS300001,슈퍼마켓,97599892,10577,9227.559043206958,노원구,37.624474,127.075806
20244,A,골목상권,3110434,태릉입구역 4번,CS100001,한식음식점,160642881,8867,18116.93707003496,노원구,37.620816,127.076164
20244,A,골목상권,3110434,태릉입구역 4번,CS100010,커피-음료,54215439,8970,6044.084615384615,노원구,37.620816,127.076164
20244,A,골목상권,3110435,서울과학기술대,CS100001,한식음식점,809036306,27178,29768.058944734712,노원구,37.629565,127.076207
20244,A,골목상권,3110435,서울과학기술대,CS100010,커피-음료,245599119,50685,4845.597691624741,노원구,37.629565,127.076207
20244,A,골목상권,3110436,상계제일중학교,CS100001,한식음식점,1012328501,26561,38113.34290877602,노원구,37.658874,127.075897
20244,A,골목상권,3110436,상계제일중학교,CS300001,슈퍼마켓,987000000,58386,16904.73743705683,노원구,37.658874,127.075897
20244,A,골목상권,3110437,당고개역 2번,CS100001,한식음식점,589427351,13246,44498.516608787555,노원구,37.667279,127.077595
20244,A,골목상권,3110437,당고개역 2번,CS100010,커피-음료,19336545,949,20375.706006322445,노원구,37.667279,127.077595
20244,A,골목상권,3110437,당고개역 2번,CS300001,슈퍼마켓,74604120,3480,21437.96551724138,노원구,37.667279,127.077595
20244,A,골목상권,3110438,경춘선숲길 우측,CS100001,한식음식점,3956143928,106593,37114.481513795465,노원구,37.625932,127.078435
20244,A,골목상권,3110438,경춘선숲길 우측,CS100010,커피-음료,183064696,31837,5750.0611238496085,노원구,37.625932,127.078435
20244,A,골목상권,3110438,경춘선숲길 우측,CS300002,편의점,765927533,118060,6487.612510587836,노원구,37.625932,127.078435
20244,A,골목상권,3110439,당고개역 5번,CS100001,한식음식점,138666337,3072,45138.781575520836,노원구,37.671287,127.078687
20244,A,골목상권,3110439,당고개역 5번,CS100010,커피-음료,320737487,80671,3975.870969741295,노원구,37.671287,127.078687
20244,A,골목상권,3110439,당고개역 5번,CS300001,슈퍼마켓,235945733,29915,7887.204847066689,노원구,37.671287,127.078687
20244,A,골목상권,3110439,당고개역 5번,CS300002,편의점,764581244,120089,6366.78833198711,노원구,37.671287,127.078687
20244,A,골목상권,3110441,영신여고,CS100001,한식음식점,242091984,9562,25318.132608240954,노원구,37.650445,127.08262
20244,A,골목상권,3110441,영신여고,CS100010,커피-음료,79557073,10548,7542.384622677285,노원구,37.650445,127.08262
20244,A,골목상권,3110441,영신여고,CS300001,슈퍼마켓,1187560176,150792,7875.485277733566,노원구,37.650445,127.08262
20244,A,골목상권,3110442,화랑대철도공원,CS100010,커피-음료,42922378,8383,5120.169151854944,노원구,37.624347,127.089976
20244,A,골목상권,3110444,수색성당,CS100001,한식음식점,883082608,6881,128336.37668943468,은평구,37.578526,126.903241
20244,A,골목상권,3110446,내를건너서숲으로도서관,CS100010,커피-음료,11620671,2287,5081.185395714911,은평구,37.590864,126.907109
20244,A,골목상권,3110448,상신초등학교입구,CS300001,슈퍼마켓,494436849,35951,13753.076381741816,은평구,37.596441,126.907192
20244,A,골목상권,3110449,증산역 3번,CS100001,한식음식점,368015823,11219,32802.9078349229,은평구,37.583422,126.907016
20244,A,골목상권,3110449,증산역 3번,CS100010,커피-음료,186288696,16010,11635.771143035603,은평구,37.583422,126.907016
20244,A,골목상권,3110449,증산역 3번,CS300001,슈퍼마켓,1341708363,10037,133676.23423333667,은평구,37.583422,126.907016
20244,A,골목상권,3110450,시립서북병원,CS100001,한식음식점,850055449,24690,34429.1392871608,은평구,37.605444,126.909208
20244,A,골목상권,3110450,시립서북병원,CS100010,커피-음료,53929114,5993,8998.684131486734,은평구,37.605444,126.909208
20244,A,골목상권,3110450,시립서북병원,CS300001,슈퍼마켓,768810411,56420,13626.558153137184,은평구,37.605444,126.909208
20244,A,골목상권,3110450,시립서북병원,CS300002,편의점,1930097985,257433,7497.476955168918,은평구,37.605444,126.909208
20244,A,골목상권,3110451,증산역 4번,CS100001,한식음식점,87974882,3252,27052.546740467405,은평구,37.586867,126.911767
20244,A,골목상권,3110451,증산역 4번,CS300001,슈퍼마켓,414772217,50470,8218.193322766,은평구,37.586867,126.911767
20244,A,골목상권,3110451,증산역 4번,CS300002,편의점,244535464,36279,6740.413572590203,은평구,37.586867,126.911767
20244,A,골목상권,3110452,새절역 3번,CS100001,한식음식점,556856893,14413,38635.73808367446,은평구,37.590165,126.91251
20244,A,골목상권,3110452,새절역 3번,CS100010,커피-음료,3905756,519,7525.541425818882,은평구,37.590165,126.91251
20244,A,골목상권,3110452,새절역 3번,CS300002,편의점,225007844,41612,5407.282610785351,은평구,37.590165,126.91251
20244,A,골목상권,3110453,신사1동주민센터,CS100001,한식음식점,1623851663,28940,56110.97660677263,은평구,37.595761,126.912844
20244,A,골목상권,3110453,신사1동주민센터,CS100010,커피-음료,47966121,4949,9692.083451202263,은평구,37.595761,126.912844
20244,A,골목상권,3110453,신사1동주민센터,CS300001,슈퍼마켓,594174124,59568,9974.720051034112,은평구,37.595761,126.912844
20244,A,골목상권,3110453,신사1동주민센터,CS300002,편의점,954349502,142511,6696.672551592509,은평구,37.595761,126.912844
20244,A,골목상권,3110454,선정중학교,CS100001,한식음식점,34246254,1139,30066.948200175593,은평구,37.617294,126.912773
20244,A,골목상권,3110454,선정중학교,CS100010,커피-음료,1404720,188,7471.914893617021,은평구,37.617294,126.912773
20244,A,골목상권,3110454,선정중학교,CS300001,슈퍼마켓,848446015,63697,13320.031006169835,은평구,37.617294,126.912773
20244,A,골목상권,3110454,선정중학교,CS300002,편의점,431361104,57633,7484.619992018462,은평구,37.617294,126.912773
20244,A,골목상권,3110455,역촌노인복지관,CS100001,한식음식점,924861391,15428,59946.94004407571,은평구,37.603455,126.912472
20244,A,골목상권,3110455,역촌노인복지관,CS100010,커피-음료,167282684,34464,4853.838324048283,은평구,37.603455,126.912472
20244,A,골목상권,3110456,구산보건지소,CS100001,한식음식점,284293525,6681,42552.54078730729,은평구,37.607798,126.912988
20244,A,골목상권,3110456,구산보건지소,CS100010,커피-음료,14463973,2215,6530.010383747178,은평구,37.607798,126.912988
20244,A,골목상권,3110456,구산보건지소,CS300002,편의점,922495014,118466,7787.002296017423,은평구,37.607798,126.912988
20244,A,골목상권,3110457,예일여고,CS100001,한식음식점,322949350,18010,17931.66851749028,은평구,37.611718,126.913074
20244,A,골목상권,3110457,예일여고,CS100010,커피-음료,292877108,36644,7992.498308044973,은평구,37.611718,126.913074
20244,A,골목상권,3110457,예일여고,CS300002,편의점,306887334,41269,7436.267755458092,은평구,37.611718,126.913074
20244,A,골목상권,3110458,선일여고,CS100001,한식음식점,58857019,3609,16308.400942089222,은평구,37.621188,126.913867
20244,A,골목상권,3110458,선일여고,CS100010,커피-음료,187166402,42134,4442.170266293255,은평구,37.621188,126.913867
20244,A,골목상권,3110458,선일여고,CS300001,슈퍼마켓,186145629,18369,10133.683325167402,은평구,37.621188,126.913867
20244,A,골목상권,3110458,선일여고,CS300002,편의점,167578485,24423,6861.502886623265,은평구,37.621188,126.913867
20244,A,골목상권,3110459,응암역 2번,CS100001,한식음식점,471667005,16863,27970.527486212417,은평구,37.599582,126.913552
20244,A,골목상권,3110459,응암역 2번,CS300001,슈퍼마켓,242352032,8116,29861.019221291277,은평구,37.599582,126.913552
20244,A,골목상권,3110460,구산역 4번,CS100001,한식음식점,1338764952,34273,39061.796516208095,은평구,37.614521,126.91503
20244,A,골목상권,3110460,구산역 4번,CS100010,커피-음료,30296377,6504,4658.114544895449,은평구,37.614521,126.91503
20244,A,골목상권,3110460,구산역 4번,CS300001,슈퍼마켓,397903197,38363,10372.056330318275,은평구,37.614521,126.91503
20244,A,골목상권,3110460,구산역 4번,CS300002,편의점,779635409,114360,6817.378532703742,은평구,37.614521,126.91503
20244,A,골목상권,3110461,새절역 2번,CS100001,한식음식점,926542140,22577,41039.20538601231,은평구,37.590591,126.915148
20244,A,골목상권,3110462,갈현건영아파트,CS100001,한식음식점,30203931,1621,18632.900061690314,은평구,37.625721,126.915969
20244,A,골목상권,3110462,갈현건영아파트,CS100010,커피-음료,7964405,1695,4698.76401179941,은평구,37.625721,126.915969
20244,A,골목상권,3110462,갈현건영아파트,CS300001,슈퍼마켓,744000000,78733,9449.658974000737,은평구,37.625721,126.915969
20244,A,골목상권,3110463,응암3동주민센터,CS100001,한식음식점,925046934,27451,33698.1142399184,은평구,37.591979,126.916256
20244,A,골목상권,3110463,응암3동주민센터,CS100010,커피-음료,51365426,5538,9275.085951607078,은평구,37.591979,126.916256
20244,A,골목상권,3110464,연신내역 5번,CS100001,한식음식점,2069731883,36627,56508.3649493543,은평구,37.617171,126.916839
20244,A,골목상권,3110464,연신내역 5번,CS100010,커피-음료,59775714,6397,9344.335469751446,은평구,37.617171,126.916839
20244,A,골목상권,3110465,연신내역 7번,CS100001,한식음식점,1101128761,22307,49362.476397543374,은평구,37.621424,126.917526
20244,A,골목상권,3110465,연신내역 7번,CS100010,커피-음료,194859387,35598,5473.885808191471,은평구,37.621424,126.917526
20244,A,골목상권,3110466,구산역 2번,CS100001,한식음식점,348644269,7697,45296.124334156164,은평구,37.608442,126.91805
20244,A,골목상권,3110466,구산역 2번,CS300001,슈퍼마켓,115361065,15122,7628.690980029097,은평구,37.608442,126.91805
20244,A,골목상권,3110466,구산역 2번,CS300002,편의점,412748184,58383,7069.663840501516,은평구,37.608442,126.91805
20244,A,골목상권,3110467,은평요양병원,CS100001,한식음식점,2035946893,47914,42491.6912175982,은평구,37.62484,126.91913
20244,A,골목상권,3110467,은평요양병원,CS100010,커피-음료,21649100,2385,9077.190775681342,은평구,37.62484,126.91913
20244,A,골목상권,3110467,은평요양병원,CS300001,슈퍼마켓,192000000,11775,16305.732484076432,은평구,37.62484,126.91913
20244,A,골목상권,3110467,은평요양병원,CS300002,편의점,398040115,54503,7303.086343870979,은평구,37.62484,126.91913
20244,A,골목상권,3110468,응암역 3번,CS100001,한식음식점,1004819721,39909,25177.77245734045,은평구,37.603261,126.918237
20244,A,골목상권,3110468,응암역 3번,CS100010,커피-음료,61546875,7232,8510.353290929204,은평구,37.603261,126.918237
20244,A,골목상권,3110468,응암역 3번,CS300001,슈퍼마켓,923545030,117879,7834.686670229642,은평구,37.603261,126.918237
20244,A,골목상권,3110468,응암역 3번,CS300002,편의점,1004400455,127805,7858.8510230429165,은평구,37.603261,126.918237
20244,A,골목상권,3110469,응암정보도서관,CS100001,한식음식점,1299799056,49186,26426.199650306997,은평구,37.586196,126.918618
20244,A,골목상권,3110469,응암정보도서관,CS100010,커피-음료,7627452,1191,6404.241813602015,은평구,37.586196,126.918618
20244,A,골목상권,3110469,응암정보도서관,CS300001,슈퍼마켓,126139950,19063,6617.004144153596,은평구,37.586196,126.918618
20244,A,골목상권,3110469,응암정보도서관,CS300002,편의점,1663593078,220696,7537.939418929206,은평구,37.586196,126.918618
20244,A,골목상권,3110470,신진과학기술고등학교,CS100001,한식음식점,449345063,12368,36331.263179172056,은평구,37.597225,126.919025
20244,A,골목상권,3110470,신진과학기술고등학교,CS100010,커피-음료,8934785,2270,3936.0286343612333,은평구,37.597225,126.919025
20244,A,골목상권,3110470,신진과학기술고등학교,CS300001,슈퍼마켓,148778105,21844,6810.936870536531,은평구,37.597225,126.919025
20244,A,골목상권,3110471,응암동우체국,CS100001,한식음식점,797459618,23032,34623.9848037513,은평구,37.591342,126.919314
20244,A,골목상권,3110471,응암동우체국,CS300001,슈퍼마켓,6775060691,387501,17483.982469722658,은평구,37.591342,126.919314
20244,A,골목상권,3110472,연신내역 4번,CS100001,한식음식점,1712921334,60887,28132.792451590652,은평구,37.615723,126.920715
20244,A,골목상권,3110472,연신내역 4번,CS100010,커피-음료,69940891,4898,14279.479583503471,은평구,37.615723,126.920715
20244,A,골목상권,3110472,연신내역 4번,CS300001,슈퍼마켓,304602438,25452,11967.72112211221,은평구,37.615723,126.920715
20244,A,골목상권,3110472,연신내역 4번,CS300002,편의점,302573175,41726,7251.430163447251,은평구,37.615723,126.920715
20244,A,골목상권,3110473,구산역 1번,CS100001,한식음식점,551626248,24861,22188.41752141909,은평구,37.612705,126.920877
20244,A,골목상권,3110473,구산역 1번,CS100010,커피-음료,46053680,3790,12151.366754617415,은평구,37.612705,126.920877
20244,A,골목상권,3110473,구산역 1번,CS300001,슈퍼마켓,564153345,44457,12689.865375531412,은평구,37.612705,126.920877
20244,A,골목상권,3110473,구산역 1번,CS300002,편의점,196331118,26129,7513.916261625014,은평구,37.612705,126.920877
20244,A,골목상권,3110474,세명컴퓨터고등학교,CS100001,한식음식점,40877433,1459,28017.431802604522,은평구,37.625743,126.921769
20244,A,골목상권,3110474,세명컴퓨터고등학교,CS300001,슈퍼마켓,112262391,15492,7246.475019364833,은평구,37.625743,126.921769
20244,A,골목상권,3110474,세명컴퓨터고등학교,CS300002,편의점,228533463,29825,7662.479899413244,은평구,37.625743,126.921769
20244,A,골목상권,3110475,백련산해모로아파트,CS100001,한식음식점,432112418,9006,47980.50388629802,은평구,37.597732,126.922206
20244,A,골목상권,3110475,백련산해모로아파트,CS100010,커피-음료,57205869,4021,14226.776672469536,은평구,37.597732,126.922206
20244,A,골목상권,3110475,백련산해모로아파트,CS300002,편의점,727029513,94684,7678.48330235309,은평구,37.597732,126.922206
20244,A,골목상권,3110476,역촌역 2번,CS100001,한식음식점,87463245,1660,52688.701807228914,은평구,37.608382,126.922908
20244,A,골목상권,3110477,은평세무서,CS100001,한식음식점,2827054262,47464,59562.07361368616,은평구,37.602716,126.924534
20244,A,골목상권,3110477,은평세무서,CS100010,커피-음료,43815986,5279,8300.054176927448,은평구,37.602716,126.924534
20244,A,골목상권,3110477,은평세무서,CS300002,편의점,68895547,11207,6147.545908806996,은평구,37.602716,126.924534
20244,A,골목상권,3110478,응암1동주민센터,CS100001,한식음식점,1227077843,24447,50193.39154088436,은평구,37.599806,126.925329
20244,A,골목상권,3110478,응암1동주민센터,CS300001,슈퍼마켓,393145221,30368,12946.035991833509,은평구,37.599806,126.925329
20244,A,골목상권,3110479,연신내역 2번,CS100001,한식음식점,1121227758,49957,22443.856876914146,은평구,37.622186,126.925035
20244,A,골목상권,3110479,연신내역 2번,CS300001,슈퍼마켓,707798725,54834,12908.026498158077,은평구,37.622186,126.925035
20244,A,골목상권,3110480,연신내역 3번,CS100001,한식음식점,299421386,4217,71003.41142992649,은평구,37.617799,126.925153
20244,A,골목상권,3110480,연신내역 3번,CS300002,편의점,69038915,9083,7600.893427281735,은평구,37.617799,126.925153
20244,A,골목상권,3110481,불광역 7번,CS100001,한식음식점,1367138641,19665,69521.41576404781,은평구,37.612258,126.926631
20244,A,골목상권,3110481,불광역 7번,CS100010,커피-음료,94082908,18259,5152.686784599376,은평구,37.612258,126.926631
20244,A,골목상권,3110481,불광역 7번,CS300001,슈퍼마켓,1262572688,116694,10819.516753217818,은평구,37.612258,126.926631
20244,A,골목상권,3110482,연신초등학교,CS100001,한식음식점,208488994,6337,32900.267318920625,은평구,37.625629,126.927308
20244,A,골목상권,3110482,연신초등학교,CS100010,커피-음료,13433684,2421,5548.81619165634,은평구,37.625629,126.927308
20244,A,골목상권,3110482,연신초등학교,CS300001,슈퍼마켓,568966727,40982,13883.332365428725,은평구,37.625629,126.927308
20244,A,골목상권,3110483,연천초등학교,CS100001,한식음식점,133348117,4262,31287.685828249647,은평구,37.620232,126.926951
20244,A,골목상권,3110483,연천초등학교,CS300002,편의점,142741040,21373,6678.56828709119,은평구,37.620232,126.926951
20244,A,골목상권,3110484,역촌역 3번,CS100001,한식음식점,674076822,14563,46286.9478816178,은평구,37.606267,126.927055
20244,A,골목상권,3110484,역촌역 3번,CS300001,슈퍼마켓,1170000000,158244,7393.645256692197,은평구,37.606267,126.927055
20244,A,골목상권,3110484,역촌역 3번,CS300002,편의점,429889557,52801,8141.6934717145505,은평구,37.606267,126.927055
20244,A,골목상권,3110485,연신내우체국,CS100001,한식음식점,444086637,12104,36689.24628222075,은평구,37.621729,126.929306
20244,A,골목상권,3110485,연신내우체국,CS100010,커피-음료,57808675,14520,3981.31370523416,은평구,37.621729,126.929306
20244,A,골목상권,3110486,은평구청,CS100001,한식음식점,4718240926,106169,44440.853036197004,은평구,37.602483,126.927999
20244,A,골목상권,3110486,은평구청,CS100010,커피-음료,334044269,40959,8155.576771893845,은평구,37.602483,126.927999
20244,A,골목상권,3110486,은평구청,CS300001,슈퍼마켓,106009714,8036,13191.850920856148,은평구,37.602483,126.927999
20244,A,골목상권,3110487,불광역 8번,CS100001,한식음식점,1562571919,63205,24722.283347836405,은평구,37.611981,126.929847
20244,A,골목상권,3110487,불광역 8번,CS100010,커피-음료,64873154,13422,4833.344807033229,은평구,37.611981,126.929847
20244,A,골목상권,3110488,우리은행응암동지점,CS100001,한식음식점,396908891,15654,25355.10993995145,은평구,37.60062,126.929858
20244,A,골목상권,3110488,우리은행응암동지점,CS100010,커피-음료,21192284,2056,10307.53112840467,은평구,37.60062,126.929858
20244,A,골목상권,3110489,불광역 3번,CS100001,한식음식점,1508078151,26594,56707.45848687674,은평구,37.607179,126.931007
20244,A,골목상권,3110490,녹번동근린공원,CS100001,한식음식점,146472441,3967,36922.72271237711,은평구,37.605126,126.931745
20244,A,골목상권,3110491,불광중학교,CS100001,한식음식점,67566182,2223,30394.143949617635,은평구,37.624211,126.935953
20244,A,골목상권,3110492,하나고등학교,CS100010,커피-음료,172066734,8887,19361.621919657926,은평구,37.640268,126.938636
20244,A,골목상권,3110493,북가좌초등학교,CS100001,한식음식점,33122437,911,36358.32821075741,서대문구,37.576087,126.905689
20244,A,골목상권,3110495,북가좌2동주민센터,CS100001,한식음식점,2954980705,91535,32282.522586988583,서대문구,37.581162,126.909611
20244,A,골목상권,3110495,북가좌2동주민센터,CS100010,커피-음료,159765556,19586,8157.130399264781,서대문구,37.581162,126.909611
20244,A,골목상권,3110495,북가좌2동주민센터,CS300001,슈퍼마켓,1115373291,91159,12235.470891519213,서대문구,37.581162,126.909611
20244,A,골목상권,3110495,북가좌2동주민센터,CS300002,편의점,248475723,33115,7503.419085006794,서대문구,37.581162,126.909611
20244,A,골목상권,3110496,모래내우체국,CS100001,한식음식점,796867174,28711,27754.769043223852,서대문구,37.578975,126.911901
20244,A,골목상권,3110496,모래내우체국,CS100010,커피-음료,100640873,28123,3578.5966290936244,서대문구,37.578975,126.911901
20244,A,골목상권,3110497,가좌역 3번,CS100001,한식음식점,245379990,2171,113026.25057577154,서대문구,37.570606,126.91362
20244,A,골목상권,3110498,증산역 1번,CS100001,한식음식점,1353526286,20114,67292.74564979617,서대문구,37.586157,126.913523
20244,A,골목상권,3110498,증산역 1번,CS100010,커피-음료,92104907,13786,6681.04649644567,서대문구,37.586157,126.913523
20244,A,골목상권,3110498,증산역 1번,CS300001,슈퍼마켓,291302826,23041,12642.803090143658,서대문구,37.586157,126.913523
20244,A,골목상권,3110498,증산역 1번,CS300002,편의점,937707269,132701,7066.316523613235,서대문구,37.586157,126.913523
20244,A,골목상권,3110499,연가초등학교,CS100001,한식음식점,77875415,1236,63005.99919093851,서대문구,37.581962,126.918894
20244,A,골목상권,3110499,연가초등학교,CS300001,슈퍼마켓,145538082,14194,10253.493166126533,서대문구,37.581962,126.918894
20244,A,골목상권,3110499,연가초등학교,CS300002,편의점,182326618,25890,7042.3568173039785,서대문구,37.581962,126.918894
20244,A,골목상권,3110500,남가좌동현대아파트,CS100001,한식음식점,58033747,1245,46613.45140562249,서대문구,37.573692,126.91982
20244,A,골목상권,3110500,남가좌동현대아파트,CS100010,커피-음료,63153962,7001,9020.705899157263,서대문구,37.573692,126.91982
20244,A,골목상권,3110501,연희어린이공원,CS100010,커피-음료,80330213,6623,12128.976747697418,서대문구,37.567521,126.921083
20244,A,골목상권,3110502,남가좌파출소,CS100001,한식음식점,2427152739,66141,36696.64412391709,서대문구,37.575964,126.922727
20244,A,골목상권,3110502,남가좌파출소,CS100010,커피-음료,25459493,3518,7236.922399090392,서대문구,37.575964,126.922727
20244,A,골목상권,3110502,남가좌파출소,CS300001,슈퍼마켓,340672109,4719,72191.58910786183,서대문구,37.575964,126.922727
20244,A,골목상권,3110502,남가좌파출소,CS300002,편의점,1032939464,151853,6802.2328436053285,서대문구,37.575964,126.922727
20244,A,골목상권,3110503,명지대학교교회,CS100001,한식음식점,1209700756,45287,26711.876609181443,서대문구,37.582659,126.923546
20244,A,골목상권,3110503,명지대학교교회,CS100010,커피-음료,231979846,27744,8361.441969434833,서대문구,37.582659,126.923546
20244,A,골목상권,3110503,명지대학교교회,CS300001,슈퍼마켓,216663774,26298,8238.792835957107,서대문구,37.582659,126.923546
20244,A,골목상권,3110503,명지대학교교회,CS300002,편의점,275877642,57053,4835.462499780905,서대문구,37.582659,126.923546
20244,A,골목상권,3110506,연희임광아파트,CS100001,한식음식점,851673,34,25049.20588235294,서대문구,37.565857,126.925906
20244,A,골목상권,3110507,명지대학교,CS100001,한식음식점,3047490982,94526,32239.7116348941,서대문구,37.578777,126.925701
20244,A,골목상권,3110507,명지대학교,CS100010,커피-음료,797547517,133794,5961.011084204075,서대문구,37.578777,126.925701
20244,A,골목상권,3110507,명지대학교,CS300001,슈퍼마켓,73734648,4353,16938.811853893865,서대문구,37.578777,126.925701
20244,A,골목상권,3110507,명지대학교,CS300002,편의점,413229262,63281,6530.068456566742,서대문구,37.578777,126.925701
20244,A,골목상권,3110508,서연중학교,CS100010,커피-음료,775117577,57756,13420.555041900408,서대문구,37.56975,126.927499
20244,A,골목상권,3110508,서연중학교,CS300002,편의점,152468659,20504,7436.044625438939,서대문구,37.56975,126.927499
20244,A,골목상권,3110509,연희대우아파트앞,CS100001,한식음식점,651086747,34539,18850.770057036974,서대문구,37.55993,126.928448
20244,A,골목상권,3110509,연희대우아파트앞,CS100010,커피-음료,1241507599,168080,7386.40884697763,서대문구,37.55993,126.928448
20244,A,골목상권,3110509,연희대우아파트앞,CS300001,슈퍼마켓,643759263,87135,7388.067515923567,서대문구,37.55993,126.928448
20244,A,골목상권,3110510,홍연시장,CS100001,한식음식점,82754704,2812,29429.126600284497,서대문구,37.576609,126.93099
20244,A,골목상권,3110510,홍연시장,CS100010,커피-음료,36297435,4017,9035.955937266617,서대문구,37.576609,126.93099
20244,A,골목상권,3110510,홍연시장,CS300001,슈퍼마켓,39451027,4004,9852.903846153846,서대문구,37.576609,126.93099
20244,A,골목상권,3110511,연희초등학교,CS100001,한식음식점,44069592,2618,16833.304812834223,서대문구,37.565771,126.932709
20244,A,골목상권,3110511,연희초등학교,CS100010,커피-음료,126150210,32533,3877.607659914548,서대문구,37.565771,126.932709
20244,A,골목상권,3110511,연희초등학교,CS300001,슈퍼마켓,187295714,31723,5904.098414399647,서대문구,37.565771,126.932709
20244,A,골목상권,3110511,연희초등학교,CS300002,편의점,1215907958,188032,6466.494841303608,서대문구,37.565771,126.932709
20244,A,골목상권,3110512,연희지하차도,CS300001,슈퍼마켓,13733032,1488,9229.18817204301,서대문구,37.577349,126.933865
20244,A,골목상권,3110513,연희파출소,CS100001,한식음식점,1144148025,27831,41110.56106499946,서대문구,37.571204,126.933395
20244,A,골목상권,3110513,연희파출소,CS100010,커피-음료,126813054,8003,15845.689616393853,서대문구,37.571204,126.933395
20244,A,골목상권,3110514,서대문우체국,CS100001,한식음식점,213812570,11109,19246.788189756055,서대문구,37.559536,126.932805
20244,A,골목상권,3110514,서대문우체국,CS100010,커피-음료,329366518,30442,10819.47697260364,서대문구,37.559536,126.932805
20244,A,골목상권,3110514,서대문우체국,CS300002,편의점,138470918,24947,5550.60400048102,서대문구,37.559536,126.932805
20244,A,골목상권,3110516,정원여중,CS100001,한식음식점,113239505,4256,26607.026550751878,서대문구,37.584954,126.935002
20244,A,골목상권,3110517,서대문소방서,CS100001,한식음식점,494703748,8232,60095.207482993195,서대문구,37.573639,126.93654
20244,A,골목상권,3110517,서대문소방서,CS100010,커피-음료,12596288,1014,12422.374753451677,서대문구,37.573639,126.93654
20244,A,골목상권,3110519,서대문구보건소별관,CS100001,한식음식점,420329341,12998,32338.001307893523,서대문구,37.585433,126.937073
20244,A,골목상권,3110519,서대문구보건소별관,CS100010,커피-음료,13003926,1676,7758.905727923628,서대문구,37.585433,126.937073
20244,A,골목상권,3110519,서대문구보건소별관,CS300001,슈퍼마켓,280380443,36648,7650.634222877101,서대문구,37.585433,126.937073
20244,A,골목상권,3110519,서대문구보건소별관,CS300002,편의점,465556491,64353,7234.417835998322,서대문구,37.585433,126.937073
20244,A,골목상권,3110520,경의중앙 신촌역,CS100001,한식음식점,1164369698,53268,21858.708755725766,서대문구,37.557783,126.940661
20244,A,골목상권,3110520,경의중앙 신촌역,CS100010,커피-음료,20259803,3460,5855.434393063584,서대문구,37.557783,126.940661
20244,A,골목상권,3110520,경의중앙 신촌역,CS300002,편의점,40110880,6322,6344.650427080038,서대문구,37.557783,126.940661
20244,A,골목상권,3110521,홍제역 4번,CS100001,한식음식점,1571467824,29742,52836.656041960865,서대문구,37.58849,126.942539
20244,A,골목상권,3110521,홍제역 4번,CS100010,커피-음료,30727593,4170,7368.727338129496,서대문구,37.58849,126.942539
20244,A,골목상권,3110522,홍제역 3번,CS100001,한식음식점,19415069,408,47585.95343137255,서대문구,37.586419,126.944386
20244,A,골목상권,3110522,홍제역 3번,CS100010,커피-음료,6721897,1540,4364.868181818182,서대문구,37.586419,126.944386
20244,A,골목상권,3110522,홍제역 3번,CS300002,편의점,147623825,25589,5769.034546094024,서대문구,37.586419,126.944386
20244,A,골목상권,3110524,연희세브란스병원,CS100001,한식음식점,686446859,14623,46942.956917185256,서대문구,37.564227,126.94429
20244,A,골목상권,3110524,연희세브란스병원,CS100010,커피-음료,120751417,10447,11558.477744807122,서대문구,37.564227,126.94429
20244,A,골목상권,3110525,홍은종합사회복지관,CS100001,한식음식점,138552715,5309,26097.704840836315,서대문구,37.595033,126.946022
20244,A,골목상권,3110525,홍은종합사회복지관,CS100010,커피-음료,102435114,22219,4610.248616049327,서대문구,37.595033,126.946022
20244,A,골목상권,3110526,봉원사,CS100001,한식음식점,1514197454,80993,18695.411381230475,서대문구,37.568769,126.946867
20244,A,골목상권,3110526,봉원사,CS100010,커피-음료,70762177,5475,12924.598538812785,서대문구,37.568769,126.946867
20244,A,골목상권,3110526,봉원사,CS300002,편의점,97467154,15043,6479.23645549425,서대문구,37.568769,126.946867
20244,A,골목상권,3110527,홍제역 2번,CS100001,한식음식점,572344747,17155,33363.14468085107,서대문구,37.58906,126.947045
20244,A,골목상권,3110527,홍제역 2번,CS100010,커피-음료,7970440,881,9047.037457434733,서대문구,37.58906,126.947045
20244,A,골목상권,3110527,홍제역 2번,CS300001,슈퍼마켓,107303088,9515,11277.255701523909,서대문구,37.58906,126.947045
20244,A,골목상권,3110527,홍제역 2번,CS300002,편의점,496462443,83485,5946.726274180991,서대문구,37.58906,126.947045
20244,A,골목상권,3110528,서울여자간호대학교,CS100001,한식음식점,460521287,14301,32202.033913712326,서대문구,37.595682,126.947742
20244,A,골목상권,3110528,서울여자간호대학교,CS100010,커피-음료,74109334,10881,6810.89366786141,서대문구,37.595682,126.947742
20244,A,골목상권,3110528,서울여자간호대학교,CS300001,슈퍼마켓,1940604701,147027,13198.96822352357,서대문구,37.595682,126.947742
20244,A,골목상권,3110529,홍제3동주민센터,CS100001,한식음식점,818943499,21989,37243.32616308154,서대문구,37.592556,126.948118
20244,A,골목상권,3110529,홍제3동주민센터,CS100010,커피-음료,20662453,2004,10310.605289421157,서대문구,37.592556,126.948118
20244,A,골목상권,3110529,홍제3동주민센터,CS300001,슈퍼마켓,353440098,10388,34023.88313438583,서대문구,37.592556,126.948118
20244,A,골목상권,3110529,홍제3동주민센터,CS300002,편의점,723155553,114368,6323.058486639619,서대문구,37.592556,126.948118
20244,A,골목상권,3110530,아현역 1번,CS100001,한식음식점,1394667035,22056,63232.99941059122,서대문구,37.557528,126.953632
20244,A,골목상권,3110530,아현역 1번,CS300001,슈퍼마켓,30146141,1092,27606.356227106226,서대문구,37.557528,126.953632
20244,A,골목상권,3110532,아현역 2번,CS100001,한식음식점,474541775,21540,22030.723073351903,서대문구,37.559665,126.95758
20244,A,골목상권,3110532,아현역 2번,CS100010,커피-음료,1880140,49,38370.204081632655,서대문구,37.559665,126.95758
20244,A,골목상권,3110532,아현역 2번,CS300001,슈퍼마켓,1657084593,96083,17246.386905071657,서대문구,37.559665,126.95758
20244,A,골목상권,3110534,경기대학교,CS100001,한식음식점,19092052,671,28453.13263785395,서대문구,37.564189,126.960215
20244,A,골목상권,3110535,영천시장입구,CS100001,한식음식점,194816928,8548,22790.93682732803,서대문구,37.569342,126.960699
20244,A,골목상권,3110537,충정로현대아파트,CS100001,한식음식점,762945147,23867,31966.528973059034,서대문구,37.563226,126.963566
20244,A,골목상권,3110537,충정로현대아파트,CS100010,커피-음료,33733232,4928,6845.217532467533,서대문구,37.563226,126.963566
20244,A,골목상권,3110537,충정로현대아파트,CS300002,편의점,1334065073,217479,6134.224789519908,서대문구,37.563226,126.963566
20244,A,골목상권,3110538,충정로역 3번,CS100001,한식음식점,984413832,26630,36966.3474277131,서대문구,37.560784,126.964721
20244,A,골목상권,3110538,충정로역 3번,CS100010,커피-음료,89650978,2308,38843.577989601385,서대문구,37.560784,126.964721
20244,A,골목상권,3110539,미근동,CS100001,한식음식점,3345728110,82485,40561.65496756986,서대문구,37.56356,126.967097
20244,A,골목상권,3110539,미근동,CS100010,커피-음료,155998596,16959,9198.572793207146,서대문구,37.56356,126.967097
20244,A,골목상권,3110539,미근동,CS300002,편의점,125710652,24274,5178.8189832742855,서대문구,37.56356,126.967097
20244,A,골목상권,3110540,망원나들목체육관,CS100001,한식음식점,241776866,4549,53149.45394592218,마포구,37.554395,126.900069
20244,A,골목상권,3110540,망원나들목체육관,CS300001,슈퍼마켓,453053011,54322,8340.13863627996,마포구,37.554395,126.900069
20244,A,골목상권,3110541,동교초등학교,CS100001,한식음식점,1050988674,28936,36321.14576997512,마포구,37.557838,126.901389
20244,A,골목상권,3110541,동교초등학교,CS100010,커피-음료,129359185,18181,7115.075353390903,마포구,37.557838,126.901389
20244,A,골목상권,3110541,동교초등학교,CS300001,슈퍼마켓,1857560236,121883,15240.519481798117,마포구,37.557838,126.901389
20244,A,골목상권,3110541,동교초등학교,CS300002,편의점,445027546,58587,7596.011845631283,마포구,37.557838,126.901389
20244,A,골목상권,3110542,마포구청역 7번,CS100001,한식음식점,588681854,22047,26701.222569964168,마포구,37.561118,126.902041
20244,A,골목상권,3110542,마포구청역 7번,CS100010,커피-음료,281662446,39808,7075.523663585209,마포구,37.561118,126.902041
20244,A,골목상권,3110542,마포구청역 7번,CS300001,슈퍼마켓,8767546,1255,6986.092430278884,마포구,37.561118,126.902041
20244,A,골목상권,3110542,마포구청역 7번,CS300002,편의점,473258150,72014,6571.75202044047,마포구,37.561118,126.902041
20244,A,골목상권,3110543,중암중학교,CS100001,한식음식점,20863834,780,26748.505128205128,마포구,37.573246,126.902885
20244,A,골목상권,3110543,중암중학교,CS100010,커피-음료,14416749,1998,7215.59009009009,마포구,37.573246,126.902885
20244,A,골목상권,3110544,망리단길,CS100001,한식음식점,5879682654,129875,45271.85874109721,마포구,37.554949,126.90515
20244,A,골목상권,3110544,망리단길,CS100010,커피-음료,1244607216,165360,7526.652249637155,마포구,37.554949,126.90515
20244,A,골목상권,3110544,망리단길,CS300001,슈퍼마켓,153192128,15925,9619.599874411302,마포구,37.554949,126.90515
20244,A,골목상권,3110544,망리단길,CS300002,편의점,836897086,116299,7196.081531225548,마포구,37.554949,126.90515
20244,A,골목상권,3110545,마포구청역 1번,CS100001,한식음식점,1798803238,59607,30177.718019695672,마포구,37.565211,126.904288
20244,A,골목상권,3110545,마포구청역 1번,CS100010,커피-음료,419512955,90346,4643.40374781396,마포구,37.565211,126.904288
20244,A,골목상권,3110545,마포구청역 1번,CS300002,편의점,2242843107,298143,7522.70926032139,마포구,37.565211,126.904288
20244,A,골목상권,3110546,양화대교북단,CS100001,한식음식점,160900936,8694,18507.123993558776,마포구,37.550156,126.905643
20244,A,골목상권,3110546,양화대교북단,CS100010,커피-음료,196057388,8307,23601.467196340436,마포구,37.550156,126.905643
20244,A,골목상권,3110547,KB국민은행 망원동지점,CS100001,한식음식점,2032003333,55481,36625.2110271985,마포구,37.559508,126.90545
20244,A,골목상권,3110547,KB국민은행 망원동지점,CS100010,커피-음료,153664865,25972,5916.558794085939,마포구,37.559508,126.90545
20244,A,골목상권,3110548,마포구청역 4번,CS100001,한식음식점,1878109527,44681,42033.73977753407,마포구,37.562203,126.906193
20244,A,골목상권,3110548,마포구청역 4번,CS100010,커피-음료,101404618,17977,5640.797574678756,마포구,37.562203,126.906193
20244,A,골목상권,3110549,새터산,CS100001,한식음식점,442759442,13599,32558.235311419958,마포구,37.566151,126.908645
20244,A,골목상권,3110549,새터산,CS100010,커피-음료,14768794,2675,5521.044485981309,마포구,37.566151,126.908645
20244,A,골목상권,3110549,새터산,CS300002,편의점,224499455,38976,5759.940861042693,마포구,37.566151,126.908645
20244,A,골목상권,3110550,합정역 8번,CS100001,한식음식점,5692824628,102402,55592.904708892405,마포구,37.551249,126.909387
20244,A,골목상권,3110550,합정역 8번,CS100010,커피-음료,330564421,38175,8659.18588081205,마포구,37.551249,126.909387
20244,A,골목상권,3110550,합정역 8번,CS300002,편의점,178058199,27921,6377.214247340711,마포구,37.551249,126.909387
20244,A,골목상권,3110551,성서초등학교,CS100001,한식음식점,429673629,9587,44818.36121831647,마포구,37.559538,126.909581
20244,A,골목상권,3110551,성서초등학교,CS100010,커피-음료,113001125,13280,8509.120858433735,마포구,37.559538,126.909581
20244,A,골목상권,3110551,성서초등학교,CS300001,슈퍼마켓,381671070,9956,38335.78445158698,마포구,37.559538,126.909581
20244,A,골목상권,3110551,성서초등학교,CS300002,편의점,320738989,42087,7620.856535272174,마포구,37.559538,126.909581
20244,A,골목상권,3110552,성미산체육관,CS100001,한식음식점,1095407685,38234,28650.093764712037,마포구,37.564089,126.9103
20244,A,골목상권,3110552,성미산체육관,CS100010,커피-음료,53106910,6308,8418.97748890298,마포구,37.564089,126.9103
20244,A,골목상권,3110552,성미산체육관,CS300001,슈퍼마켓,194953520,6199,31449.188578803034,마포구,37.564089,126.9103
20244,A,골목상권,3110552,성미산체육관,CS300002,편의점,250121264,49687,5033.937730190995,마포구,37.564089,126.9103
20244,A,골목상권,3110553,가좌역 2번,CS100001,한식음식점,375908317,9065,41468.098952013235,마포구,37.568081,126.910884
20244,A,골목상권,3110553,가좌역 2번,CS100010,커피-음료,26374058,2514,10490.87430389817,마포구,37.568081,126.910884
20244,A,골목상권,3110554,망원역 1번,CS100001,한식음식점,1263219287,55909,22594.202847484306,마포구,37.556351,126.912595
20244,A,골목상권,3110554,망원역 1번,CS100010,커피-음료,278508679,23130,12041.015088629485,마포구,37.556351,126.912595
20244,A,골목상권,3110554,망원역 1번,CS300001,슈퍼마켓,94744398,11821,8014.9224261906775,마포구,37.556351,126.912595
20244,A,골목상권,3110554,망원역 1번,CS300002,편의점,507185142,79836,6352.837592063731,마포구,37.556351,126.912595
20244,A,골목상권,3110555,홍익지구대,CS100001,한식음식점,1178386088,21733,54221.05038420835,마포구,37.553387,126.912214
20244,A,골목상권,3110555,홍익지구대,CS100010,커피-음료,32880004,3821,8605.078251766554,마포구,37.553387,126.912214
20244,A,골목상권,3110557,홍대부속여중고앞,CS100001,한식음식점,1135416263,36837,30822.712571599208,마포구,37.558227,126.915456
20244,A,골목상권,3110557,홍대부속여중고앞,CS100010,커피-음료,123651210,15796,7828.007723474298,마포구,37.558227,126.915456
20244,A,골목상권,3110557,홍대부속여중고앞,CS300001,슈퍼마켓,885977418,59554,14876.875071363804,마포구,37.558227,126.915456
20244,A,골목상권,3110557,홍대부속여중고앞,CS300002,편의점,793816086,119915,6619.8230913563775,마포구,37.558227,126.915456
20244,A,골목상권,3110558,경성고등학교,CS100001,한식음식점,3208753147,84431,38004.44323767337,마포구,37.564363,126.915846
20244,A,골목상권,3110558,경성고등학교,CS100010,커피-음료,409572417,44777,9146.937423230676,마포구,37.564363,126.915846
20244,A,골목상권,3110558,경성고등학교,CS300001,슈퍼마켓,106179056,10819,9814.12847767816,마포구,37.564363,126.915846
20244,A,골목상권,3110558,경성고등학교,CS300002,편의점,935654113,138941,6734.182948157852,마포구,37.564363,126.915846
20244,A,골목상권,3110559,성산중학교,CS100001,한식음식점,506903776,17844,28407.519390271238,마포구,37.546633,126.917257
20244,A,골목상권,3110559,성산중학교,CS100010,커피-음료,1033656219,94695,10915.636717883732,마포구,37.546633,126.917257
20244,A,골목상권,3110559,성산중학교,CS300001,슈퍼마켓,1290351304,175632,7346.903206704928,마포구,37.546633,126.917257
20244,A,골목상권,3110560,마포FM,CS100001,한식음식점,392044042,16885,23218.48042641398,마포구,37.560122,126.918363
20244,A,골목상권,3110560,마포FM,CS100010,커피-음료,10342315,786,13158.161577608142,마포구,37.560122,126.918363
20244,A,골목상권,3110561,상수역 4번,CS100001,한식음식점,835094164,15335,54456.74365829801,마포구,37.546302,126.921015
20244,A,골목상권,3110561,상수역 4번,CS100010,커피-음료,449853317,43346,10378.196765560837,마포구,37.546302,126.921015
20244,A,골목상권,3110561,상수역 4번,CS300001,슈퍼마켓,224702972,42133,5333.1823511261955,마포구,37.546302,126.921015
20244,A,골목상권,3110561,상수역 4번,CS300002,편의점,338497783,50678,6679.383223489483,마포구,37.546302,126.921015
20244,A,골목상권,3110562,연트럴파크(연남동주민센터),CS100001,한식음식점,161974973,4494,36042.49510458389,마포구,37.563765,126.923339
20244,A,골목상권,3110562,연트럴파크(연남동주민센터),CS100010,커피-음료,924104890,63523,14547.563717078854,마포구,37.563765,126.923339
20244,A,골목상권,3110562,연트럴파크(연남동주민센터),CS300001,슈퍼마켓,99643430,4279,23286.616031783127,마포구,37.563765,126.923339
20244,A,골목상권,3110562,연트럴파크(연남동주민센터),CS300002,편의점,516632128,78503,6581.049488554578,마포구,37.563765,126.923339
20244,A,골목상권,3110564,홍대입구역 3번,CS100001,한식음식점,1060171705,29518,35916.10898434853,마포구,37.559928,126.925618
20244,A,골목상권,3110564,홍대입구역 3번,CS100010,커피-음료,661584177,42543,15550.95261265073,마포구,37.559928,126.925618
20244,A,골목상권,3110565,홍익대,CS100001,한식음식점,142078095,7094,20027.924302227235,마포구,37.552821,126.927911
20244,A,골목상권,3110565,홍익대,CS100010,커피-음료,48730355,6154,7918.484725381865,마포구,37.552821,126.927911
20244,A,골목상권,3110566,경의선책거리,CS100001,한식음식점,1222085826,36936,33086.57748538012,마포구,37.556254,126.92853
20244,A,골목상권,3110566,경의선책거리,CS100010,커피-음료,1871493250,258664,7235.228906999041,마포구,37.556254,126.92853
20244,A,골목상권,3110566,경의선책거리,CS300001,슈퍼마켓,573863940,59618,9625.682511993022,마포구,37.556254,126.92853
20244,A,골목상권,3110566,경의선책거리,CS300002,편의점,1158751054,182745,6340.808525541054,마포구,37.556254,126.92853
20244,A,골목상권,3110567,광흥창역 6번,CS100010,커피-음료,18083187,2848,6349.43363764045,마포구,37.547208,126.928799
20244,A,골목상권,3110568,광흥창역 1번,CS100001,한식음식점,261666313,7666,34133.35677015393,마포구,37.549066,126.931298
20244,A,골목상권,3110568,광흥창역 1번,CS100010,커피-음료,13206484,2138,6177.027128157156,마포구,37.549066,126.931298
20244,A,골목상권,3110568,광흥창역 1번,CS300002,편의점,1058941579,148230,7143.908648721581,마포구,37.549066,126.931298
20244,A,골목상권,3110569,홍대땡땡거리,CS100001,한식음식점,2220665979,37512,59198.81581893794,마포구,37.554634,126.932006
20244,A,골목상권,3110569,홍대땡땡거리,CS100010,커피-음료,965802654,136438,7078.692548996614,마포구,37.554634,126.932006
20244,A,골목상권,3110569,홍대땡땡거리,CS300001,슈퍼마켓,16353101,2287,7150.459554000875,마포구,37.554634,126.932006
20244,A,골목상권,3110569,홍대땡땡거리,CS300002,편의점,382295084,53663,7123.997614743865,마포구,37.554634,126.932006
20244,A,골목상권,3110570,KB국민은행 서강지점,CS100001,한식음식점,291649403,10148,28739.594304296414,마포구,37.544139,126.935026
20244,A,골목상권,3110570,KB국민은행 서강지점,CS100010,커피-음료,621000000,75326,8244.165361229854,마포구,37.544139,126.935026
20244,A,골목상권,3110571,신수동주민센터,CS100001,한식음식점,81558883,2080,39211.001442307694,마포구,37.545554,126.936292
20244,A,골목상권,3110571,신수동주민센터,CS100010,커피-음료,33159740,4665,7108.197213290461,마포구,37.545554,126.936292
20244,A,골목상권,3110571,신수동주민센터,CS300001,슈퍼마켓,228121131,17986,12683.260925164017,마포구,37.545554,126.936292
20244,A,골목상권,3110572,서강대역 1번,CS100001,한식음식점,1687223137,88937,18970.99224169918,마포구,37.550501,126.937046
20244,A,골목상권,3110572,서강대역 1번,CS100010,커피-음료,679630223,141206,4813.040685240004,마포구,37.550501,126.937046
20244,A,골목상권,3110572,서강대역 1번,CS300001,슈퍼마켓,179973072,19464,9246.45869297164,마포구,37.550501,126.937046
20244,A,골목상권,3110573,신촌역 6번,CS100001,한식음식점,149431765,1846,80948.95178764897,마포구,37.55325,126.938062
20244,A,골목상권,3110575,대흥동주민센터,CS100001,한식음식점,339463867,21792,15577.453515051395,마포구,37.555053,126.941229
20244,A,골목상권,3110575,대흥동주민센터,CS100010,커피-음료,16842943,1906,8836.801154249737,마포구,37.555053,126.941229
20244,A,골목상권,3110575,대흥동주민센터,CS300001,슈퍼마켓,131921408,20995,6283.467873303168,마포구,37.555053,126.941229
20244,A,골목상권,3110576,대흥역 3번,CS100001,한식음식점,2573010742,64531,39872.47589530613,마포구,37.546243,126.943828
20244,A,골목상권,3110576,대흥역 3번,CS100010,커피-음료,466595709,31946,14605.763131534464,마포구,37.546243,126.943828
20244,A,골목상권,3110576,대흥역 3번,CS300002,편의점,335424242,55208,6075.645594841328,마포구,37.546243,126.943828
20244,A,골목상권,3110577,용강동주민센터,CS100001,한식음식점,810707392,17617,46018.47034114775,마포구,37.543396,126.944056
20244,A,골목상권,3110577,용강동주민센터,CS100010,커피-음료,110036005,25475,4319.372129538763,마포구,37.543396,126.944056
20244,A,골목상권,3110577,용강동주민센터,CS300001,슈퍼마켓,251996248,15763,15986.566516526042,마포구,37.543396,126.944056
20244,A,골목상권,3110578,대흥역 2번,CS100001,한식음식점,1751238270,51444,34041.64275717285,마포구,37.548235,126.945071
20244,A,골목상권,3110578,대흥역 2번,CS100010,커피-음료,311880154,75679,4121.092429868259,마포구,37.548235,126.945071
20244,A,골목상권,3110578,대흥역 2번,CS300001,슈퍼마켓,1119475595,186503,6002.453553025956,마포구,37.548235,126.945071
20244,A,골목상권,3110578,대흥역 2번,CS300002,편의점,271958536,50452,5390.441132165226,마포구,37.548235,126.945071
20244,A,골목상권,3110579,마포역 4번,CS100001,한식음식점,384926681,5597,68773.75040200107,마포구,37.536089,126.94508
20244,A,골목상권,3110579,마포역 4번,CS100010,커피-음료,38237752,5016,7623.156299840511,마포구,37.536089,126.94508
20244,A,골목상권,3110580,양원초등학교,CS100001,한식음식점,251312905,21431,11726.606551257524,마포구,37.553244,126.944965
20244,A,골목상권,3110580,양원초등학교,CS100010,커피-음료,18167031,2101,8646.849595430747,마포구,37.553244,126.944965
20244,A,골목상권,3110582,이대역 5번,CS100001,한식음식점,366624989,17584,20849.919756596908,마포구,37.555327,126.946944
20244,A,골목상권,3110582,이대역 5번,CS100010,커피-음료,34688832,2599,13346.99191996922,마포구,37.555327,126.946944
20244,A,골목상권,3110582,이대역 5번,CS300001,슈퍼마켓,392137642,39858,9838.367253750816,마포구,37.555327,126.946944
20244,A,골목상권,3110582,이대역 5번,CS300002,편의점,902509957,147045,6137.6446461967425,마포구,37.555327,126.946944
20244,A,골목상권,3110583,공덕래미안3차아파트,CS100001,한식음식점,638269134,12920,49401.635758513934,마포구,37.548806,126.952664
20244,A,골목상권,3110585,마포경찰서,CS100001,한식음식점,229021771,8793,26045.91959513249,마포구,37.550798,126.954202
20244,A,골목상권,3110586,서울서부지방법원,CS100001,한식음식점,3651785836,95190,38363.12465595126,마포구,37.549519,126.956534
20244,A,골목상권,3110586,서울서부지방법원,CS100010,커피-음료,276372585,20042,13789.670941023849,마포구,37.549519,126.956534
20244,A,골목상권,3110586,서울서부지방법원,CS300002,편의점,313865538,47567,6598.388336451741,마포구,37.549519,126.956534
20244,A,골목상권,3110587,공덕동주민센터,CS100001,한식음식점,216899320,4201,51630.402285170196,마포구,37.548411,126.958311
20244,A,골목상권,3110587,공덕동주민센터,CS100010,커피-음료,25517618,2649,9632.924877312193,마포구,37.548411,126.958311
20244,A,골목상권,3110587,공덕동주민센터,CS300001,슈퍼마켓,175740697,26619,6602.077350764492,마포구,37.548411,126.958311
20244,A,골목상권,3110587,공덕동주민센터,CS300002,편의점,70494931,10524,6698.492113264918,마포구,37.548411,126.958311
20244,A,골목상권,3110588,한겨레신문사,CS100001,한식음식점,419087379,10032,41775.057715311006,마포구,37.54779,126.960099
20244,A,골목상권,3110588,한겨레신문사,CS100010,커피-음료,112946383,14828,7617.101632047477,마포구,37.54779,126.960099
20244,A,골목상권,3110588,한겨레신문사,CS300001,슈퍼마켓,27175044,3733,7279.679614251272,마포구,37.54779,126.960099
20244,A,골목상권,3110590,만리재,CS100001,한식음식점,139861495,5737,24378.855673697053,마포구,37.550071,126.962508
20244,A,골목상권,3110590,만리재,CS300001,슈퍼마켓,171834128,20096,8550.66321656051,마포구,37.550071,126.962508
20244,A,골목상권,3110591,충정로역 6번,CS100001,한식음식점,1392974103,44441,31344.34650435409,중구,37.558288,126.962436
20244,A,골목상권,3110591,충정로역 6번,CS100010,커피-음료,9819183,1876,5234.106076759062,중구,37.558288,126.962436
20244,A,골목상권,3110591,충정로역 6번,CS300001,슈퍼마켓,356141082,37834,9413.254797272295,중구,37.558288,126.962436
20244,A,골목상권,3110592,서울금융고등학교,CS100001,한식음식점,329294483,15022,21920.81500465983,양천구,37.535955,126.825634
20244,A,골목상권,3110593,신월3동주민센터,CS100001,한식음식점,779860136,21230,36733.87357512953,양천구,37.533488,126.826794
20244,A,골목상권,3110593,신월3동주민센터,CS100010,커피-음료,115318199,26573,4339.675572949986,양천구,37.533488,126.826794
20244,A,골목상권,3110593,신월3동주민센터,CS300001,슈퍼마켓,599007227,51506,11629.853356890459,양천구,37.533488,126.826794
20244,A,골목상권,3110593,신월3동주민센터,CS300002,편의점,1019075396,122724,8303.798735373684,양천구,37.533488,126.826794
20244,A,골목상권,3110594,신월중학교,CS100001,한식음식점,215889923,3709,58207.04313831221,양천구,37.541319,126.827568
20244,A,골목상권,3110594,신월중학교,CS100010,커피-음료,16598531,2724,6093.440161527166,양천구,37.541319,126.827568
20244,A,골목상권,3110594,신월중학교,CS300002,편의점,196588420,27645,7111.174534273829,양천구,37.541319,126.827568
20244,A,골목상권,3110595,메디힐병원,CS100001,한식음식점,2708506693,50697,53425.38400694321,양천구,37.5378,126.83002
20244,A,골목상권,3110595,메디힐병원,CS100010,커피-음료,131988458,30010,4398.149216927691,양천구,37.5378,126.83002
20244,A,골목상권,3110595,메디힐병원,CS300001,슈퍼마켓,732139806,90117,8124.325110689437,양천구,37.5378,126.83002
20244,A,골목상권,3110596,서서울호수공원,CS100001,한식음식점,30229226,1925,15703.494025974025,양천구,37.529333,126.83151
20244,A,골목상권,3110596,서서울호수공원,CS100010,커피-음료,57000000,9629,5919.61782116523,양천구,37.529333,126.83151
20244,A,골목상권,3110596,서서울호수공원,CS300001,슈퍼마켓,273875362,24491,11182.694132538483,양천구,37.529333,126.83151
20244,A,골목상권,3110596,서서울호수공원,CS300002,편의점,336203552,56393,5961.795825723051,양천구,37.529333,126.83151
20244,A,골목상권,3110597,신월1동주민센터,CS100001,한식음식점,950282258,22378,42465.021807132005,양천구,37.534604,126.831905
20244,A,골목상권,3110597,신월1동주민센터,CS300001,슈퍼마켓,1331887432,102628,12977.817281833417,양천구,37.534604,126.831905
20244,A,골목상권,3110597,신월1동주민센터,CS300002,편의점,132058600,17985,7342.707812065611,양천구,37.534604,126.831905
20244,A,골목상권,3110598,신월문화체육센터,CS100001,한식음식점,637086091,20269,31431.550199812522,양천구,37.519577,126.833342
20244,A,골목상권,3110598,신월문화체육센터,CS100010,커피-음료,80768966,17087,4726.924913677064,양천구,37.519577,126.833342
20244,A,골목상권,3110598,신월문화체육센터,CS300001,슈퍼마켓,57024401,7533,7569.945705562193,양천구,37.519577,126.833342
20244,A,골목상권,3110598,신월문화체육센터,CS300002,편의점,529589229,71015,7457.427712455115,양천구,37.519577,126.833342
20244,A,골목상권,3110599,신월1파출소,CS100001,한식음식점,279505784,12266,22787.036034567096,양천구,37.531012,126.833893
20244,A,골목상권,3110599,신월1파출소,CS100010,커피-음료,27755705,3467,8005.683588116527,양천구,37.531012,126.833893
20244,A,골목상권,3110600,신월7동주민센터,CS100001,한식음식점,715915452,19314,37067.176762969866,양천구,37.522778,126.834862
20244,A,골목상권,3110600,신월7동주민센터,CS300001,슈퍼마켓,356139765,34212,10409.790862855138,양천구,37.522778,126.834862
20244,A,골목상권,3110600,신월7동주민센터,CS300002,편의점,276440607,36615,7549.92781646866,양천구,37.522778,126.834862
20244,A,골목상권,3110601,신월1동우편취급국,CS100001,한식음식점,1872763379,47897,39099.80539490991,양천구,37.527952,126.836536
20244,A,골목상권,3110601,신월1동우편취급국,CS100010,커피-음료,49948810,10677,4678.168961318723,양천구,37.527952,126.836536
20244,A,골목상권,3110601,신월1동우편취급국,CS300001,슈퍼마켓,76226733,10350,7364.901739130435,양천구,37.527952,126.836536
20244,A,골목상권,3110601,신월1동우편취급국,CS300002,편의점,389123088,51648,7534.136617100372,양천구,37.527952,126.836536
20244,A,골목상권,3110602,신월시영아파트중문,CS100001,한식음식점,18778887,785,23922.14904458599,양천구,37.518935,126.837789
20244,A,골목상권,3110603,지향초등학교,CS100010,커피-음료,32668704,4002,8163.094452773613,양천구,37.51255,126.840155
20244,A,골목상권,3110604,신월4동주민센터,CS100001,한식음식점,546680443,23678,23088.117366331615,양천구,37.52337,126.839374
20244,A,골목상권,3110604,신월4동주민센터,CS100010,커피-음료,38219703,7906,4834.265494561093,양천구,37.52337,126.839374
20244,A,골목상권,3110604,신월4동주민센터,CS300001,슈퍼마켓,434589740,28576,15208.207586786115,양천구,37.52337,126.839374
20244,A,골목상권,3110604,신월4동주민센터,CS300002,편의점,463792921,68756,6745.490153586596,양천구,37.52337,126.839374
20244,A,골목상권,3110605,목동센트럴아이파크앞,CS100001,한식음식점,1258835684,35876,35088.51834095217,양천구,37.515857,126.840657
20244,A,골목상권,3110606,신한은행 신월동지점,CS100001,한식음식점,1995706264,46091,43299.2615478076,양천구,37.519894,126.841225
20244,A,골목상권,3110606,신한은행 신월동지점,CS100010,커피-음료,60773722,15023,4045.3785528855756,양천구,37.519894,126.841225
20244,A,골목상권,3110606,신한은행 신월동지점,CS300001,슈퍼마켓,478907691,35400,13528.465847457626,양천구,37.519894,126.841225
20244,A,골목상권,3110606,신한은행 신월동지점,CS300002,편의점,1175556055,155354,7566.950673944668,양천구,37.519894,126.841225
20244,A,골목상권,3110607,금빛새마을금고본점,CS100001,한식음식점,207621457,7862,26408.22398880692,양천구,37.520143,126.845455
20244,A,골목상권,3110608,신월2동주민센터,CS100001,한식음식점,50195915,2199,22826.70077307867,양천구,37.525081,126.845864
20244,A,골목상권,3110608,신월2동주민센터,CS100010,커피-음료,88450123,11534,7668.642535113578,양천구,37.525081,126.845864
20244,A,골목상권,3110608,신월2동주민센터,CS300001,슈퍼마켓,229346293,26603,8621.068789234298,양천구,37.525081,126.845864
20244,A,골목상권,3110609,신정네거리역 2번,CS300001,슈퍼마켓,235755335,25627,9199.490186131814,양천구,37.521689,126.84905
20244,A,골목상권,3110610,계남근린공원,CS300001,슈퍼마켓,161293500,19987,8069.920448291389,양천구,37.516536,126.850135
20244,A,골목상권,3110611,신정역 1번,CS100001,한식음식점,225517442,8894,25356.132448841916,양천구,37.526465,126.856721
20244,A,골목상권,3110611,신정역 1번,CS300001,슈퍼마켓,52993645,5675,9338.087224669604,양천구,37.526465,126.856721
20244,A,골목상권,3110611,신정역 1번,CS300002,편의점,485638119,62080,7822.778978737113,양천구,37.526465,126.856721
20244,A,골목상권,3110612,신정역 5번,CS100001,한식음식점,464241467,12337,37630.01272594634,양천구,37.523436,126.855924
20244,A,골목상권,3110612,신정역 5번,CS100010,커피-음료,122258642,24591,4971.682404131593,양천구,37.523436,126.855924
20244,A,골목상권,3110612,신정역 5번,CS300001,슈퍼마켓,878109670,77931,11267.783937072538,양천구,37.523436,126.855924
20244,A,골목상권,3110612,신정역 5번,CS300002,편의점,435092890,62601,6950.254628520312,양천구,37.523436,126.855924
20244,A,골목상권,3110613,신정네거리역 4번,CS100001,한식음식점,465780246,9336,49890.77185089974,양천구,37.519274,126.856418
20244,A,골목상권,3110614,목동로데오거리,CS100001,한식음식점,1133021809,26831,42228.087249822966,양천구,37.528109,126.860305
20244,A,골목상권,3110614,목동로데오거리,CS100010,커피-음료,8324837,1022,8145.633072407045,양천구,37.528109,126.860305
20244,A,골목상권,3110615,신서초등학교,CS100001,한식음식점,1060190465,33002,32125.03681595055,양천구,37.520965,126.861223
20244,A,골목상권,3110615,신서초등학교,CS100010,커피-음료,80846826,10750,7520.634976744186,양천구,37.520965,126.861223
20244,A,골목상권,3110615,신서초등학교,CS300002,편의점,911906224,144705,6301.829404650842,양천구,37.520965,126.861223
20244,A,골목상권,3110616,양목초등학교,CS100001,한식음식점,97799806,2649,36919.51906379766,양천구,37.523065,126.862147
20244,A,골목상권,3110616,양목초등학교,CS100010,커피-음료,12247020,249,49184.819277108436,양천구,37.523065,126.862147
20244,A,골목상권,3110617,등촌역 4번,CS100001,한식음식점,17623798,860,20492.788372093022,양천구,37.546296,126.865012
20244,A,골목상권,3110617,등촌역 4번,CS100010,커피-음료,4588716,416,11030.567307692309,양천구,37.546296,126.865012
20244,A,골목상권,3110618,강서고등학교,CS100001,한식음식점,309205597,8216,37634.566333982475,양천구,37.535196,126.865394
20244,A,골목상권,3110618,강서고등학교,CS100010,커피-음료,26097099,3290,7932.248936170213,양천구,37.535196,126.865394
20244,A,골목상권,3110618,강서고등학교,CS300001,슈퍼마켓,133209543,16237,8204.07359733941,양천구,37.535196,126.865394
20244,A,골목상권,3110618,강서고등학교,CS300002,편의점,847156575,121994,6944.247872846206,양천구,37.535196,126.865394
20244,A,골목상권,3110619,목4동주민센터,CS100001,한식음식점,159444623,4359,36578.25716907548,양천구,37.531476,126.86591
20244,A,골목상권,3110620,목동보건지소,CS100001,한식음식점,435365970,13758,31644.568251199304,양천구,37.539082,126.867141
20244,A,골목상권,3110620,목동보건지소,CS100010,커피-음료,112207706,20753,5406.818580446201,양천구,37.539082,126.867141
20244,A,골목상권,3110620,목동보건지소,CS300001,슈퍼마켓,909000000,56432,16107.882052736037,양천구,37.539082,126.867141
20244,A,골목상권,3110620,목동보건지소,CS300002,편의점,129305231,17988,7188.416221925729,양천구,37.539082,126.867141
20244,A,골목상권,3110621,목동역 5번,CS100001,한식음식점,574665184,13312,43168.95913461538,양천구,37.525162,126.867618
20244,A,골목상권,3110621,목동역 5번,CS100010,커피-음료,22069248,5629,3920.633860365962,양천구,37.525162,126.867618
20244,A,골목상권,3110622,달마을공원,CS100001,한식음식점,838554702,24025,34903.42151925078,양천구,37.545319,126.869495
20244,A,골목상권,3110622,달마을공원,CS100010,커피-음료,13080425,997,13119.784353059178,양천구,37.545319,126.869495
20244,A,골목상권,3110623,갈산공원,CS100001,한식음식점,739941945,54121,13671.993218898395,양천구,37.506991,126.869788
20244,A,골목상권,3110624,목동문화체육센터,CS100001,한식음식점,17539734,729,24059.991769547327,양천구,37.54123,126.871041
20244,A,골목상권,3110624,목동문화체육센터,CS300001,슈퍼마켓,179875626,24126,7455.675453867198,양천구,37.54123,126.871041
20244,A,골목상권,3110625,신정2동주민센터,CS100001,한식음식점,2150663472,43711,49201.882180686785,양천구,37.518445,126.87168
20244,A,골목상권,3110625,신정2동주민센터,CS100010,커피-음료,124934567,23842,5240.104311718816,양천구,37.518445,126.87168
20244,A,골목상권,3110625,신정2동주민센터,CS300001,슈퍼마켓,1688079169,283072,5963.426863130228,양천구,37.518445,126.87168
20244,A,골목상권,3110625,신정2동주민센터,CS300002,편의점,294533711,52467,5613.694531800941,양천구,37.518445,126.87168
20244,A,골목상권,3110626,양화초등학교,CS100001,한식음식점,58139863,1187,48980.50800336984,양천구,37.544522,126.8734
20244,A,골목상권,3110626,양화초등학교,CS100010,커피-음료,11823508,980,12064.804081632654,양천구,37.544522,126.8734
20244,A,골목상권,3110626,양화초등학교,CS300001,슈퍼마켓,118585596,14920,7948.096246648794,양천구,37.544522,126.8734
20244,A,골목상권,3110626,양화초등학교,CS300002,편의점,64814427,9366,6920.182254964766,양천구,37.544522,126.8734
20244,A,골목상권,3110627,신정롯데캐슬아파트,CS100001,한식음식점,1958790551,41549,47144.1081855159,양천구,37.519997,126.873668
20244,A,골목상권,3110627,신정롯데캐슬아파트,CS100010,커피-음료,81714948,11368,7188.1551724137935,양천구,37.519997,126.873668
20244,A,골목상권,3110627,신정롯데캐슬아파트,CS300002,편의점,523345597,76932,6802.703647376904,양천구,37.519997,126.873668
20244,A,골목상권,3110628,신목동역,CS100010,커피-음료,1133481,52,21797.71153846154,양천구,37.545168,126.879815
20244,A,골목상권,3110630,공항시장역 1번,CS100001,한식음식점,1572687615,84279,18660.492115473604,강서구,37.565319,126.808497
20244,A,골목상권,3110630,공항시장역 1번,CS100010,커피-음료,88414875,15781,5602.615486978011,강서구,37.565319,126.808497
20244,A,골목상권,3110630,공항시장역 1번,CS300001,슈퍼마켓,211910460,29895,7088.491721023583,강서구,37.565319,126.808497
20244,A,골목상권,3110631,방화초등학교,CS300002,편의점,119019840,14313,8315.506183190108,강서구,37.569034,126.80997
20244,A,골목상권,3110632,방화역 3번,CS100001,한식음식점,1903000834,34554,55073.24286623835,강서구,37.574784,126.811144
20244,A,골목상권,3110632,방화역 3번,CS100010,커피-음료,144359225,21750,6637.205747126437,강서구,37.574784,126.811144
20244,A,골목상권,3110632,방화역 3번,CS300001,슈퍼마켓,910433,166,5484.536144578313,강서구,37.574784,126.811144
20244,A,골목상권,3110633,개화산역 1번,CS100001,한식음식점,943421113,25208,37425.464654078074,강서구,37.572773,126.81021
20244,A,골목상권,3110634,송정역 3번,CS100001,한식음식점,1825935111,47604,38356.75806654903,강서구,37.557416,126.813406
20244,A,골목상권,3110634,송정역 3번,CS100010,커피-음료,42204621,4307,9799.076155096354,강서구,37.557416,126.813406
20244,A,골목상권,3110634,송정역 3번,CS300001,슈퍼마켓,2519504694,243615,10342.157477987808,강서구,37.557416,126.813406
20244,A,골목상권,3110634,송정역 3번,CS300002,편의점,1211895052,116222,10427.415222591248,강서구,37.557416,126.813406
20244,A,골목상권,3110635,공항시장역 3번,CS100001,한식음식점,391821353,14271,27455.774157382104,강서구,37.564138,126.81365
20244,A,골목상권,3110635,공항시장역 3번,CS300001,슈퍼마켓,224371184,28667,7826.8107580144415,강서구,37.564138,126.81365
20244,A,골목상권,3110636,방화역 2번,CS100001,한식음식점,2168229720,82047,26426.678854802736,강서구,37.574183,126.81298
20244,A,골목상권,3110636,방화역 2번,CS100010,커피-음료,65872076,11117,5925.346406404606,강서구,37.574183,126.81298
20244,A,골목상권,3110636,방화역 2번,CS300001,슈퍼마켓,298978737,40456,7390.219917935535,강서구,37.574183,126.81298
20244,A,골목상권,3110637,송정역 2번,CS100001,한식음식점,520862499,10003,52070.628711386584,강서구,37.562012,126.813655
20244,A,골목상권,3110637,송정역 2번,CS300001,슈퍼마켓,113682713,14558,7808.951298255255,강서구,37.562012,126.813655
20244,A,골목상권,3110637,송정역 2번,CS300002,편의점,270255212,47381,5703.873113695363,강서구,37.562012,126.813655
20244,A,골목상권,3110638,신방화역 2번,CS100001,한식음식점,2737646229,71697,38183.55341227666,강서구,37.568752,126.814114
20244,A,골목상권,3110638,신방화역 2번,CS100010,커피-음료,127879841,25326,5049.350114506831,강서구,37.568752,126.814114
20244,A,골목상권,3110638,신방화역 2번,CS300001,슈퍼마켓,229810961,24867,9241.6037720674,강서구,37.568752,126.814114
20244,A,골목상권,3110638,신방화역 2번,CS300002,편의점,1395792748,226705,6156.867947332436,강서구,37.568752,126.814114
20244,A,골목상권,3110639,신방화역 8번,CS100001,한식음식점,221181594,7989,27685.767179872324,강서구,37.566086,126.814675
20244,A,골목상권,3110639,신방화역 8번,CS100010,커피-음료,12138315,1435,8458.756097560976,강서구,37.566086,126.814675
20244,A,골목상권,3110639,신방화역 8번,CS300001,슈퍼마켓,143547996,18107,7927.762522781245,강서구,37.566086,126.814675
20244,A,골목상권,3110639,신방화역 8번,CS300002,편의점,324716374,39033,8319.021699587529,강서구,37.566086,126.814675
20244,A,골목상권,3110640,방화역 1번,CS100001,한식음식점,947170457,29524,32081.37301856117,강서구,37.5779,126.815653
20244,A,골목상권,3110640,방화역 1번,CS100010,커피-음료,266647682,46155,5777.222012783014,강서구,37.5779,126.815653
20244,A,골목상권,3110640,방화역 1번,CS300002,편의점,476108970,69741,6826.815933238698,강서구,37.5779,126.815653
20244,A,골목상권,3110641,공항고등학교,CS100001,한식음식점,301951845,6382,47313.04371670323,강서구,37.571993,126.818192
20244,A,골목상권,3110641,공항고등학교,CS100010,커피-음료,43769656,5340,8196.56479400749,강서구,37.571993,126.818192
20244,A,골목상권,3110642,정곡초등학교,CS100001,한식음식점,162652082,1573,103402.46789574063,강서구,37.577922,126.818619
20244,A,골목상권,3110643,강서구다솔마을,CS100001,한식음식점,1656277981,69032,23992.901567389035,강서구,37.555515,126.818719
20244,A,골목상권,3110643,강서구다솔마을,CS100010,커피-음료,20342540,1783,11409.164329781268,강서구,37.555515,126.818719
20244,A,골목상권,3110643,강서구다솔마을,CS300002,편의점,304886442,37745,8077.531911511458,강서구,37.555515,126.818719
20244,A,골목상권,3110644,신광명마을,CS100001,한식음식점,181535632,2003,90631.86819770344,강서구,37.547414,126.824023
20244,A,골목상권,3110645,우장산역 4번,CS100001,한식음식점,999709658,36877,27109.30005152263,강서구,37.55223,126.833518
20244,A,골목상권,3110645,우장산역 4번,CS100010,커피-음료,871172891,122808,7093.779647905674,강서구,37.55223,126.833518
20244,A,골목상권,3110645,우장산역 4번,CS300001,슈퍼마켓,1679374805,98150,17110.288385124808,강서구,37.55223,126.833518
20244,A,골목상권,3110645,우장산역 4번,CS300002,편의점,461391423,68304,6754.969299016163,강서구,37.55223,126.833518
20244,A,골목상권,3110646,푸른들청소년도서관,CS100001,한식음식점,2581468641,72943,35390.217580850804,강서구,37.544051,126.835369
20244,A,골목상권,3110646,푸른들청소년도서관,CS100010,커피-음료,131335362,21063,6235.358780800456,강서구,37.544051,126.835369
20244,A,골목상권,3110646,푸른들청소년도서관,CS300001,슈퍼마켓,43226475,9324,4636.04407979408,강서구,37.544051,126.835369
20244,A,골목상권,3110646,푸른들청소년도서관,CS300002,편의점,424729024,63568,6681.491064686635,강서구,37.544051,126.835369
20244,A,골목상권,3110647,화곡역 5번,CS100001,한식음식점,388515216,6757,57498.1820334468,강서구,37.538657,126.837554
20244,A,골목상권,3110647,화곡역 5번,CS100010,커피-음료,7513524,897,8376.28093645485,강서구,37.538657,126.837554
20244,A,골목상권,3110647,화곡역 5번,CS300001,슈퍼마켓,846409507,75792,11167.5309663289,강서구,37.538657,126.837554
20244,A,골목상권,3110647,화곡역 5번,CS300002,편의점,492702860,68557,7186.762256224747,강서구,37.538657,126.837554
20244,A,골목상권,3110648,양천향교역 7번,CS100001,한식음식점,3321225061,114233,29074.129726086157,강서구,37.56694,126.837945
20244,A,골목상권,3110648,양천향교역 7번,CS100010,커피-음료,402684093,66872,6021.714514295968,강서구,37.56694,126.837945
20244,A,골목상권,3110648,양천향교역 7번,CS300002,편의점,1630745676,204233,7984.731537018993,강서구,37.56694,126.837945
20244,A,골목상권,3110649,우장산역 1번,CS100001,한식음식점,100650934,1750,57514.81942857143,강서구,37.552984,126.837794
20244,A,골목상권,3110649,우장산역 1번,CS100010,커피-음료,194959093,21797,8944.308528696609,강서구,37.552984,126.837794
20244,A,골목상권,3110649,우장산역 1번,CS300001,슈퍼마켓,225505066,28898,7803.4834936673815,강서구,37.552984,126.837794
20244,A,골목상권,3110649,우장산역 1번,CS300002,편의점,1000238859,146835,6811.992093165798,강서구,37.552984,126.837794
20244,A,골목상권,3110650,우장산힐스테이트,CS100001,한식음식점,550531608,15551,35401.685293550254,강서구,37.555102,126.838695
20244,A,골목상권,3110650,우장산힐스테이트,CS100010,커피-음료,6000000,671,8941.877794336811,강서구,37.555102,126.838695
20244,A,골목상권,3110651,화원중학교,CS100001,한식음식점,492589240,10943,45014.094855158546,강서구,37.536443,126.839154
20244,A,골목상권,3110651,화원중학교,CS100010,커피-음료,114945745,14929,7699.493937973072,강서구,37.536443,126.839154
20244,A,골목상권,3110651,화원중학교,CS300001,슈퍼마켓,767056858,38073,20147.003335697213,강서구,37.536443,126.839154
20244,A,골목상권,3110651,화원중학교,CS300002,편의점,1140924410,152620,7475.589110208361,강서구,37.536443,126.839154
20244,A,골목상권,3110652,양천향교역 2번,CS100001,한식음식점,872799543,31533,27678.92503091999,강서구,37.570889,126.839804
20244,A,골목상권,3110652,양천향교역 2번,CS100010,커피-음료,113589013,22801,4981.755756326477,강서구,37.570889,126.839804
20244,A,골목상권,3110652,양천향교역 2번,CS300001,슈퍼마켓,201433787,27703,7271.1903764935205,강서구,37.570889,126.839804
20244,A,골목상권,3110652,양천향교역 2번,CS300002,편의점,157407044,24830,6339.389609343536,강서구,37.570889,126.839804
20244,A,골목상권,3110653,화곡역 2번,CS100001,한식음식점,160797669,5346,30078.127384960717,강서구,37.544645,126.841467
20244,A,골목상권,3110653,화곡역 2번,CS300001,슈퍼마켓,31898668,3444,9262.098722415796,강서구,37.544645,126.841467
20244,A,골목상권,3110653,화곡역 2번,CS300002,편의점,1509797828,199780,7557.302172389628,강서구,37.544645,126.841467
20244,A,골목상권,3110654,까치산역 4번,CS100001,한식음식점,1527402804,43703,34949.60995812644,강서구,37.533031,126.841243
20244,A,골목상권,3110654,까치산역 4번,CS100010,커피-음료,220729507,27587,8001.2145938304275,강서구,37.533031,126.841243
20244,A,골목상권,3110654,까치산역 4번,CS300001,슈퍼마켓,583238479,59528,9797.716687945169,강서구,37.533031,126.841243
20244,A,골목상권,3110654,까치산역 4번,CS300002,편의점,1614419696,205303,7863.595251895978,강서구,37.533031,126.841243
20244,A,골목상권,3110655,발산역 5번,CS100001,한식음식점,2426237532,37727,64310.37538102685,강서구,37.557162,126.842572
20244,A,골목상권,3110655,발산역 5번,CS100010,커피-음료,439480621,42896,10245.258788698247,강서구,37.557162,126.842572
20244,A,골목상권,3110655,발산역 5번,CS300002,편의점,282000000,24475,11521.961184882533,강서구,37.557162,126.842572
20244,A,골목상권,3110656,까치산역 3번,CS100001,한식음식점,4122582948,85370,48290.768982078014,강서구,37.528763,126.84296
20244,A,골목상권,3110656,까치산역 3번,CS100010,커피-음료,19044005,2635,7227.326375711575,강서구,37.528763,126.84296
20244,A,골목상권,3110656,까치산역 3번,CS300001,슈퍼마켓,1950919016,185759,10502.419888134626,강서구,37.528763,126.84296
20244,A,골목상권,3110656,까치산역 3번,CS300002,편의점,2816195326,327938,8587.584622703072,강서구,37.528763,126.84296
20244,A,골목상권,3110657,양천향교역 5번,CS100001,한식음식점,1645434144,64364,25564.510347399166,강서구,37.566533,126.843571
20244,A,골목상권,3110657,양천향교역 5번,CS100010,커피-음료,152372237,25387,6001.978847441604,강서구,37.566533,126.843571
20244,A,골목상권,3110657,양천향교역 5번,CS300001,슈퍼마켓,93326494,14476,6446.980795799945,강서구,37.566533,126.843571
20244,A,골목상권,3110657,양천향교역 5번,CS300002,편의점,120719477,19281,6261.058918105908,강서구,37.566533,126.843571
20244,A,골목상권,3110658,화곡초등학교,CS100001,한식음식점,877216181,16686,52571.987354668585,강서구,37.545282,126.845981
20244,A,골목상권,3110658,화곡초등학교,CS300002,편의점,827325047,110175,7509.190351713183,강서구,37.545282,126.845981
20244,A,골목상권,3110659,화곡역 4번,CS100001,한식음식점,1201301009,37518,32019.324297670453,강서구,37.540561,126.846443
20244,A,골목상권,3110659,화곡역 4번,CS100010,커피-음료,205170299,39460,5199.450050684237,강서구,37.540561,126.846443
20244,A,골목상권,3110659,화곡역 4번,CS300001,슈퍼마켓,3250932265,330045,9849.96671665985,강서구,37.540561,126.846443
20244,A,골목상권,3110659,화곡역 4번,CS300002,편의점,705647854,99444,7095.931921483448,강서구,37.540561,126.846443
20244,A,골목상권,3110660,등촌3동주민센터,CS100001,한식음식점,1962270178,45086,43522.82699729406,강서구,37.558321,126.847289
20244,A,골목상권,3110660,등촌3동주민센터,CS100010,커피-음료,380605146,63554,5988.689083299241,강서구,37.558321,126.847289
20244,A,골목상권,3110660,등촌3동주민센터,CS300001,슈퍼마켓,409987281,27476,14921.65093172223,강서구,37.558321,126.847289
20244,A,골목상권,3110660,등촌3동주민센터,CS300002,편의점,451482446,83399,5413.523495485558,강서구,37.558321,126.847289
20244,A,골목상권,3110661,강서새말어린이공원,CS100001,한식음식점,15034511,815,18447.252760736195,강서구,37.55224,126.847732
20244,A,골목상권,3110662,까치산역 1번,CS100001,한식음식점,665110985,14081,47234.64136069881,강서구,37.534852,126.849136
20244,A,골목상권,3110662,까치산역 1번,CS100010,커피-음료,2275907,420,5418.82619047619,강서구,37.534852,126.849136
20244,A,골목상권,3110662,까치산역 1번,CS300001,슈퍼마켓,1267740920,140633,9014.5337154153,강서구,37.534852,126.849136
20244,A,골목상권,3110662,까치산역 1번,CS300002,편의점,860843900,109898,7833.117072194216,강서구,37.534852,126.849136
20244,A,골목상권,3110663,우장산롯데캐슬아파트앞,CS100001,한식음식점,545510941,17921,30439.760113832934,강서구,37.55417,126.849448
20244,A,골목상권,3110663,우장산롯데캐슬아파트앞,CS100010,커피-음료,451514528,66992,6739.82756149988,강서구,37.55417,126.849448
20244,A,골목상권,3110663,우장산롯데캐슬아파트앞,CS300001,슈퍼마켓,1490819207,137040,10878.715754524226,강서구,37.55417,126.849448
20244,A,골목상권,3110664,강서구청옆,CS100001,한식음식점,1318116221,14694,89704.38417040968,강서구,37.551326,126.852057
20244,A,골목상권,3110665,곰달래도서관,CS100001,한식음식점,86302313,2820,30603.65709219858,강서구,37.529649,126.852654
20244,A,골목상권,3110665,곰달래도서관,CS100010,커피-음료,3425534,547,6262.402193784278,강서구,37.529649,126.852654
20244,A,골목상권,3110665,곰달래도서관,CS300001,슈퍼마켓,449667976,44446,10117.17535886244,강서구,37.529649,126.852654
20244,A,골목상권,3110665,곰달래도서관,CS300002,편의점,80657841,11250,7169.585866666666,강서구,37.529649,126.852654
20244,A,골목상권,3110666,KC대학교,CS100001,한식음식점,6823912,455,14997.608791208791,강서구,37.549273,126.852649
20244,A,골목상권,3110666,KC대학교,CS300001,슈퍼마켓,3087591971,204264,15115.693274390005,강서구,37.549273,126.852649
20244,A,골목상권,3110667,가양역 10번,CS100001,한식음식점,350887496,12028,29172.555370801463,강서구,37.561707,126.8531
20244,A,골목상권,3110667,가양역 10번,CS100010,커피-음료,65448225,19569,3344.4848995860802,강서구,37.561707,126.8531
20244,A,골목상권,3110667,가양역 10번,CS300002,편의점,580389303,44143,13147.935187912013,강서구,37.561707,126.8531
20244,A,골목상권,3110668,화곡2동주민센터,CS100001,한식음식점,793457509,28363,27975.091104608116,강서구,37.53247,126.853316
20244,A,골목상권,3110668,화곡2동주민센터,CS100010,커피-음료,28062362,4607,6091.244193618407,강서구,37.53247,126.853316
20244,A,골목상권,3110668,화곡2동주민센터,CS300001,슈퍼마켓,613830406,59671,10286.913341489166,강서구,37.53247,126.853316
20244,A,골목상권,3110668,화곡2동주민센터,CS300002,편의점,458612655,57656,7954.29192104898,강서구,37.53247,126.853316
20244,A,골목상권,3110669,화곡보람2차아파트,CS100001,한식음식점,113960329,1635,69700.50703363915,강서구,37.552924,126.854011
20244,A,골목상권,3110670,신곡초등학교,CS100001,한식음식점,232372578,6812,34112.23987081621,강서구,37.535537,126.855901
20244,A,골목상권,3110670,신곡초등학교,CS100010,커피-음료,17491471,2625,6663.417523809524,강서구,37.535537,126.855901
20244,A,골목상권,3110670,신곡초등학교,CS300001,슈퍼마켓,111481123,13519,8246.255122420298,강서구,37.535537,126.855901
20244,A,골목상권,3110670,신곡초등학교,CS300002,편의점,728413881,91445,7965.595505495106,강서구,37.535537,126.855901
20244,A,골목상권,3110671,등촌1동주민센터,CS100001,한식음식점,2673024813,80490,33209.40257174804,강서구,37.55566,126.859223
20244,A,골목상권,3110671,등촌1동주민센터,CS100010,커피-음료,377849260,44102,8567.621876558886,강서구,37.55566,126.859223
20244,A,골목상권,3110671,등촌1동주민센터,CS300001,슈퍼마켓,42000000,5796,7246.376811594203,강서구,37.55566,126.859223
20244,A,골목상권,3110671,등촌1동주민센터,CS300002,편의점,623698279,91413,6822.861945237548,강서구,37.55566,126.859223
20244,A,골목상권,3110673,뜸부기어린이공원,CS100001,한식음식점,453917275,10650,42621.34037558686,강서구,37.530415,126.859701
20244,A,골목상권,3110673,뜸부기어린이공원,CS300001,슈퍼마켓,581635985,69924,8318.116598020708,강서구,37.530415,126.859701
20244,A,골목상권,3110673,뜸부기어린이공원,CS300002,편의점,590799056,79177,7461.750963032194,강서구,37.530415,126.859701
20244,A,골목상권,3110674,강서구청가양동별관,CS100001,한식음식점,154165977,6279,24552.63210702341,강서구,37.560986,126.860164
20244,A,골목상권,3110674,강서구청가양동별관,CS100010,커피-음료,78507200,21081,3724.073810540297,강서구,37.560986,126.860164
20244,A,골목상권,3110675,화곡4동주민센터,CS100001,한식음식점,246170952,5326,46220.606834397295,강서구,37.536236,126.860538
20244,A,골목상권,3110675,화곡4동주민센터,CS100010,커피-음료,6794096,1161,5851.9345391903535,강서구,37.536236,126.860538
20244,A,골목상권,3110675,화곡4동주민센터,CS300001,슈퍼마켓,461370968,52864,8727.507717917675,강서구,37.536236,126.860538
20244,A,골목상권,3110675,화곡4동주민센터,CS300002,편의점,644273781,83029,7759.623517084392,강서구,37.536236,126.860538
20244,A,골목상권,3110677,등촌역 1번,CS100001,한식음식점,1294271556,17170,75379.82271403611,강서구,37.553667,126.865757
20244,A,골목상권,3110677,등촌역 1번,CS300001,슈퍼마켓,133628172,20034,6670.069481880802,강서구,37.553667,126.865757
20244,A,골목상권,3110678,염창무학아파트,CS100001,한식음식점,639650205,6807,93969.47333627149,강서구,37.550228,126.876265
20244,A,골목상권,3110679,염창역 2번,CS100001,한식음식점,614179483,30755,19970.06935457649,강서구,37.548337,126.877128
20244,A,골목상권,3110680,온수역 5번(온수산업단지),CS100001,한식음식점,948155681,24594,38552.316865902256,구로구,37.49312,126.818508
20244,A,골목상권,3110680,온수역 5번(온수산업단지),CS300001,슈퍼마켓,1430401974,141200,10130.325594900849,구로구,37.49312,126.818508
20244,A,골목상권,3110681,온수역 1번,CS100001,한식음식점,171548498,4402,38970.581099500225,구로구,37.491895,126.824911
20244,A,골목상권,3110683,오류고등학교,CS300001,슈퍼마켓,931040226,57323,16242.001046700278,구로구,37.498828,126.827552
20244,A,골목상권,3110684,서울공연예술고등학교,CS100001,한식음식점,156747743,4406,35575.97435315479,구로구,37.498651,126.829973
20244,A,골목상권,3110684,서울공연예술고등학교,CS100010,커피-음료,154969439,20627,7512.941242061376,구로구,37.498651,126.829973
20244,A,골목상권,3110684,서울공연예술고등학교,CS300002,편의점,198885682,27635,7196.876497195585,구로구,37.498651,126.829973
20244,A,골목상권,3110685,금강수목원아파트,CS100001,한식음식점,125431811,3893,32219.83329052145,구로구,37.490149,126.83248
20244,A,골목상권,3110686,수궁동주민센터,CS100001,한식음식점,579123887,26217,22089.632185223327,구로구,37.494639,126.834155
20244,A,골목상권,3110686,수궁동주민센터,CS100010,커피-음료,15726445,646,24344.342105263157,구로구,37.494639,126.834155
20244,A,골목상권,3110686,수궁동주민센터,CS300001,슈퍼마켓,601372488,65806,9138.566209768107,구로구,37.494639,126.834155
20244,A,골목상권,3110687,"천왕역 3번(오류2동주민센터, 서울오류남초등학교)",CS100001,한식음식점,160339882,2982,53769.242790073775,구로구,37.488175,126.838002
20244,A,골목상권,3110687,"천왕역 3번(오류2동주민센터, 서울오류남초등학교)",CS100010,커피-음료,53753425,6494,8277.398367724052,구로구,37.488175,126.838002
20244,A,골목상권,3110688,오류지구대,CS100001,한식음식점,492174663,13428,36652.86438784629,구로구,37.495366,126.838631
20244,A,골목상권,3110688,오류지구대,CS300001,슈퍼마켓,300316132,40954,7333.010987937686,구로구,37.495366,126.838631
20244,A,골목상권,3110689,오류동역 3번,CS100001,한식음식점,469175177,9681,48463.503460386324,구로구,37.497606,126.842743
20244,A,골목상권,3110689,오류동역 3번,CS100010,커피-음료,3765804,347,10852.461095100865,구로구,37.497606,126.842743
20244,A,골목상권,3110689,오류동역 3번,CS300001,슈퍼마켓,844828842,58423,14460.552214025298,구로구,37.497606,126.842743
20244,A,골목상권,3110690,오류2동버들시장,CS100001,한식음식점,2794349870,65460,42687.899022303696,구로구,37.492272,126.843048
20244,A,골목상권,3110690,오류2동버들시장,CS100010,커피-음료,19503964,3613,5398.274010517575,구로구,37.492272,126.843048
20244,A,골목상권,3110690,오류2동버들시장,CS300001,슈퍼마켓,852856922,69972,12188.545732578747,구로구,37.492272,126.843048
20244,A,골목상권,3110690,오류2동버들시장,CS300002,편의점,352994177,49851,7080.984874927283,구로구,37.492272,126.843048
20244,A,골목상권,3110691,개봉중학교,CS100001,한식음식점,1162054537,20366,57058.55528822547,구로구,37.502491,126.844497
20244,A,골목상권,3110691,개봉중학교,CS300001,슈퍼마켓,895788402,77800,11513.989742930591,구로구,37.502491,126.844497
20244,A,골목상권,3110692,큰굴다리,CS100001,한식음식점,137614055,1711,80429.0210403273,구로구,37.499593,126.846278
20244,A,골목상권,3110692,큰굴다리,CS300001,슈퍼마켓,42247879,5498,7684.226809749,구로구,37.499593,126.846278
20244,A,골목상권,3110693,오류동역 4번,CS100001,한식음식점,344939233,5554,62106.451746489016,구로구,37.496331,126.846285
20244,A,골목상권,3110694,세곡초등학교,CS100001,한식음식점,561984388,21850,25720.10929061785,구로구,37.504757,126.847365
20244,A,골목상권,3110694,세곡초등학교,CS100010,커피-음료,21036848,3130,6721.037699680511,구로구,37.504757,126.847365
20244,A,골목상권,3110694,세곡초등학교,CS300001,슈퍼마켓,1088153892,77631,14017.00212543958,구로구,37.504757,126.847365
20244,A,골목상권,3110695,개봉1동주민센터,CS100001,한식음식점,1993552713,60394,33009.11867072888,구로구,37.500519,126.851795
20244,A,골목상권,3110695,개봉1동주민센터,CS100010,커피-음료,164730351,21438,7684.035404422054,구로구,37.500519,126.851795
20244,A,골목상권,3110695,개봉1동주민센터,CS300001,슈퍼마켓,2194628255,187501,11704.621602018122,구로구,37.500519,126.851795
20244,A,골목상권,3110696,오류동역 1번,CS100001,한식음식점,284762392,9180,31019.868409586055,구로구,37.494005,126.851955
20244,A,골목상권,3110696,오류동역 1번,CS300001,슈퍼마켓,390327699,46069,8472.675747248692,구로구,37.494005,126.851955
20244,A,골목상권,3110697,개봉3동주민센터,CS100001,한식음식점,43566624,490,88911.4775510204,구로구,37.484402,126.853975
20244,A,골목상권,3110697,개봉3동주민센터,CS100010,커피-음료,31763528,3209,9898.263633530694,구로구,37.484402,126.853975
20244,A,골목상권,3110697,개봉3동주민센터,CS300001,슈퍼마켓,11190618,2870,3899.1700348432055,구로구,37.484402,126.853975
20244,A,골목상권,3110698,개웅초등학교(개웅중학교),CS100001,한식음식점,198587687,4783,41519.48296048505,구로구,37.488456,126.853244
20244,A,골목상권,3110698,개웅초등학교(개웅중학교),CS100010,커피-음료,9962425,1068,9328.11329588015,구로구,37.488456,126.853244
20244,A,골목상권,3110698,개웅초등학교(개웅중학교),CS300001,슈퍼마켓,319986936,39106,8182.5534700557455,구로구,37.488456,126.853244
20244,A,골목상권,3110699,덕의초등학교,CS100001,한식음식점,467328495,9084,51445.23282694848,구로구,37.506136,126.855279
20244,A,골목상권,3110699,덕의초등학교,CS100010,커피-음료,52781054,4382,12044.968963943405,구로구,37.506136,126.855279
20244,A,골목상권,3110699,덕의초등학교,CS300001,슈퍼마켓,200687388,20560,9761.05972762646,구로구,37.506136,126.855279
20244,A,골목상권,3110700,고척초등학교,CS100001,한식음식점,96566703,4650,20767.032903225805,구로구,37.501976,126.857356
20244,A,골목상권,3110700,고척초등학교,CS300001,슈퍼마켓,6626104,513,12916.382066276803,구로구,37.501976,126.857356
20244,A,골목상권,3110701,고척동성당,CS100001,한식음식점,695630452,24086,28881.111517063855,구로구,37.505448,126.859759
20244,A,골목상권,3110701,고척동성당,CS100010,커피-음료,73385418,7155,10256.522431865827,구로구,37.505448,126.859759
20244,A,골목상권,3110701,고척동성당,CS300001,슈퍼마켓,2069511710,111626,18539.692455162774,구로구,37.505448,126.859759
20244,A,골목상권,3110702,개봉초등학교,CS100001,한식음식점,455989662,6173,73868.4046654787,구로구,37.488544,126.858897
20244,A,골목상권,3110702,개봉초등학교,CS100010,커피-음료,31219929,3721,8390.198602526203,구로구,37.488544,126.858897
20244,A,골목상권,3110703,개봉역,CS100001,한식음식점,1656185398,54827,30207.478030897186,구로구,37.495184,126.858975
20244,A,골목상권,3110703,개봉역,CS100010,커피-음료,207122559,34782,5954.877781611178,구로구,37.495184,126.858975
20244,A,골목상권,3110703,개봉역,CS300001,슈퍼마켓,4403823446,278100,15835.395346997482,구로구,37.495184,126.858975
20244,A,골목상권,3110703,개봉역,CS300002,편의점,467745089,37013,12637.319023045957,구로구,37.495184,126.858975
20244,A,골목상권,3110704,고척중학교,CS100001,한식음식점,494778406,13347,37070.38330711021,구로구,37.499416,126.863739
20244,A,골목상권,3110706,그라운드 고척,CS100001,한식음식점,2149224077,76397,28132.309868188542,구로구,37.501247,126.865659
20244,A,골목상권,3110706,그라운드 고척,CS100010,커피-음료,502894198,80829,6221.705056353537,구로구,37.501247,126.865659
20244,A,골목상권,3110706,그라운드 고척,CS300001,슈퍼마켓,312632478,32799,9531.768590505808,구로구,37.501247,126.865659
20244,A,골목상권,3110706,그라운드 고척,CS300002,편의점,751331974,126799,5925.377755345074,구로구,37.501247,126.865659
20244,A,골목상권,3110707,구로창업지원센터,CS100001,한식음식점,1091623018,30101,36265.34061991296,구로구,37.509812,126.879465
20244,A,골목상권,3110707,구로창업지원센터,CS300001,슈퍼마켓,524885966,59025,8892.604252435409,구로구,37.509812,126.879465
20244,A,골목상권,3110708,화원어린이공원,CS100001,한식음식점,20498014,1094,18736.758683729433,구로구,37.497912,126.881271
20244,A,골목상권,3110708,화원어린이공원,CS300001,슈퍼마켓,35372093,3161,11190.159126858589,구로구,37.497912,126.881271
20244,A,골목상권,3110709,구로119안전센터,CS100001,한식음식점,377519191,8449,44682.11516155758,구로구,37.49393,126.88156
20244,A,골목상권,3110709,구로119안전센터,CS300001,슈퍼마켓,255162867,18021,14159.1957715998,구로구,37.49393,126.88156
20244,A,골목상권,3110710,남구로역 3번,CS100001,한식음식점,1138504368,49215,23133.279853703138,구로구,37.486886,126.883945
20244,A,골목상권,3110710,남구로역 3번,CS100010,커피-음료,120071,23,,구로구,37.486886,126.883945
20244,A,골목상권,3110710,남구로역 3번,CS300001,슈퍼마켓,1256425414,115559,10872.588149776304,구로구,37.486886,126.883945
20244,A,골목상권,3110710,남구로역 3번,CS300002,편의점,1017667590,139337,7303.642176880513,구로구,37.486886,126.883945
20244,A,골목상권,3110711,구로초등학교,CS100001,한식음식점,1396536681,22450,62206.533674832965,구로구,37.496626,126.884088
20244,A,골목상권,3110711,구로초등학교,CS100010,커피-음료,55415503,8063,6872.81446111869,구로구,37.496626,126.884088
20244,A,골목상권,3110711,구로초등학교,CS300001,슈퍼마켓,120016175,8944,13418.624217352415,구로구,37.496626,126.884088
20244,A,골목상권,3110712,남구로역 5번,CS100001,한식음식점,919810023,23697,38815.4628433979,구로구,37.487447,126.886567
20244,A,골목상권,3110712,남구로역 5번,CS100010,커피-음료,310432,3,,구로구,37.487447,126.886567
20244,A,골목상권,3110712,남구로역 5번,CS300001,슈퍼마켓,514765144,58182,8847.498264067925,구로구,37.487447,126.886567
20244,A,골목상권,3110712,남구로역 5번,CS300002,편의점,303468694,43081,7044.142290104686,구로구,37.487447,126.886567
20244,A,골목상권,3110713,구로보건소,CS100001,한식음식점,1474550068,46477,31726.446801643822,구로구,37.501261,126.887236
20244,A,골목상권,3110713,구로보건소,CS100010,커피-음료,100168728,11780,8503.287606112055,구로구,37.501261,126.887236
20244,A,골목상권,3110713,구로보건소,CS300001,슈퍼마켓,1924735857,96665,19911.403889722238,구로구,37.501261,126.887236
20244,A,골목상권,3110713,구로보건소,CS300002,편의점,92667028,11506,8053.800451938119,구로구,37.501261,126.887236
20244,A,골목상권,3110714,구로4동주민센터,CS100001,한식음식점,2030803080,55230,36769.92721347094,구로구,37.491324,126.889196
20244,A,골목상권,3110714,구로4동주민센터,CS100010,커피-음료,252629732,60790,4155.777792400066,구로구,37.491324,126.889196
20244,A,골목상권,3110714,구로4동주민센터,CS300001,슈퍼마켓,616872915,47713,12928.822647915662,구로구,37.491324,126.889196
20244,A,골목상권,3110714,구로4동주민센터,CS300002,편의점,600207184,91581,6553.839595549295,구로구,37.491324,126.889196
20244,A,골목상권,3110715,구로구민회관,CS100001,한식음식점,273590829,10674,25631.51854974705,구로구,37.497252,126.888475
20244,A,골목상권,3110716,구로나눔길,CS100001,한식음식점,2523682281,59117,42689.6202615153,구로구,37.49391,126.888797
20244,A,골목상권,3110716,구로나눔길,CS100010,커피-음료,385090866,25249,15251.727434749891,구로구,37.49391,126.888797
20244,A,골목상권,3110717,남구로역 2번,CS100001,한식음식점,1578331137,33083,47708.22286370643,구로구,37.484287,126.889014
20244,A,골목상권,3110717,남구로역 2번,CS100010,커피-음료,90380194,20444,4420.866464488358,구로구,37.484287,126.889014
20244,A,골목상권,3110717,남구로역 2번,CS300001,슈퍼마켓,4431377465,281909,15719.17698619058,구로구,37.484287,126.889014
20244,A,골목상권,3110717,남구로역 2번,CS300002,편의점,920335670,112506,8180.325227098999,구로구,37.484287,126.889014
20244,A,골목상권,3110718,한국SGI본부,CS100001,한식음식점,6926093040,112168,61747.49518579274,구로구,37.503462,126.890807
20244,A,골목상권,3110718,한국SGI본부,CS100010,커피-음료,205826308,21299,9663.660641344664,구로구,37.503462,126.890807
20244,A,골목상권,3110718,한국SGI본부,CS300001,슈퍼마켓,1053281282,141456,7445.999335482412,구로구,37.503462,126.890807
20244,A,골목상권,3110720,대림역 2번,CS100001,한식음식점,1759161317,45996,38245.963062005394,구로구,37.492941,126.893084
20244,A,골목상권,3110720,대림역 2번,CS100010,커피-음료,154808491,13585,11395.545896209054,구로구,37.492941,126.893084
20244,A,골목상권,3110720,대림역 2번,CS300001,슈퍼마켓,1346792213,160938,8368.391635288124,구로구,37.492941,126.893084
20244,A,골목상권,3110720,대림역 2번,CS300002,편의점,301626174,63033,4785.210508781115,구로구,37.492941,126.893084
20244,A,골목상권,3110721,가리봉파출소,CS100001,한식음식점,217889589,6592,33053.63910800971,구로구,37.479552,126.892979
20244,A,골목상권,3110721,가리봉파출소,CS100010,커피-음료,42514882,3659,11619.262640065592,구로구,37.479552,126.892979
20244,A,골목상권,3110721,가리봉파출소,CS300002,편의점,193598547,28075,6895.76302760463,구로구,37.479552,126.892979
20244,A,골목상권,3110722,G타워,CS100001,한식음식점,176395202,1958,90089.48008171604,구로구,37.480231,126.897172
20244,A,골목상권,3110722,G타워,CS100010,커피-음료,72000000,2982,24144.86921529175,구로구,37.480231,126.897172
20244,A,골목상권,3110722,G타워,CS300001,슈퍼마켓,1373959993,191537,7173.339840344163,구로구,37.480231,126.897172
20244,A,골목상권,3110722,G타워,CS300002,편의점,873096394,131405,6644.316380655227,구로구,37.480231,126.897172
20244,A,골목상권,3110723,가산디지털단지역 1번 출입구,CS100001,한식음식점,1266088687,13117,96522.73286574674,금천구,37.483219,126.883589
20244,A,골목상권,3110723,가산디지털단지역 1번 출입구,CS300001,슈퍼마켓,167170456,13843,12076.17250595969,금천구,37.483219,126.883589
20244,A,골목상권,3110724,금천구립가산도서관,CS100001,한식음식점,149133210,5733,26013.11878597593,금천구,37.473071,126.890602
20244,A,골목상권,3110724,금천구립가산도서관,CS300001,슈퍼마켓,225000000,27437,8200.605022414988,금천구,37.473071,126.890602
20244,A,골목상권,3110724,금천구립가산도서관,CS300002,편의점,497045881,71898,6913.208726251078,금천구,37.473071,126.890602
20244,A,골목상권,3110725,가산동주민센터,CS100001,한식음식점,2464625409,49745,49545.18864207458,금천구,37.477756,126.89046
20244,A,골목상권,3110725,가산동주민센터,CS100010,커피-음료,88587374,12968,6831.228716841456,금천구,37.477756,126.89046
20244,A,골목상권,3110725,가산동주민센터,CS300002,편의점,1500562688,200357,7489.4447810657975,금천구,37.477756,126.89046
20244,A,골목상권,3110726,금천철쭉어린이공원(금하마을),CS100001,한식음식점,145190723,3353,43301.73665374292,금천구,37.453294,126.890676
20244,A,골목상권,3110726,금천철쭉어린이공원(금하마을),CS100010,커피-음료,12625662,2851,4428.502981410032,금천구,37.453294,126.890676
20244,A,골목상권,3110726,금천철쭉어린이공원(금하마을),CS300001,슈퍼마켓,466463079,47207,9881.22691549982,금천구,37.453294,126.890676
20244,A,골목상권,3110727,독산역 1번 출입구,CS100001,한식음식점,363238567,10648,34113.31395567243,금천구,37.464665,126.891338
20244,A,골목상권,3110727,독산역 1번 출입구,CS300002,편의점,132148427,21302,6203.5690076049195,금천구,37.464665,126.891338
20244,A,골목상권,3110728,두산초등학교,CS100001,한식음식점,1072402985,43339,24744.52536975934,금천구,37.467342,126.891798
20244,A,골목상권,3110728,두산초등학교,CS100010,커피-음료,13997718,1841,7603.32319391635,금천구,37.467342,126.891798
20244,A,골목상권,3110728,두산초등학교,CS300001,슈퍼마켓,572638302,86055,6654.329231305561,금천구,37.467342,126.891798
20244,A,골목상권,3110729,가산동우체국,CS100001,한식음식점,1881682245,38369,49041.732779066435,금천구,37.478029,126.893252
20244,A,골목상권,3110729,가산동우체국,CS100010,커피-음료,7950636,1419,5602.9852008456655,금천구,37.478029,126.893252
20244,A,골목상권,3110729,가산동우체국,CS300001,슈퍼마켓,240000000,33997,7059.446421743095,금천구,37.478029,126.893252
20244,A,골목상권,3110729,가산동우체국,CS300002,편의점,1029314699,139150,7397.159173553719,금천구,37.478029,126.893252
20244,A,골목상권,3110730,서울축산농협 독산역지점(독산파출소),CS100001,한식음식점,363671346,16226,22412.87723406878,금천구,37.464903,126.89491
20244,A,골목상권,3110730,서울축산농협 독산역지점(독산파출소),CS100010,커피-음료,21000000,2099,10004.764173415912,금천구,37.464903,126.89491
20244,A,골목상권,3110730,서울축산농협 독산역지점(독산파출소),CS300001,슈퍼마켓,6639795,312,21281.39423076923,금천구,37.464903,126.89491
20244,A,골목상권,3110730,서울축산농협 독산역지점(독산파출소),CS300002,편의점,1829111706,240870,7593.771353842321,금천구,37.464903,126.89491
20244,A,골목상권,3110731,금천구청역 1번 출입구,CS100001,한식음식점,2185691846,57417,38066.98096382604,금천구,37.455092,126.896438
20244,A,골목상권,3110731,금천구청역 1번 출입구,CS100010,커피-음료,311971221,37510,8317.014689416155,금천구,37.455092,126.896438
20244,A,골목상권,3110732,가산초등학교(세일중학교),CS100001,한식음식점,1770742854,54481,32502.02555019181,금천구,37.475907,126.897495
20244,A,골목상권,3110732,가산초등학교(세일중학교),CS100010,커피-음료,91022774,8336,10919.238723608445,금천구,37.475907,126.897495
20244,A,골목상권,3110732,가산초등학교(세일중학교),CS300001,슈퍼마켓,356804768,36848,9683.15154146765,금천구,37.475907,126.897495
20244,A,골목상권,3110732,가산초등학교(세일중학교),CS300002,편의점,708115843,100578,7040.4645449303025,금천구,37.475907,126.897495
20244,A,골목상권,3110733,금천어울림복지센터,CS100001,한식음식점,346272005,7460,46417.15884718499,금천구,37.45858,126.897496
20244,A,골목상권,3110735,말미고개,CS100001,한식음식점,809248351,23261,34789.92094063024,금천구,37.462708,126.899152
20244,A,골목상권,3110735,말미고개,CS100010,커피-음료,10106138,2009,5030.432055749129,금천구,37.462708,126.899152
20244,A,골목상권,3110735,말미고개,CS300001,슈퍼마켓,714817501,84316,8477.839330613408,금천구,37.462708,126.899152
20244,A,골목상권,3110736,독산119안전센터,CS100001,한식음식점,1016885631,21968,46289.40417880553,금천구,37.467575,126.900818
20244,A,골목상권,3110736,독산119안전센터,CS100010,커피-음료,753756,60,12562.6,금천구,37.467575,126.900818
20244,A,골목상권,3110736,독산119안전센터,CS300001,슈퍼마켓,73141186,9304,7861.262467755804,금천구,37.467575,126.900818
20244,A,골목상권,3110736,독산119안전센터,CS300002,편의점,401224753,52323,7668.229134415075,금천구,37.467575,126.900818
20244,A,골목상권,3110737,금천세무서,CS100001,한식음식점,20051495,1149,17451.257615317667,금천구,37.476531,126.900908
20244,A,골목상권,3110737,금천세무서,CS300001,슈퍼마켓,277285940,25452,10894.4656608518,금천구,37.476531,126.900908
20244,A,골목상권,3110737,금천세무서,CS300002,편의점,993600010,128783,7715.304116226521,금천구,37.476531,126.900908
20244,A,골목상권,3110738,문성초등학교,CS100001,한식음식점,2147766494,60076,35750.8238564485,금천구,37.472306,126.901298
20244,A,골목상권,3110738,문성초등학교,CS100010,커피-음료,233320116,44289,5268.127887285782,금천구,37.472306,126.901298
20244,A,골목상권,3110738,문성초등학교,CS300001,슈퍼마켓,1591542610,120483,13209.68609679374,금천구,37.472306,126.901298
20244,A,골목상권,3110738,문성초등학교,CS300002,편의점,121308646,17761,6830.057203986262,금천구,37.472306,126.901298
20244,A,골목상권,3110739,시흥3동 우편취급국,CS100001,한식음식점,114629198,2460,46597.2349593496,금천구,37.44115,126.902842
20244,A,골목상권,3110740,금천해태공원,CS100001,한식음식점,430595179,14054,30638.6209620037,금천구,37.458629,126.901531
20244,A,골목상권,3110740,금천해태공원,CS100010,커피-음료,11266060,1224,9204.297385620916,금천구,37.458629,126.901531
20244,A,골목상권,3110740,금천해태공원,CS300001,슈퍼마켓,713050133,75101,9494.549113860003,금천구,37.458629,126.901531
20244,A,골목상권,3110740,금천해태공원,CS300002,편의점,168079410,27409,6132.270786967784,금천구,37.458629,126.901531
20244,A,골목상권,3110741,독산2동주민센터,CS100001,한식음식점,1106426736,35914,30807.672105585567,금천구,37.463837,126.901705
20244,A,골목상권,3110741,독산2동주민센터,CS300001,슈퍼마켓,473285412,37317,12682.836562424633,금천구,37.463837,126.901705
20244,A,골목상권,3110742,KT금천빌딩(금천구시설관리공단),CS100001,한식음식점,317171676,7811,40605.77083600051,금천구,37.447079,126.902857
20244,A,골목상권,3110742,KT금천빌딩(금천구시설관리공단),CS100010,커피-음료,278247289,61339,4536.221474102937,금천구,37.447079,126.902857
20244,A,골목상권,3110743,시흥초등학교(시흥1동우체국),CS100001,한식음식점,1073769085,39034,27508.55882051545,금천구,37.455414,126.904304
20244,A,골목상권,3110743,시흥초등학교(시흥1동우체국),CS100010,커피-음료,5866728,73,80366.13698630137,금천구,37.455414,126.904304
20244,A,골목상권,3110743,시흥초등학교(시흥1동우체국),CS300001,슈퍼마켓,335734928,37920,8853.769198312237,금천구,37.455414,126.904304
20244,A,골목상권,3110743,시흥초등학교(시흥1동우체국),CS300002,편의점,435420593,59350,7336.4885088458295,금천구,37.455414,126.904304
20244,A,골목상권,3110744,독산동성당,CS100001,한식음식점,898808672,26769,33576.475475363295,금천구,37.470677,126.904183
20244,A,골목상권,3110744,독산동성당,CS100010,커피-음료,83940508,17544,4784.570679434564,금천구,37.470677,126.904183
20244,A,골목상권,3110744,독산동성당,CS300001,슈퍼마켓,1817674329,214635,8468.676259696695,금천구,37.470677,126.904183
20244,A,골목상권,3110744,독산동성당,CS300002,편의점,724683825,90246,8030.093577554684,금천구,37.470677,126.904183
20244,A,골목상권,3110745,독산동정훈단지,CS100001,한식음식점,281482789,11589,24288.79014582794,금천구,37.465947,126.90403
20244,A,골목상권,3110745,독산동정훈단지,CS100010,커피-음료,98246062,24001,4093.4153576934295,금천구,37.465947,126.90403
20244,A,골목상권,3110745,독산동정훈단지,CS300001,슈퍼마켓,129651374,9755,13290.761045617632,금천구,37.465947,126.90403
20244,A,골목상권,3110746,금천금빛공원(은행나무사거리서측),CS100001,한식음식점,1740890785,38533,45179.21742402616,금천구,37.451774,126.904478
20244,A,골목상권,3110747,석수역 1번 출입구,CS100001,한식음식점,1017842540,22741,44758.03790510532,금천구,37.434592,126.904703
20244,A,골목상권,3110747,석수역 1번 출입구,CS100010,커피-음료,25426744,2854,8909.160476524177,금천구,37.434592,126.904703
20244,A,골목상권,3110748,백산초등학교,CS100001,한식음식점,73526585,2781,26438.901474289825,금천구,37.44854,126.904573
20244,A,골목상권,3110748,백산초등학교,CS300001,슈퍼마켓,257513262,24187,10646.763219911523,금천구,37.44854,126.904573
20244,A,골목상권,3110748,백산초등학교,CS300002,편의점,298768470,54699,5462.04628969451,금천구,37.44854,126.904573
20244,A,골목상권,3110749,금산초등학교(금천고등학교),CS100001,한식음식점,846016250,25256,33497.634225530564,금천구,37.442053,126.905146
20244,A,골목상권,3110749,금산초등학교(금천고등학교),CS100010,커피-음료,27000000,3660,7377.049180327869,금천구,37.442053,126.905146
20244,A,골목상권,3110749,금산초등학교(금천고등학교),CS300001,슈퍼마켓,938948447,74033,12682.836667432091,금천구,37.442053,126.905146
20244,A,골목상권,3110749,금산초등학교(금천고등학교),CS300002,편의점,357984505,47962,7463.91945707018,금천구,37.442053,126.905146
20244,A,골목상권,3110750,시흥4동주민센터(서울신흥초등학교),CS100001,한식음식점,846443822,22531,37567.96511473082,금천구,37.457741,126.906595
20244,A,골목상권,3110750,시흥4동주민센터(서울신흥초등학교),CS100010,커피-음료,110609341,26256,4212.726272090189,금천구,37.457741,126.906595
20244,A,골목상권,3110750,시흥4동주민센터(서울신흥초등학교),CS300001,슈퍼마켓,380511561,49067,7754.9383699839,금천구,37.457741,126.906595
20244,A,골목상권,3110751,난곡중학교,CS100001,한식음식점,59331376,2493,23799.188126754914,금천구,37.478095,126.906921
20244,A,골목상권,3110751,난곡중학교,CS300001,슈퍼마켓,759766112,70681,10749.226977547007,금천구,37.478095,126.906921
20244,A,골목상권,3110752,한울중학교,CS100001,한식음식점,1301601510,28085,46345.07779953712,금천구,37.461707,126.908941
20244,A,골목상권,3110752,한울중학교,CS100010,커피-음료,3564872,383,9307.759791122715,금천구,37.461707,126.908941
20244,A,골목상권,3110752,한울중학교,CS300001,슈퍼마켓,260064895,23793,10930.311225990838,금천구,37.461707,126.908941
20244,A,골목상권,3110752,한울중학교,CS300002,편의점,2050219908,266170,7702.6708795130935,금천구,37.461707,126.908941
20244,A,골목상권,3110753,시흥동 은행나무사거리,CS100001,한식음식점,1400522921,34518,40573.698389246194,금천구,37.448849,126.908449
20244,A,골목상권,3110753,시흥동 은행나무사거리,CS100010,커피-음료,94290122,15424,6113.208117219917,금천구,37.448849,126.908449
20244,A,골목상권,3110753,시흥동 은행나무사거리,CS300001,슈퍼마켓,410354976,46142,8893.307095487842,금천구,37.448849,126.908449
20244,A,골목상권,3110753,시흥동 은행나무사거리,CS300002,편의점,1372340710,193046,7108.879282658019,금천구,37.448849,126.908449
20244,A,골목상권,3110754,삼성산자연공원(서울금천초등학교),CS100001,한식음식점,226119677,6416,35243.091801745635,금천구,37.453238,126.90928
20244,A,골목상권,3110754,삼성산자연공원(서울금천초등학교),CS300001,슈퍼마켓,721208462,69242,10415.765893532827,금천구,37.453238,126.90928
20244,A,골목상권,3110755,동일여자고등학교,CS100001,한식음식점,780230403,21031,37099.0634301745,금천구,37.450889,126.912831
20244,A,골목상권,3110755,동일여자고등학교,CS100010,커피-음료,72646202,11594,6265.844574780059,금천구,37.450889,126.912831
20244,A,골목상권,3110756,문래중학교,CS100010,커피-음료,4131785,831,4972.0637785800245,영등포구,37.522899,126.883573
20244,A,골목상권,3110756,문래중학교,CS300001,슈퍼마켓,388346488,39454,9843.019415014955,영등포구,37.522899,126.883573
20244,A,골목상권,3110757,양평역 2번,CS100001,한식음식점,1532980373,36529,41966.11932984752,영등포구,37.524828,126.884113
20244,A,골목상권,3110757,양평역 2번,CS100010,커피-음료,185125108,32599,5678.858492591798,영등포구,37.524828,126.884113
20244,A,골목상권,3110757,양평역 2번,CS300001,슈퍼마켓,2196537955,245691,8940.245898303154,영등포구,37.524828,126.884113
20244,A,골목상권,3110757,양평역 2번,CS300002,편의점,157711970,22462,7021.279049060636,영등포구,37.524828,126.884113
20244,A,골목상권,3110758,문래소공원,CS100001,한식음식점,604306178,13134,46010.82518653876,영등포구,37.520893,126.886788
20244,A,골목상권,3110759,문래예술촌(문래창작촌),CS100001,한식음식점,10904622592,242671,44935.829134919295,영등포구,37.514762,126.891458
20244,A,골목상권,3110759,문래예술촌(문래창작촌),CS100010,커피-음료,1078226460,103807,10386.837689173177,영등포구,37.514762,126.891458
20244,A,골목상권,3110759,문래예술촌(문래창작촌),CS300001,슈퍼마켓,150326749,15206,9886.015322898857,영등포구,37.514762,126.891458
20244,A,골목상권,3110759,문래예술촌(문래창작촌),CS300002,편의점,2400028311,401390,5979.292735245023,영등포구,37.514762,126.891458
20244,A,골목상권,3110760,선유도역 6번,CS100001,한식음식점,2565180922,122605,20922.319008197057,영등포구,37.536368,126.8924
20244,A,골목상권,3110760,선유도역 6번,CS100010,커피-음료,654211325,106038,6169.593211867444,영등포구,37.536368,126.8924
20244,A,골목상권,3110760,선유도역 6번,CS300002,편의점,376494563,62173,6055.595885673845,영등포구,37.536368,126.8924
20244,A,골목상권,3110762,선유도역 1번,CS100001,한식음식점,2847892015,80821,35237.0301654273,영등포구,37.540306,126.892767
20244,A,골목상권,3110762,선유도역 1번,CS100010,커피-음료,710069034,101106,7023.015785413329,영등포구,37.540306,126.892767
20244,A,골목상권,3110762,선유도역 1번,CS300001,슈퍼마켓,735619015,75708,9716.529494901464,영등포구,37.540306,126.892767
20244,A,골목상권,3110762,선유도역 1번,CS300002,편의점,449809895,67646,6649.467743842947,영등포구,37.540306,126.892767
20244,A,골목상권,3110763,영등포구청역 2번,CS100001,한식음식점,1460502319,56567,25818.981367228243,영등포구,37.526396,126.894575
20244,A,골목상권,3110763,영등포구청역 2번,CS100010,커피-음료,571692000,66451,8603.211388842907,영등포구,37.526396,126.894575
20244,A,골목상권,3110764,문래역 3번,CS100001,한식음식점,1184937003,30144,39309.215863853504,영등포구,37.520918,126.894718
20244,A,골목상권,3110765,문래동사거리,CS100001,한식음식점,1009502635,23372,43192.82196645559,영등포구,37.511431,126.895512
20244,A,골목상권,3110765,문래동사거리,CS100010,커피-음료,59514774,5566,10692.557312252964,영등포구,37.511431,126.895512
20244,A,골목상권,3110766,대림역 5번,CS100001,한식음식점,168590906,3462,48697.54650491045,영등포구,37.496178,126.896449
20244,A,골목상권,3110766,대림역 5번,CS300001,슈퍼마켓,510554491,59312,8607.945963717291,영등포구,37.496178,126.896449
20244,A,골목상권,3110766,대림역 5번,CS300002,편의점,195334879,23318,8376.999699802727,영등포구,37.496178,126.896449
20244,A,골목상권,3110768,도림2동유수지내체육시설,CS100001,한식음식점,122364815,3810,32116.74934383202,영등포구,37.507018,126.897056
20244,A,골목상권,3110769,대림차이나타운(대림역 12번),CS300001,슈퍼마켓,96496118,11328,8518.37199858757,영등포구,37.490908,126.897124
20244,A,골목상권,3110770,영등포구청역 6번,CS100001,한식음식점,1212741318,41798,29014.338437245802,영등포구,37.522894,126.897713
20244,A,골목상권,3110770,영등포구청역 6번,CS100010,커피-음료,19084327,1277,14944.657008613938,영등포구,37.522894,126.897713
20244,A,골목상권,3110774,당산반도유보라팰리스아파트,CS100001,한식음식점,438350589,13826,31704.801750325474,영등포구,37.528374,126.899787
20244,A,골목상권,3110774,당산반도유보라팰리스아파트,CS100010,커피-음료,31338656,3925,7984.370955414012,영등포구,37.528374,126.899787
20244,A,골목상권,3110775,대동초등학교,CS100001,한식음식점,56158869,832,67498.640625,영등포구,37.491885,126.901216
20244,A,골목상권,3110775,대동초등학교,CS300001,슈퍼마켓,16548036,476,34764.78151260504,영등포구,37.491885,126.901216
20244,A,골목상권,3110776,도신초등학교,CS100001,한식음식점,144549360,5157,28029.738219895287,영등포구,37.497544,126.902452
20244,A,골목상권,3110776,도신초등학교,CS100010,커피-음료,6569235,675,9732.2,영등포구,37.497544,126.902452
20244,A,골목상권,3110776,도신초등학교,CS300001,슈퍼마켓,662255136,65085,10175.23447799032,영등포구,37.497544,126.902452
20244,A,골목상권,3110777,구로세무서,CS100001,한식음식점,84066931,3551,23674.15685722332,영등포구,37.514068,126.90148
20244,A,골목상권,3110778,구로디지털단지역 4번,CS100001,한식음식점,568873891,15357,37043.29563065703,영등포구,37.488624,126.902452
20244,A,골목상권,3110778,구로디지털단지역 4번,CS100010,커피-음료,75964722,6784,11197.630011792453,영등포구,37.488624,126.902452
20244,A,골목상권,3110778,구로디지털단지역 4번,CS300001,슈퍼마켓,1831249824,138620,13210.574404847785,영등포구,37.488624,126.902452
20244,A,골목상권,3110778,구로디지털단지역 4번,CS300002,편의점,391242250,32086,12193.550146481331,영등포구,37.488624,126.902452
20244,A,골목상권,3110779,대림갑을명가아파트,CS100001,한식음식점,95489696,1072,89076.20895522388,영등포구,37.496247,126.902929
20244,A,골목상권,3110780,신길대성유니드아파트,CS300001,슈퍼마켓,565403889,57978,9752.041964193315,영등포구,37.502104,126.903147
20244,A,골목상권,3110781,대림한신아파트,CS100001,한식음식점,65838800,1116,58995.34050179212,영등포구,37.494355,126.903553
20244,A,골목상권,3110781,대림한신아파트,CS300001,슈퍼마켓,660706121,56904,11610.890640376774,영등포구,37.494355,126.903553
20244,A,골목상권,3110782,영등포시장역 4번,CS100001,한식음식점,501153846,12613,39733.12027273448,영등포구,37.522088,126.903744
20244,A,골목상권,3110782,영등포시장역 4번,CS100010,커피-음료,711746,109,6529.779816513761,영등포구,37.522088,126.903744
20244,A,골목상권,3110783,영등포시장역 1번,CS100001,한식음식점,871409529,24887,35014.647366094745,영등포구,37.524783,126.904147
20244,A,골목상권,3110783,영등포시장역 1번,CS100010,커피-음료,12751116,1762,7236.728717366629,영등포구,37.524783,126.904147
20244,A,골목상권,3110783,영등포시장역 1번,CS300001,슈퍼마켓,19371797,466,41570.37982832618,영등포구,37.524783,126.904147
20244,A,골목상권,3110783,영등포시장역 1번,CS300002,편의점,182406192,30300,6020.0063366336635,영등포구,37.524783,126.904147
20244,A,골목상권,3110785,영등포푸르지오아파트,CS100001,한식음식점,264542742,10111,26163.85540500445,영등포구,37.509177,126.904088
20244,A,골목상권,3110785,영등포푸르지오아파트,CS100010,커피-음료,6000000,911,6586.169045005488,영등포구,37.509177,126.904088
20244,A,골목상권,3110785,영등포푸르지오아파트,CS300001,슈퍼마켓,163165252,13809,11815.862987906437,영등포구,37.509177,126.904088
20244,A,골목상권,3110785,영등포푸르지오아파트,CS300002,편의점,218432228,30689,7117.606569129004,영등포구,37.509177,126.904088
20244,A,골목상권,3110786,당산역 8번,CS100001,한식음식점,743687442,17419,42694.037660026406,영등포구,37.534018,126.904781
20244,A,골목상권,3110787,신길3동주민센터,CS100001,한식음식점,723024807,18399,39296.962171857165,영등포구,37.506746,126.905686
20244,A,골목상권,3110787,신길3동주민센터,CS300001,슈퍼마켓,1027044443,85689,11985.720956015359,영등포구,37.506746,126.905686
20244,A,골목상권,3110787,신길3동주민센터,CS300002,편의점,690069750,85447,8075.997401898253,영등포구,37.506746,126.905686
20244,A,골목상권,3110788,영등포시장역 3번,CS100001,한식음식점,225407561,11461,19667.35546636419,영등포구,37.522334,126.90613
20244,A,골목상권,3110789,대림성모병원,CS100001,한식음식점,1751895512,86090,20349.581972354514,영등포구,37.490681,126.906294
20244,A,골목상권,3110789,대림성모병원,CS100010,커피-음료,247332134,12136,20380.03740936058,영등포구,37.490681,126.906294
20244,A,골목상권,3110789,대림성모병원,CS300001,슈퍼마켓,1089262030,94940,11473.162313039815,영등포구,37.490681,126.906294
20244,A,골목상권,3110789,대림성모병원,CS300002,편의점,390244796,73733,5292.6748674270675,영등포구,37.490681,126.906294
20244,A,골목상권,3110790,대림1동주민센터,CS100001,한식음식점,464251005,19731,23529.015508590543,영등포구,37.497619,126.906478
20244,A,골목상권,3110790,대림1동주민센터,CS300001,슈퍼마켓,188335084,15604,12069.66700845937,영등포구,37.497619,126.906478
20244,A,골목상권,3110790,대림1동주민센터,CS300002,편의점,85486151,10956,7802.678988682001,영등포구,37.497619,126.906478
20244,A,골목상권,3110791,신풍역 3번,CS100001,한식음식점,328457823,4354,75438.17707854846,영등포구,37.499818,126.907255
20244,A,골목상권,3110791,신풍역 3번,CS100010,커피-음료,11789256,2133,5527.077355836849,영등포구,37.499818,126.907255
20244,A,골목상권,3110792,영등포역 2번,CS100001,한식음식점,906270301,25196,35968.816518495,영등포구,37.511883,126.907614
20244,A,골목상권,3110792,영등포역 2번,CS100010,커피-음료,169706287,36570,4640.587558107739,영등포구,37.511883,126.907614
20244,A,골목상권,3110792,영등포역 2번,CS300001,슈퍼마켓,670972811,57801,11608.325305790557,영등포구,37.511883,126.907614
20244,A,골목상권,3110792,영등포역 2번,CS300002,편의점,185530016,24860,7462.99340305712,영등포구,37.511883,126.907614
20244,A,골목상권,3110793,대림썬프라자,CS100001,한식음식점,290542260,6276,46294.17782026769,영등포구,37.496016,126.907724
20244,A,골목상권,3110794,영동초등학교,CS100001,한식음식점,708723112,22766,31130.77009575683,영등포구,37.527696,126.908296
20244,A,골목상권,3110794,영동초등학교,CS100010,커피-음료,124316362,15884,7826.514857718459,영등포구,37.527696,126.908296
20244,A,골목상권,3110794,영동초등학교,CS300001,슈퍼마켓,173121828,4550,38048.75340659341,영등포구,37.527696,126.908296
20244,A,골목상권,3110794,영동초등학교,CS300002,편의점,288308248,44462,6484.3742521703925,영등포구,37.527696,126.908296
20244,A,골목상권,3110795,도림초등학교,CS300001,슈퍼마켓,104593432,13833,7561.153184414083,영등포구,37.508884,126.909156
20244,A,골목상권,3110798,신풍역 2번,CS100001,한식음식점,381356564,4864,78403.89884868421,영등포구,37.498612,126.909168
20244,A,골목상권,3110799,영등포본동주민센터,CS100001,한식음식점,89541206,1982,45177.19778002018,영등포구,37.513381,126.910021
20244,A,골목상권,3110800,영등포동성당,CS100001,한식음식점,122561809,3836,31950.41944734098,영등포구,37.521264,126.910204
20244,A,골목상권,3110802,신길동홍어거리,CS100001,한식음식점,187824107,2217,84719.9400090212,영등포구,37.510373,126.91249
20244,A,골목상권,3110802,신길동홍어거리,CS300001,슈퍼마켓,186000000,21244,8755.41329316513,영등포구,37.510373,126.91249
20244,A,골목상권,3110803,신길2동우편취급국,CS100001,한식음식점,1868931523,15493,120630.70567352998,영등포구,37.512634,126.912001
20244,A,골목상권,3110803,신길2동우편취급국,CS300001,슈퍼마켓,183441928,17103,10725.716424019178,영등포구,37.512634,126.912001
20244,A,골목상권,3110804,신풍역 1번,CS100001,한식음식점,3288840814,70265,46806.24512915392,영등포구,37.499525,126.91282
20244,A,골목상권,3110804,신풍역 1번,CS100010,커피-음료,89122942,13782,6466.618923233203,영등포구,37.499525,126.91282
20244,A,골목상권,3110804,신풍역 1번,CS300001,슈퍼마켓,1681510009,228697,7352.566972894267,영등포구,37.499525,126.91282
20244,A,골목상권,3110805,신길새마을금고신길4동지점,CS100001,한식음식점,105679741,3104,34046.30831185567,영등포구,37.505805,126.912699
20244,A,골목상권,3110805,신길새마을금고신길4동지점,CS300001,슈퍼마켓,370217216,32924,11244.60017008869,영등포구,37.505805,126.912699
20244,A,골목상권,3110807,신길역 3번,CS100001,한식음식점,192294017,6464,29748.455600247526,영등포구,37.517789,126.913862
20244,A,골목상권,3110808,신길역 1번,CS300001,슈퍼마켓,13021452,548,23761.77372262774,영등포구,37.516609,126.914248
20244,A,골목상권,3110809,장훈고등학교,CS100001,한식음식점,1235441888,19235,64228.84782947751,영등포구,37.512376,126.915633
20244,A,골목상권,3110810,영신초등학교,CS100001,한식음식점,2173873689,57349,37906.04350555372,영등포구,37.510935,126.916663
20244,A,골목상권,3110810,영신초등학교,CS100010,커피-음료,186850748,38338,4873.774010120507,영등포구,37.510935,126.916663
20244,A,골목상권,3110810,영신초등학교,CS300001,슈퍼마켓,136431823,19292,7071.937746216048,영등포구,37.510935,126.916663
20244,A,골목상권,3110810,영신초등학교,CS300002,편의점,646516794,94965,6807.948128257779,영등포구,37.510935,126.916663
20244,A,골목상권,3110811,보라매역 4번,CS100001,한식음식점,979299409,25803,37952.92830291051,영등포구,37.499141,126.917321
20244,A,골목상권,3110812,신길6동주민센터,CS100001,한식음식점,1762509102,39542,44573.0894239037,영등포구,37.497807,126.917232
20244,A,골목상권,3110812,신길6동주민센터,CS100010,커피-음료,346164479,50640,6835.791449447077,영등포구,37.497807,126.917232
20244,A,골목상권,3110812,신길6동주민센터,CS300001,슈퍼마켓,44603893,5471,8152.786145128861,영등포구,37.497807,126.917232
20244,A,골목상권,3110812,신길6동주민센터,CS300002,편의점,1150791595,182944,6290.403593449361,영등포구,37.497807,126.917232
20244,A,골목상권,3110813,보라매역 6번,CS100001,한식음식점,533946303,13885,38454.90118833273,영등포구,37.501016,126.919117
20244,A,골목상권,3110813,보라매역 6번,CS100010,커피-음료,10845308,2534,4279.91633780584,영등포구,37.501016,126.919117
20244,A,골목상권,3110814,서울지방병무청,CS100001,한식음식점,819042406,32371,25301.73321800377,영등포구,37.507496,126.9217
20244,A,골목상권,3110814,서울지방병무청,CS100010,커피-음료,267550622,54207,4935.720884756582,영등포구,37.507496,126.9217
20244,A,골목상권,3110814,서울지방병무청,CS300001,슈퍼마켓,869021510,79657,10909.543542940357,영등포구,37.507496,126.9217
20244,A,골목상권,3110815,공군호텔,CS100001,한식음식점,2203962957,69638,31648.854892443782,영등포구,37.511668,126.92216
20244,A,골목상권,3110815,공군호텔,CS100010,커피-음료,111595404,18752,5951.120093856655,영등포구,37.511668,126.92216
20244,A,골목상권,3110815,공군호텔,CS300001,슈퍼마켓,487426498,47136,10340.854081805839,영등포구,37.511668,126.92216
20244,A,골목상권,3110815,공군호텔,CS300002,편의점,740155731,118519,6245.038609843147,영등포구,37.511668,126.92216
20244,A,골목상권,3110816,대방역 6번,CS100001,한식음식점,117437109,9119,12878.288079833315,영등포구,37.514796,126.923638
20244,A,골목상권,3110816,대방역 6번,CS300001,슈퍼마켓,215432387,25502,8447.66633989491,영등포구,37.514796,126.923638
20244,A,골목상권,3110817,대방역 4번,CS100001,한식음식점,370544977,6920,53546.96199421965,영등포구,37.513696,126.922893
20244,A,골목상권,3110818,신대방역 3번,CS300001,슈퍼마켓,248053052,33767,7346.019841857435,동작구,37.486747,126.910155
20244,A,골목상권,3110819,신대방역 4번,CS100001,한식음식점,1666901868,51740,32216.88960185543,동작구,37.488775,126.911057
20244,A,골목상권,3110819,신대방역 4번,CS100010,커피-음료,164138423,24376,6733.607769937644,동작구,37.488775,126.911057
20244,A,골목상권,3110819,신대방역 4번,CS300001,슈퍼마켓,517092552,63868,8096.269681217511,동작구,37.488775,126.911057
20244,A,골목상권,3110819,신대방역 4번,CS300002,편의점,2988466337,276564,10805.695379731274,동작구,37.488775,126.911057
20244,A,골목상권,3110820,성남고등학교,CS100001,한식음식점,220802453,5653,39059.34070405095,동작구,37.504353,126.923683
20244,A,골목상권,3110820,성남고등학교,CS100010,커피-음료,82643792,10270,8047.107302823759,동작구,37.504353,126.923683
20244,A,골목상권,3110820,성남고등학교,CS300001,슈퍼마켓,170747083,17307,9865.78164904374,동작구,37.504353,126.923683
20244,A,골목상권,3110820,성남고등학교,CS300002,편의점,46656152,8516,5478.646312822922,동작구,37.504353,126.923683
20244,A,골목상권,3110821,보라매역 2번,CS100001,한식음식점,666852328,18917,35251.48427340487,동작구,37.49692,126.923351
20244,A,골목상권,3110821,보라매역 2번,CS100010,커피-음료,106023976,11649,9101.551721177784,동작구,37.49692,126.923351
20244,A,골목상권,3110821,보라매역 2번,CS300001,슈퍼마켓,162961567,21886,7445.927396509184,동작구,37.49692,126.923351
20244,A,골목상권,3110821,보라매역 2번,CS300002,편의점,81682868,11632,7022.254814305365,동작구,37.49692,126.923351
20244,A,골목상권,3110823,신대방삼거리역 3번,CS100001,한식음식점,214995626,4814,44660.49563772331,동작구,37.495363,126.92644
20244,A,골목상권,3110823,신대방삼거리역 3번,CS100010,커피-음료,79660344,11640,6843.672164948453,동작구,37.495363,126.92644
20244,A,골목상권,3110823,신대방삼거리역 3번,CS300002,편의점,232792838,40730,5715.512840657992,동작구,37.495363,126.92644
20244,A,골목상권,3110824,대방역 3번,CS100001,한식음식점,464074058,10803,42957.88743867444,동작구,37.51196,126.926978
20244,A,골목상권,3110824,대방역 3번,CS100010,커피-음료,145066490,23756,6106.520037043273,동작구,37.51196,126.926978
20244,A,골목상권,3110825,신대방삼거리역 1번,CS100001,한식음식점,15611960,562,27779.28825622776,동작구,37.496213,126.93189
20244,A,골목상권,3110825,신대방삼거리역 1번,CS100010,커피-음료,57890127,1849,31308.884261763116,동작구,37.496213,126.93189
20244,A,골목상권,3110825,신대방삼거리역 1번,CS300001,슈퍼마켓,215931672,29642,7284.6525875447005,동작구,37.496213,126.93189
20244,A,골목상권,3110825,신대방삼거리역 1번,CS300002,편의점,441906366,54542,8102.129844890176,동작구,37.496213,126.93189
20244,A,골목상권,3110826,장승배기역 4번,CS100001,한식음식점,2018884599,51123,39490.73018015375,동작구,37.503441,126.934541
20244,A,골목상권,3110826,장승배기역 4번,CS100010,커피-음료,74493262,4668,15958.2823479006,동작구,37.503441,126.934541
20244,A,골목상권,3110826,장승배기역 4번,CS300001,슈퍼마켓,3226621464,291297,11076.741140485485,동작구,37.503441,126.934541
20244,A,골목상권,3110827,NH농협은행 상도동지점,CS100001,한식음식점,2496019370,52249,47771.61993530977,동작구,37.501278,126.934916
20244,A,골목상권,3110827,NH농협은행 상도동지점,CS100010,커피-음료,76509577,10635,7194.130418429713,동작구,37.501278,126.934916
20244,A,골목상권,3110827,NH농협은행 상도동지점,CS300001,슈퍼마켓,1636172,276,5928.159420289855,동작구,37.501278,126.934916
20244,A,골목상권,3110828,노량진역 6번,CS100001,한식음식점,1081569451,29165,37084.50029144523,동작구,37.51101,126.936185
20244,A,골목상권,3110828,노량진역 6번,CS100010,커피-음료,172244007,29844,5771.478588661037,동작구,37.51101,126.936185
20244,A,골목상권,3110828,노량진역 6번,CS300001,슈퍼마켓,301164407,49501,6084.006525120704,동작구,37.51101,126.936185
20244,A,골목상권,3110828,노량진역 6번,CS300002,편의점,767655026,129242,5939.671515451633,동작구,37.51101,126.936185
20244,A,골목상권,3110829,장승배기역 5번,CS100001,한식음식점,94420043,10818,8728.049824366795,동작구,37.507776,126.938224
20244,A,골목상권,3110829,장승배기역 5번,CS300001,슈퍼마켓,18339336,3798,4828.682464454976,동작구,37.507776,126.938224
20244,A,골목상권,3110830,상도초등학교,CS100001,한식음식점,65703022,750,87604.02933333334,동작구,37.500037,126.938852
20244,A,골목상권,3110830,상도초등학교,CS100010,커피-음료,16955299,1282,13225.66224648986,동작구,37.500037,126.938852
20244,A,골목상권,3110830,상도초등학교,CS300001,슈퍼마켓,802359911,74336,10793.692302518295,동작구,37.500037,126.938852
20244,A,골목상권,3110831,상도4동주민센터,CS100001,한식음식점,406626203,17077,23811.337061544767,동작구,37.49865,126.940606
20244,A,골목상권,3110831,상도4동주민센터,CS100010,커피-음료,33242622,8735,3805.6808242701773,동작구,37.49865,126.940606
20244,A,골목상권,3110831,상도4동주민센터,CS300001,슈퍼마켓,473364979,58879,8039.623278248611,동작구,37.49865,126.940606
20244,A,골목상권,3110832,노량진초등학교,CS100001,한식음식점,1134550392,10109,112231.71352260362,동작구,37.510274,126.941841
20244,A,골목상권,3110833,상도역 2번,CS100001,한식음식점,138256539,5421,25503.881018262313,동작구,37.503518,126.945228
20244,A,골목상권,3110833,상도역 2번,CS100010,커피-음료,3623758,468,7743.072649572649,동작구,37.503518,126.945228
20244,A,골목상권,3110835,상도역 1번,CS100001,한식음식점,540185385,13050,41393.51609195402,동작구,37.501961,126.94783
20244,A,골목상권,3110835,상도역 1번,CS300002,편의점,58835187,9508,6187.966659655028,동작구,37.501961,126.94783
20244,A,골목상권,3110836,상도역 5번,CS100001,한식음식점,2430410952,93036,26123.338836579387,동작구,37.502764,126.951426
20244,A,골목상권,3110836,상도역 5번,CS100010,커피-음료,555747907,103484,5370.375198098257,동작구,37.502764,126.951426
20244,A,골목상권,3110836,상도역 5번,CS300001,슈퍼마켓,424116639,62435,6792.930872106991,동작구,37.502764,126.951426
20244,A,골목상권,3110836,상도역 5번,CS300002,편의점,1271145604,223857,5678.382199350478,동작구,37.502764,126.951426
20244,A,골목상권,3110837,숭실대입구역 1번,CS100001,한식음식점,1450588202,36647,39582.72715365514,동작구,37.494971,126.953455
20244,A,골목상권,3110837,숭실대입구역 1번,CS100010,커피-음료,281146093,47609,5905.313974248566,동작구,37.494971,126.953455
20244,A,골목상권,3110837,숭실대입구역 1번,CS300001,슈퍼마켓,193924068,23792,8150.809852051109,동작구,37.494971,126.953455
20244,A,골목상권,3110837,숭실대입구역 1번,CS300002,편의점,927366980,155027,5981.970753481652,동작구,37.494971,126.953455
20244,A,골목상권,3110838,상도1동주민센터앞,CS100001,한식음식점,157559558,11605,13576.868418785007,동작구,37.497341,126.953759
20244,A,골목상권,3110838,상도1동주민센터앞,CS100010,커피-음료,48243130,4836,9975.833333333334,동작구,37.497341,126.953759
20244,A,골목상권,3110839,숭실대입구역 4번,CS100001,한식음식점,1384530499,68315,20266.859386664713,동작구,37.494495,126.956916
20244,A,골목상권,3110839,숭실대입구역 4번,CS100010,커피-음료,968852555,232812,4161.523267700978,동작구,37.494495,126.956916
20244,A,골목상권,3110839,숭실대입구역 4번,CS300001,슈퍼마켓,203859497,33564,6073.754528661661,동작구,37.494495,126.956916
20244,A,골목상권,3110839,숭실대입구역 4번,CS300002,편의점,175410891,29054,6037.409341226681,동작구,37.494495,126.956916
20244,A,골목상권,3110840,중앙대학교,CS100001,한식음식점,2225111186,86548,25709.56216203725,동작구,37.50802,126.958548
20244,A,골목상권,3110840,중앙대학교,CS100010,커피-음료,559517580,121899,4590.00959810991,동작구,37.50802,126.958548
20244,A,골목상권,3110840,중앙대학교,CS300002,편의점,1634880000,152665,10708.93787050077,동작구,37.50802,126.958548
20244,A,골목상권,3110842,흑리단길,CS100001,한식음식점,1273518202,20940,60817.48815663801,동작구,37.507292,126.965007
20244,A,골목상권,3110842,흑리단길,CS100010,커피-음료,289650900,45036,6431.541433519851,동작구,37.507292,126.965007
20244,A,골목상권,3110842,흑리단길,CS300001,슈퍼마켓,977518532,73529,13294.326483428307,동작구,37.507292,126.965007
20244,A,골목상권,3110843,사당5동주민센터,CS100001,한식음식점,226745232,2959,76629.00709699222,동작구,37.486317,126.967153
20244,A,골목상권,3110843,사당5동주민센터,CS100010,커피-음료,89236753,24832,3593.6192413015465,동작구,37.486317,126.967153
20244,A,골목상권,3110843,사당5동주민센터,CS300001,슈퍼마켓,391912019,54563,7182.743232593516,동작구,37.486317,126.967153
20244,A,골목상권,3110845,사당종합체육관,CS300001,슈퍼마켓,67562372,8613,7844.232207128759,동작구,37.490877,126.970227
20244,A,골목상권,3110846,남성역 1번,CS100001,한식음식점,1051388055,26970,38983.613459399334,동작구,37.481102,126.9723
20244,A,골목상권,3110846,남성역 1번,CS100010,커피-음료,216091851,40982,5272.847860036113,동작구,37.481102,126.9723
20244,A,골목상권,3110846,남성역 1번,CS300001,슈퍼마켓,1580045250,114767,13767.41789887337,동작구,37.481102,126.9723
20244,A,골목상권,3110846,남성역 1번,CS300002,편의점,316625630,48173,6572.678263757706,동작구,37.481102,126.9723
20244,A,골목상권,3110847,예술인마을,CS300001,슈퍼마켓,943423093,99250,9505.522347607053,동작구,37.477038,126.972245
20244,A,골목상권,3110848,양지어린이공원,CS100001,한식음식점,762161949,25121,30339.634130806895,동작구,37.481652,126.975748
20244,A,골목상권,3110848,양지어린이공원,CS100010,커피-음료,4671426,587,7958.136286201022,동작구,37.481652,126.975748
20244,A,골목상권,3110849,이수역 10번,CS100001,한식음식점,929564960,17144,54221.00793280448,동작구,37.485896,126.977138
20244,A,골목상권,3110850,사당역 10번,CS100001,한식음식점,6444005848,107908,59717.591355599216,동작구,37.479418,126.978157
20244,A,골목상권,3110850,사당역 10번,CS100010,커피-음료,381300096,42033,9071.446149454001,동작구,37.479418,126.978157
20244,A,골목상권,3110850,사당역 10번,CS300001,슈퍼마켓,1586726678,163216,9721.636837074797,동작구,37.479418,126.978157
20244,A,골목상권,3110850,사당역 10번,CS300002,편의점,471179681,69989,6732.196216548315,동작구,37.479418,126.978157
20244,A,골목상권,3110851,경문고등학교(동작동성당),CS100001,한식음식점,7562649,980,7716.9887755102045,동작구,37.491798,126.979669
20244,A,골목상권,3110851,경문고등학교(동작동성당),CS300001,슈퍼마켓,459503622,55268,8314.098972280524,동작구,37.491798,126.979669
20244,A,골목상권,3110852,이수역 9번,CS100001,한식음식점,777772661,15678,49609.175979078966,동작구,37.483383,126.979705
20244,A,골목상권,3110852,이수역 9번,CS100010,커피-음료,102000000,9396,10855.683269476373,동작구,37.483383,126.979705
20244,A,골목상권,3110852,이수역 9번,CS300002,편의점,395809273,61836,6400.952082929038,동작구,37.483383,126.979705
20244,A,골목상권,3110853,KT구로지사,CS100001,한식음식점,467389126,7206,64861.10546766583,관악구,37.48092,126.902236
20244,A,골목상권,3110853,KT구로지사,CS100010,커피-음료,57280983,6012,9527.7749500998,관악구,37.48092,126.902236
20244,A,골목상권,3110853,KT구로지사,CS300001,슈퍼마켓,1969374882,161057,12227.813022718665,관악구,37.48092,126.902236
20244,A,골목상권,3110854,조원동주민센터,CS100001,한식음식점,119534298,1290,92662.2465116279,관악구,37.482411,126.907718
20244,A,골목상권,3110855,신대방역 2번,CS100001,한식음식점,3187881617,71866,44358.69002031559,관악구,37.484406,126.912238
20244,A,골목상권,3110855,신대방역 2번,CS100010,커피-음료,212183021,40312,5263.520068465966,관악구,37.484406,126.912238
20244,A,골목상권,3110855,신대방역 2번,CS300001,슈퍼마켓,246670917,22305,11058.996503026226,관악구,37.484406,126.912238
20244,A,골목상권,3110855,신대방역 2번,CS300002,편의점,281465403,39816,7069.153179626281,관악구,37.484406,126.912238
20244,A,골목상권,3110856,미성초등학교,CS100001,한식음식점,242424343,4304,56325.35850371747,관악구,37.479829,126.913159
20244,A,골목상권,3110856,미성초등학교,CS100010,커피-음료,36938024,4997,7392.040024014409,관악구,37.479829,126.913159
20244,A,골목상권,3110856,미성초등학교,CS300001,슈퍼마켓,2058873311,181266,11358.2983626273,관악구,37.479829,126.913159
20244,A,골목상권,3110856,미성초등학교,CS300002,편의점,644469890,53457,12055.855921581831,관악구,37.479829,126.913159
20244,A,골목상권,3110857,미성동주민센터,CS100001,한식음식점,282308003,6385,44214.252623335946,관악구,37.475271,126.91434
20244,A,골목상권,3110857,미성동주민센터,CS300001,슈퍼마켓,257588275,43580,5910.699288664525,관악구,37.475271,126.91434
20244,A,골목상권,3110858,신대방역 1번,CS100001,한식음식점,469115397,11479,40867.27040682986,관악구,37.486967,126.9147
20244,A,골목상권,3110858,신대방역 1번,CS100010,커피-음료,49852026,6787,7345.2226315013995,관악구,37.486967,126.9147
20244,A,골목상권,3110859,난향초등학교,CS100001,한식음식점,160355325,4228,37926.9926679281,관악구,37.463136,126.916637
20244,A,골목상권,3110859,난향초등학교,CS300001,슈퍼마켓,636042332,67552,9415.59586688773,관악구,37.463136,126.916637
20244,A,골목상권,3110860,호림박물관(성보고등학교),CS100001,한식음식점,27918136,518,53896.015444015444,관악구,37.481762,126.919251
20244,A,골목상권,3110860,호림박물관(성보고등학교),CS100010,커피-음료,6000000,1671,3590.664272890485,관악구,37.481762,126.919251
20244,A,골목상권,3110860,호림박물관(성보고등학교),CS300001,슈퍼마켓,232164847,26597,8728.986239049516,관악구,37.481762,126.919251
20244,A,골목상권,3110861,관악구신사동주민센터,CS100001,한식음식점,2065945167,50102,41234.78437986507,관악구,37.483905,126.91779
20244,A,골목상권,3110861,관악구신사동주민센터,CS100010,커피-음료,163260111,25821,6322.764842570001,관악구,37.483905,126.91779
20244,A,골목상권,3110861,관악구신사동주민센터,CS300001,슈퍼마켓,379886631,49186,7723.47072337657,관악구,37.483905,126.91779
20244,A,골목상권,3110861,관악구신사동주민센터,CS300002,편의점,1136309868,165753,6855.44073410436,관악구,37.483905,126.91779
20244,A,골목상권,3110862,난곡초등학교(난곡동벽화마을),CS100001,한식음식점,546332414,15903,34354.04728667547,관악구,37.471859,126.918278
20244,A,골목상권,3110862,난곡초등학교(난곡동벽화마을),CS300001,슈퍼마켓,154052330,18378,8382.431711829362,관악구,37.471859,126.918278
20244,A,골목상권,3110863,난우초등학교,CS100001,한식음식점,1230735814,29186,42168.70465291578,관악구,37.476256,126.918149
20244,A,골목상권,3110863,난우초등학교,CS100010,커피-음료,92695619,15857,5845.722330831809,관악구,37.476256,126.918149
20244,A,골목상권,3110863,난우초등학교,CS300001,슈퍼마켓,649007264,16794,38645.186614267,관악구,37.476256,126.918149
20244,A,골목상권,3110863,난우초등학교,CS300002,편의점,187949344,28003,6711.75745455844,관악구,37.476256,126.918149
20244,A,골목상권,3110864,신림우방아파트,CS100001,한식음식점,94276492,3939,23934.118304138105,관악구,37.487186,126.919426
20244,A,골목상권,3110864,신림우방아파트,CS300001,슈퍼마켓,627470343,80285,7815.536438936289,관악구,37.487186,126.919426
20244,A,골목상권,3110864,신림우방아파트,CS300002,편의점,961282027,147329,6524.730548636046,관악구,37.487186,126.919426
20244,A,골목상권,3110865,남강고등학교(남강중학교),CS100001,한식음식점,1626902203,51018,31888.788329609157,관악구,37.473537,126.920922
20244,A,골목상권,3110865,남강고등학교(남강중학교),CS100010,커피-음료,320570547,81903,3914.0269220907658,관악구,37.473537,126.920922
20244,A,골목상권,3110865,남강고등학교(남강중학교),CS300001,슈퍼마켓,451244407,54346,8303.176075516138,관악구,37.473537,126.920922
20244,A,골목상권,3110865,남강고등학교(남강중학교),CS300002,편의점,758668063,101936,7442.592047951656,관악구,37.473537,126.920922
20244,A,골목상권,3110866,난우중학교,CS100001,한식음식점,228819434,5348,42785.98242333582,관악구,37.469204,126.922509
20244,A,골목상권,3110866,난우중학교,CS100010,커피-음료,38851003,8391,4630.0802049815275,관악구,37.469204,126.922509
20244,A,골목상권,3110866,난우중학교,CS300001,슈퍼마켓,24227817,5554,4362.228483975513,관악구,37.469204,126.922509
20244,A,골목상권,3110866,난우중학교,CS300002,편의점,445441507,53896,8264.834254861215,관악구,37.469204,126.922509
20244,A,골목상권,3110867,국제신학대학원대학교(남서울중학교),CS100001,한식음식점,132320268,3314,39927.660832830414,관악구,37.482233,126.92383
20244,A,골목상권,3110867,국제신학대학원대학교(남서울중학교),CS300002,편의점,736662146,111300,6618.707511230908,관악구,37.482233,126.92383
20244,A,골목상권,3110868,남부초등학교,CS100001,한식음식점,460743129,8648,53277.420097132286,관악구,37.484711,126.92325
20244,A,골목상권,3110868,남부초등학교,CS100010,커피-음료,18775954,1970,9530.94111675127,관악구,37.484711,126.92325
20244,A,골목상권,3110869,"신림역 5번(신림동주민센터, 신림동별빛거리)",CS100001,한식음식점,2097866512,57917,36221.94713123953,관악구,37.487055,126.925487
20244,A,골목상권,3110869,"신림역 5번(신림동주민센터, 신림동별빛거리)",CS100010,커피-음료,199539517,27044,7378.328538677711,관악구,37.487055,126.925487
20244,A,골목상권,3110869,"신림역 5번(신림동주민센터, 신림동별빛거리)",CS300001,슈퍼마켓,1961945666,222676,8810.76391708132,관악구,37.487055,126.925487
20244,A,골목상권,3110869,"신림역 5번(신림동주민센터, 신림동별빛거리)",CS300002,편의점,1012496430,146876,6893.545780113837,관악구,37.487055,126.925487
20244,A,골목상권,3110871,신원동주민센터,CS100001,한식음식점,3222446393,134292,23995.81801596521,관악구,37.480515,126.92728
20244,A,골목상권,3110871,신원동주민센터,CS100010,커피-음료,101375928,21824,4645.157991202346,관악구,37.480515,126.92728
20244,A,골목상권,3110871,신원동주민센터,CS300001,슈퍼마켓,5712205,270,21156.314814814814,관악구,37.480515,126.92728
20244,A,골목상권,3110871,신원동주민센터,CS300002,편의점,322722933,46387,6957.184836268782,관악구,37.480515,126.92728
20244,A,골목상권,3110872,신림초등학교,CS100001,한식음식점,41037209,500,82074.418,관악구,37.478244,126.927723
20244,A,골목상권,3110872,신림초등학교,CS300001,슈퍼마켓,63000000,9114,6912.442396313364,관악구,37.478244,126.927723
20244,A,골목상권,3110873,당곡중학교,CS100001,한식음식점,981357882,41706,23530.376492590993,관악구,37.49122,126.929474
20244,A,골목상권,3110873,당곡중학교,CS100010,커피-음료,23220634,3628,6400.395259095921,관악구,37.49122,126.929474
20244,A,골목상권,3110873,당곡중학교,CS300001,슈퍼마켓,229918183,28828,7975.516268905231,관악구,37.49122,126.929474
20244,A,골목상권,3110873,당곡중학교,CS300002,편의점,612632191,102425,5981.275967781304,관악구,37.49122,126.929474
20244,A,골목상권,3110874,원신초등학교(구세군관악영문교회),CS100001,한식음식점,36532759,2157,16936.837737598515,관악구,37.468092,126.930728
20244,A,골목상권,3110875,보라매동주민센터(당곡고등학교),CS100001,한식음식점,3000000,136,22058.823529411766,관악구,37.488915,126.932201
20244,A,골목상권,3110875,보라매동주민센터(당곡고등학교),CS100010,커피-음료,77776854,11033,7049.474666908366,관악구,37.488915,126.932201
20244,A,골목상권,3110876,서원동주민센터(신관중학교),CS100001,한식음식점,358299821,8654,41402.798821354285,관악구,37.479383,126.932493
20244,A,골목상권,3110877,신림역 8번,CS100001,한식음식점,3035103028,59469,51036.72548722864,관악구,37.486339,126.933063
20244,A,골목상권,3110877,신림역 8번,CS100010,커피-음료,585638932,73025,8019.704649092777,관악구,37.486339,126.933063
20244,A,골목상권,3110877,신림역 8번,CS300001,슈퍼마켓,393995243,52762,7467.405386452371,관악구,37.486339,126.933063
20244,A,골목상권,3110877,신림역 8번,CS300002,편의점,679451492,100173,6782.780709372785,관악구,37.486339,126.933063
20244,A,골목상권,3110878,미림여고,CS100001,한식음식점,84000000,2432,34539.47368421053,관악구,37.464958,126.932754
20244,A,골목상권,3110879,신림현대아파트,CS100001,한식음식점,324871435,18358,17696.45032138577,관악구,37.474022,126.933458
20244,A,골목상권,3110879,신림현대아파트,CS300002,편의점,405854530,57607,7045.229399204958,관악구,37.474022,126.933458
20244,A,골목상권,3110880,신림역 1번,CS100001,한식음식점,417430464,11942,34954.82029810752,관악구,37.483969,126.933461
20244,A,골목상권,3110881,구립대학경로당(관악산샘말공원),CS100001,한식음식점,2457709942,119547,20558.52461375024,관악구,37.467699,126.936222
20244,A,골목상권,3110881,구립대학경로당(관악산샘말공원),CS100010,커피-음료,784892376,167172,4695.118656234297,관악구,37.467699,126.936222
20244,A,골목상권,3110881,구립대학경로당(관악산샘말공원),CS300001,슈퍼마켓,1230136579,199304,6172.162018825513,관악구,37.467699,126.936222
20244,A,골목상권,3110881,구립대학경로당(관악산샘말공원),CS300002,편의점,1488999864,243877,6105.536249830858,관악구,37.467699,126.936222
20244,A,골목상권,3110882,신성초등학교,CS100001,한식음식점,1399036719,49502,28262.226152478688,관악구,37.473024,126.936252
20244,A,골목상권,3110882,신성초등학교,CS100010,커피-음료,59235829,8114,7300.447251663791,관악구,37.473024,126.936252
20244,A,골목상권,3110882,신성초등학교,CS300001,슈퍼마켓,866835386,119603,7247.605712231299,관악구,37.473024,126.936252
20244,A,골목상권,3110883,은천초등학교(은천교앞),CS100001,한식음식점,47807982,2144,22298.49906716418,관악구,37.487224,126.937031
20244,A,골목상권,3110883,은천초등학교(은천교앞),CS100010,커피-음료,37555412,3004,12501.801597869508,관악구,37.487224,126.937031
20244,A,골목상권,3110883,은천초등학교(은천교앞),CS300001,슈퍼마켓,3037825962,305289,9950.65646649568,관악구,37.487224,126.937031
20244,A,골목상권,3110884,봉천역 4번(봉천110안전센터),CS100001,한식음식점,1341820888,47192,28433.22783522631,관악구,37.485207,126.939238
20244,A,골목상권,3110884,봉천역 4번(봉천110안전센터),CS100010,커피-음료,8501006,118,72042.42372881356,관악구,37.485207,126.939238
20244,A,골목상권,3110885,영락고등학교,CS100001,한식음식점,756090679,29743,25420.794102814107,관악구,37.47535,126.93928
20244,A,골목상권,3110885,영락고등학교,CS100010,커피-음료,4756069,961,4949.083246618106,관악구,37.47535,126.93928
20244,A,골목상권,3110885,영락고등학교,CS300001,슈퍼마켓,718892718,76712,9371.320236729585,관악구,37.47535,126.93928
20244,A,골목상권,3110885,영락고등학교,CS300002,편의점,379602596,56535,6714.470611125851,관악구,37.47535,126.93928
20244,A,골목상권,3110886,관악해태어린이공원,CS100001,한식음식점,147364120,5052,29169.461599366587,관악구,37.472016,126.939938
20244,A,골목상권,3110886,관악해태어린이공원,CS100010,커피-음료,205786087,42403,4853.102068249888,관악구,37.472016,126.939938
20244,A,골목상권,3110886,관악해태어린이공원,CS300002,편의점,908991433,137505,6610.606399767281,관악구,37.472016,126.939938
20244,A,골목상권,3110887,서울산업정보학교(서울삼성초등학교),CS100001,한식음식점,9083248,273,33271.9706959707,관악구,37.469539,126.941669
20244,A,골목상권,3110888,청룡동주민센터,CS100001,한식음식점,244736064,7157,34195.34218247869,관악구,37.479055,126.943607
20244,A,골목상권,3110888,청룡동주민센터,CS100010,커피-음료,28971794,2668,10858.993253373314,관악구,37.479055,126.943607
20244,A,골목상권,3110889,봉천역 6번,CS100001,한식음식점,193148811,8260,23383.633292978207,관악구,37.484345,126.94522
20244,A,골목상권,3110890,봉천역 1번(관악초등학교),CS100001,한식음식점,241248676,14104,17104.982699943277,관악구,37.480092,126.945618
20244,A,골목상권,3110890,봉천역 1번(관악초등학교),CS100010,커피-음료,83731810,11770,7114.002548853016,관악구,37.480092,126.945618
20244,A,골목상권,3110890,봉천역 1번(관악초등학교),CS300002,편의점,307492548,47968,6410.368328885924,관악구,37.480092,126.945618
20244,A,골목상권,3110891,구암초등학교,CS100001,한식음식점,85510477,4301,19881.533829342014,관악구,37.488374,126.948145
20244,A,골목상권,3110891,구암초등학교,CS100010,커피-음료,44824543,8053,5566.191853967465,관악구,37.488374,126.948145
20244,A,골목상권,3110892,관악구 중앙길,CS100001,한식음식점,3097372493,88068,35170.23769132943,관악구,37.484284,126.951122
20244,A,골목상권,3110892,관악구 중앙길,CS100010,커피-음료,51241215,7489,6842.197222593137,관악구,37.484284,126.951122
20244,A,골목상권,3110892,관악구 중앙길,CS300001,슈퍼마켓,936669825,128778,7273.523622047244,관악구,37.484284,126.951122
20244,A,골목상권,3110892,관악구 중앙길,CS300002,편의점,1491587998,221341,6738.868975924027,관악구,37.484284,126.951122
20244,A,골목상권,3110893,관악소방서(문영여고),CS100001,한식음식점,512086838,30501,16789.181928461363,관악구,37.47441,126.952541
20244,A,골목상권,3110893,관악소방서(문영여고),CS100010,커피-음료,11299177,1598,7070.824155193993,관악구,37.47441,126.952541
20244,A,골목상권,3110895,샤로수길,CS100001,한식음식점,7759818958,186850,41529.670634198555,관악구,37.476375,126.956101
20244,A,골목상권,3110895,샤로수길,CS100010,커피-음료,362203096,32246,11232.496929851764,관악구,37.476375,126.956101
20244,A,골목상권,3110895,샤로수길,CS300001,슈퍼마켓,435633952,63916,6815.7261405594845,관악구,37.476375,126.956101
20244,A,골목상권,3110895,샤로수길,CS300002,편의점,460229352,73970,6221.837934297689,관악구,37.476375,126.956101
20244,A,골목상권,3110896,관악우성아파트,CS100001,한식음식점,539199669,13053,41308.48609515054,관악구,37.486152,126.957328
20244,A,골목상권,3110896,관악우성아파트,CS100010,커피-음료,10841757,1544,7021.863341968912,관악구,37.486152,126.957328
20244,A,골목상권,3110897,서울대입구역 8번,CS100001,한식음식점,862036330,15938,54086.85719663697,관악구,37.481647,126.95741
20244,A,골목상권,3110897,서울대입구역 8번,CS300001,슈퍼마켓,429353804,59262,7245.010360770814,관악구,37.481647,126.95741
20244,A,골목상권,3110897,서울대입구역 8번,CS300002,편의점,162266034,24980,6495.838030424339,관악구,37.481647,126.95741
20244,A,골목상권,3110899,낙성대역 5번(관악중학교),CS100001,한식음식점,5319296,94,56588.255319148935,관악구,37.479216,126.963109
20244,A,골목상권,3110900,낙성대역 1번(관악구민 종합체육센터),CS100001,한식음식점,948207029,32916,28806.872918945195,관악구,37.474333,126.963417
20244,A,골목상권,3110900,낙성대역 1번(관악구민 종합체육센터),CS100010,커피-음료,80355217,13292,6045.381959073126,관악구,37.474333,126.963417
20244,A,골목상권,3110900,낙성대역 1번(관악구민 종합체육센터),CS300001,슈퍼마켓,139561355,23979,5820.149088786021,관악구,37.474333,126.963417
20244,A,골목상권,3110900,낙성대역 1번(관악구민 종합체육센터),CS300002,편의점,598895891,98590,6074.610924028806,관악구,37.474333,126.963417
20244,A,골목상권,3110901,인헌고등학교(인헌중학교),CS100001,한식음식점,347460062,6782,51232.68386906517,관악구,37.470369,126.968155
20244,A,골목상권,3110901,인헌고등학교(인헌중학교),CS100010,커피-음료,55133430,8094,6811.641957005189,관악구,37.470369,126.968155
20244,A,골목상권,3110901,인헌고등학교(인헌중학교),CS300001,슈퍼마켓,216212733,26586,8132.578537576168,관악구,37.470369,126.968155
20244,A,골목상권,3110902,사당역 4번,CS100001,한식음식점,2293984494,55149,41596.12130772997,관악구,37.47421,126.977401
20244,A,골목상권,3110902,사당역 4번,CS100010,커피-음료,425691016,102853,4138.829358404713,관악구,37.47421,126.977401
20244,A,골목상권,3110902,사당역 4번,CS300001,슈퍼마켓,107736291,15262,7059.120102214651,관악구,37.47421,126.977401
20244,A,골목상권,3110902,사당역 4번,CS300002,편의점,929149855,139630,6654.371231110793,관악구,37.47421,126.977401
20244,A,골목상권,3110903,방배아이파크아파트,CS100001,한식음식점,861455205,37307,23090.980379017343,서초구,37.492177,126.984678
20244,A,골목상권,3110903,방배아이파크아파트,CS100010,커피-음료,102673629,14757,6957.62207765806,서초구,37.492177,126.984678
20244,A,골목상권,3110903,방배아이파크아파트,CS300001,슈퍼마켓,16153140,1129,14307.475642161204,서초구,37.492177,126.984678
20244,A,골목상권,3110903,방배아이파크아파트,CS300002,편의점,273798681,53413,5126.0682043697225,서초구,37.492177,126.984678
20244,A,골목상권,3110904,이수역 5번,CS100001,한식음식점,820840900,26476,31003.206677745882,서초구,37.485257,126.984826
20244,A,골목상권,3110904,이수역 5번,CS100010,커피-음료,93120877,16737,5563.773495847523,서초구,37.485257,126.984826
20244,A,골목상권,3110904,이수역 5번,CS300002,편의점,127507441,21892,5824.385209208844,서초구,37.485257,126.984826
20244,A,골목상권,3110905,방배노인종합복지관(이수중학교),CS100001,한식음식점,49292839,2839,17362.7470940472,서초구,37.481816,126.986059
20244,A,골목상권,3110905,방배노인종합복지관(이수중학교),CS100010,커피-음료,150000000,18918,7928.95654931811,서초구,37.481816,126.986059
20244,A,골목상권,3110906,서문여고,CS100001,한식음식점,225483167,10234,22032.750341997264,서초구,37.490132,126.986307
20244,A,골목상권,3110907,방배초등학교,CS100001,한식음식점,398502362,9311,42799.09376006874,서초구,37.487023,126.985301
20244,A,골목상권,3110907,방배초등학교,CS100010,커피-음료,11970063,1298,9221.928351309707,서초구,37.487023,126.985301
20244,A,골목상권,3110907,방배초등학교,CS300001,슈퍼마켓,107858567,11519,9363.535636774026,서초구,37.487023,126.985301
20244,A,골목상권,3110908,구반포역,CS100010,커피-음료,22678960,2325,9754.391397849462,서초구,37.502097,126.986802
20244,A,골목상권,3110910,내방역 5번,CS100001,한식음식점,77283274,5970,12945.27202680067,서초구,37.488294,126.989484
20244,A,골목상권,3110910,내방역 5번,CS300002,편의점,100884765,13564,7437.685417281038,서초구,37.488294,126.989484
20244,A,골목상권,3110912,방배동사이길,CS100001,한식음식점,578178544,14941,38697.44622180577,서초구,37.494196,126.990196
20244,A,골목상권,3110912,방배동사이길,CS100010,커피-음료,300309800,60081,4998.415472445532,서초구,37.494196,126.990196
20244,A,골목상권,3110913,방현초등학교(방배119안전센터),CS100001,한식음식점,634265953,22188,28585.99031007752,서초구,37.476626,126.988141
20244,A,골목상권,3110913,방현초등학교(방배119안전센터),CS100010,커피-음료,19582155,2026,9665.426949654491,서초구,37.476626,126.988141
20244,A,골목상권,3110915,서래초등학교,CS100010,커피-음료,178977115,16100,11116.59099378882,서초구,37.495007,126.992898
20244,A,골목상권,3110916,내방역 4번,CS100001,한식음식점,807805314,29068,27790.192445300676,서초구,37.485249,126.992244
20244,A,골목상권,3110916,내방역 4번,CS100010,커피-음료,86157915,5678,15173.989961253963,서초구,37.485249,126.992244
20244,A,골목상권,3110918,방배역 3번,CS300002,편의점,658958634,87824,7503.1726407360175,서초구,37.482087,126.993578
20244,A,골목상권,3110921,서울프랑스학교,CS100001,한식음식점,188324795,3260,57768.342024539874,서초구,37.49744,126.996653
20244,A,골목상권,3110921,서울프랑스학교,CS100010,커피-음료,131576381,4223,31157.08761543926,서초구,37.49744,126.996653
20244,A,골목상권,3110922,내방역 1번,CS100010,커피-음료,31520387,3568,8834.18918161435,서초구,37.486249,126.996981
20244,A,골목상권,3110924,반포4동주민센터(몽마르뜨공원),CS100001,한식음식점,1511223888,9434,160189.0913716345,서초구,37.496818,127.00069
20244,A,골목상권,3110925,서초중학교,CS100001,한식음식점,653161635,23696,27564.214846387575,서초구,37.48679,127.006976
20244,A,골목상권,3110925,서초중학교,CS100010,커피-음료,133704493,19140,6985.605694879833,서초구,37.48679,127.006976
20244,A,골목상권,3110926,신중초등학교,CS100001,한식음식점,256530750,11562,22187.40269849507,서초구,37.481609,127.008016
20244,A,골목상권,3110926,신중초등학교,CS100010,커피-음료,43428013,5770,7526.518717504333,서초구,37.481609,127.008016
20244,A,골목상권,3110926,신중초등학교,CS300002,편의점,410597487,84537,4857.015117640796,서초구,37.481609,127.008016
20244,A,골목상권,3110927,잠원역,CS100001,한식음식점,195595735,10325,18943.89685230024,서초구,37.512802,127.011175
20244,A,골목상권,3110929,남부터미널역 1번,CS100001,한식음식점,298376834,13692,21792.056237218814,서초구,37.488545,127.02059
20244,A,골목상권,3110929,남부터미널역 1번,CS100010,커피-음료,3570429,439,8133.095671981777,서초구,37.488545,127.02059
20244,A,골목상권,3110929,남부터미널역 1번,CS300001,슈퍼마켓,586864512,47992,12228.38206367728,서초구,37.488545,127.02059
20244,A,골목상권,3110929,남부터미널역 1번,CS300002,편의점,107836239,13543,7962.507494646681,서초구,37.488545,127.02059
20244,A,골목상권,3110930,서초동성당,CS100001,한식음식점,214153160,6904,31018.707995365006,서초구,37.492528,127.021134
20244,A,골목상권,3110930,서초동성당,CS100010,커피-음료,8365134,1223,6839.847914963205,서초구,37.492528,127.021134
20244,A,골목상권,3110931,삼성전자서울R&D(서울우면초등학교),CS100010,커피-음료,667090886,85044,7844.06761205964,서초구,37.466137,127.020867
20244,A,골목상권,3110932,서울시인재개발원,CS100001,한식음식점,156664987,7271,21546.553018841976,서초구,37.484004,127.023145
20244,A,골목상권,3110933,한국상담대학원대학교,CS100001,한식음식점,807000000,22644,35638.57975622681,서초구,37.486544,127.023688
20244,A,골목상권,3110934,우면주공아파트,CS100001,한식음식점,598665330,13806,43362.692307692305,서초구,37.468938,127.026169
20244,A,골목상권,3110934,우면주공아파트,CS100010,커피-음료,36718277,3042,12070.439513477975,서초구,37.468938,127.026169
20244,A,골목상권,3110936,더케이호텔(양재리본타워2단지아파트),CS100001,한식음식점,566344794,10577,53544.93656046138,서초구,37.465809,127.034997
20244,A,골목상권,3110936,더케이호텔(양재리본타워2단지아파트),CS100010,커피-음료,809631914,44251,18296.352941176472,서초구,37.465809,127.034997
20244,A,골목상권,3110937,방아다리근린공원(횃불트리니티신학대학원대학교),CS100001,한식음식점,1103623390,26397,41808.66727279615,서초구,37.478279,127.036359
20244,A,골목상권,3110937,방아다리근린공원(횃불트리니티신학대학원대학교),CS100010,커피-음료,227222030,24652,9217.18440694467,서초구,37.478279,127.036359
20244,A,골목상권,3110938,바우뫼공원,CS100001,한식음식점,695577015,24974,27852.046728597743,서초구,37.475162,127.036346
20244,A,골목상권,3110938,바우뫼공원,CS100010,커피-음료,389886598,36985,10541.7493037718,서초구,37.475162,127.036346
20244,A,골목상권,3110939,양재역 8번(양재동우체국),CS100001,한식음식점,8723078773,186042,46887.68543124671,서초구,37.482044,127.039617
20244,A,골목상권,3110939,양재역 8번(양재동우체국),CS100010,커피-음료,700052117,78448,8923.772651947787,서초구,37.482044,127.039617
20244,A,골목상권,3110939,양재역 8번(양재동우체국),CS300001,슈퍼마켓,929349989,90288,10293.172835814283,서초구,37.482044,127.039617
20244,A,골목상권,3110939,양재역 8번(양재동우체국),CS300002,편의점,381805693,56332,6777.776272811191,서초구,37.482044,127.039617
20244,A,골목상권,3110941,언남고등학교,CS100001,한식음식점,142705493,2196,64984.286429872496,서초구,37.47379,127.041851
20244,A,골목상권,3110942,염곡동 구룡사(포이동성당),CS100001,한식음식점,4174582615,55761,74865.63395563207,서초구,37.469581,127.045896
20244,A,골목상권,3110942,염곡동 구룡사(포이동성당),CS100010,커피-음료,350620387,41300,8489.59774818402,서초구,37.469581,127.045896
20244,A,골목상권,3110942,염곡동 구룡사(포이동성당),CS300001,슈퍼마켓,1413729458,89489,15797.801495155829,서초구,37.469581,127.045896
20244,A,골목상권,3110942,염곡동 구룡사(포이동성당),CS300002,편의점,332310583,42609,7799.070219906593,서초구,37.469581,127.045896
20244,A,골목상권,3110943,법제교육센터(버들어린이공원),CS100001,한식음식점,151528386,6856,22101.573220536757,서초구,37.473473,127.046384
20244,A,골목상권,3110943,법제교육센터(버들어린이공원),CS100010,커피-음료,95710298,7993,11974.264731640185,서초구,37.473473,127.046384
20244,A,골목상권,3110946,청계산원터골,CS100001,한식음식점,721272717,8912,80932.75549820467,서초구,37.44351,127.056389
20244,A,골목상권,3110946,청계산원터골,CS100010,커피-음료,176532585,9642,18308.710329807094,서초구,37.44351,127.056389
20244,A,골목상권,3110947,청계산입구역 2번(내곡동주민센터),CS100001,한식음식점,1424829707,30966,46012.714170380415,서초구,37.446491,127.058799
20244,A,골목상권,3110949,한남IC,CS100001,한식음식점,363807809,9144,39786.50579615048,강남구,37.520901,127.019242
20244,A,골목상권,3110949,한남IC,CS100010,커피-음료,201253683,18454,10905.694321014415,강남구,37.520901,127.019242
20244,A,골목상권,3110951,신사은행나무공원,CS100001,한식음식점,237644912,4269,55667.58304052471,강남구,37.520746,127.025305
20244,A,골목상권,3110951,신사은행나무공원,CS100010,커피-음료,37323679,1658,22511.265983112182,강남구,37.520746,127.025305
20244,A,골목상권,3110952,논현목련공원,CS100001,한식음식점,51427763,1476,34842.657859078594,강남구,37.511322,127.026433
20244,A,골목상권,3110953,학동근린공원,CS100010,커피-음료,16752275,123,136197.35772357724,강남구,37.515926,127.027159
20244,A,골목상권,3110954,국기원,CS100010,커피-음료,2274399341,128615,17683.779815729114,강남구,37.502446,127.028613
20244,A,골목상권,3110955,논현초등학교,CS100001,한식음식점,1509149260,41952,35973.23750953471,강남구,37.508996,127.029441
20244,A,골목상권,3110955,논현초등학교,CS100010,커피-음료,58215265,5633,10334.682229717735,강남구,37.508996,127.029441
20244,A,골목상권,3110955,논현초등학교,CS300001,슈퍼마켓,567301845,76107,7454.003508218692,강남구,37.508996,127.029441
20244,A,골목상권,3110955,논현초등학교,CS300002,편의점,683667350,80568,8485.594156488929,강남구,37.508996,127.029441
20244,A,골목상권,3110957,언북중학교,CS100001,한식음식점,1115646420,15445,72233.5008093234,강남구,37.51769,127.031639
20244,A,골목상권,3110957,언북중학교,CS100010,커피-음료,315701029,51270,6157.617105519797,강남구,37.51769,127.031639
20244,A,골목상권,3110957,언북중학교,CS300001,슈퍼마켓,10067672,1183,8510.289095519865,강남구,37.51769,127.031639
20244,A,골목상권,3110958,역삼역 4번,CS100001,한식음식점,75361855,2441,30873.353133961493,강남구,37.503076,127.03265
20244,A,골목상권,3110958,역삼역 4번,CS100010,커피-음료,92198267,9013,10229.47597914124,강남구,37.503076,127.03265
20244,A,골목상권,3110959,신구중학교,CS100001,한식음식점,2930457493,8983,326222.58632973395,강남구,37.525421,127.032343
20244,A,골목상권,3110961,언주역 3번,CS100001,한식음식점,3108099165,77724,39988.92446348618,강남구,37.510914,127.034249
20244,A,골목상권,3110961,언주역 3번,CS100010,커피-음료,231329439,16951,13646.949383517196,강남구,37.510914,127.034249
20244,A,골목상권,3110961,언주역 3번,CS300001,슈퍼마켓,260494800,16946,15372.052401746725,강남구,37.510914,127.034249
20244,A,골목상권,3110962,도산공원북측,CS100001,한식음식점,709890269,9759,72742.11179424121,강남구,37.525825,127.035104
20244,A,골목상권,3110965,언주역 6번,CS100001,한식음식점,67525988,2716,24862.293078055965,강남구,37.506201,127.037843
20244,A,골목상권,3110965,언주역 6번,CS100010,커피-음료,82554688,14123,5845.407349713234,강남구,37.506201,127.037843
20244,A,골목상권,3110966,논현2동주민센터,CS100001,한식음식점,2474921580,60173,41130.10120818307,강남구,37.518652,127.038302
20244,A,골목상권,3110966,논현2동주민센터,CS100010,커피-음료,278843313,36792,7578.911529680366,강남구,37.518652,127.038302
20244,A,골목상권,3110967,역삼역 8번,CS100001,한식음식점,836996755,15386,54399.89308462238,강남구,37.504561,127.038159
20244,A,골목상권,3110967,역삼역 8번,CS100010,커피-음료,50524751,5321,9495.348806615299,강남구,37.504561,127.038159
20244,A,골목상권,3110968,강남구청역 2번,CS100001,한식음식점,914976942,26088,35072.71320147194,강남구,37.514651,127.040177
20244,A,골목상권,3110968,강남구청역 2번,CS100010,커피-음료,43381741,6301,6884.897794000953,강남구,37.514651,127.040177
20244,A,골목상권,3110969,베르사이유1아파트,CS100001,한식음식점,319310587,4602,69385.17753150804,강남구,37.498902,127.040305
20244,A,골목상권,3110969,베르사이유1아파트,CS100010,커피-음료,58194754,6947,8376.961854037714,강남구,37.498902,127.040305
20244,A,골목상권,3110970,학동초등학교,CS100001,한식음식점,263384791,8461,31129.274435645904,강남구,37.51157,127.041216
20244,A,골목상권,3110971,선정릉역 4번,CS100001,한식음식점,1071725599,17054,62843.06315233963,강남구,37.50728,127.042876
20244,A,골목상권,3110971,선정릉역 4번,CS100010,커피-음료,48801106,4190,11647.04200477327,강남구,37.50728,127.042876
20244,A,골목상권,3110971,선정릉역 4번,CS300002,편의점,1178525582,152811,7712.308551085982,강남구,37.50728,127.042876
20244,A,골목상권,3110972,강남세브란스병원미래의학연구센터,CS100010,커피-음료,45178286,10197,4430.546827498284,강남구,37.494558,127.042507
20244,A,골목상권,3110972,강남세브란스병원미래의학연구센터,CS300002,편의점,161144684,18127,8889.760247145143,강남구,37.494558,127.042507
20244,A,골목상권,3110974,언주중학교,CS100010,커피-음료,6232749,565,11031.414159292035,강남구,37.513596,127.044927
20244,A,골목상권,3110975,매봉역 1번,CS300002,편의점,1076780695,170003,6333.892313665053,강남구,37.487007,127.045047
20244,A,골목상권,3110976,언북초등학교,CS100001,한식음식점,474006081,14506,32676.553219357505,강남구,37.521794,127.04655
20244,A,골목상권,3110976,언북초등학교,CS100010,커피-음료,44091341,2015,21881.558808933,강남구,37.521794,127.04655
20244,A,골목상권,3110977,논현로18길,CS100001,한식음식점,334124006,12334,27089.67131506405,강남구,37.477428,127.046963
20244,A,골목상권,3110977,논현로18길,CS300002,편의점,180482210,23511,7676.500786865722,강남구,37.477428,127.046963
20244,A,골목상권,3110978,도곡2동주민센터(대치중학교),CS100010,커피-음료,194145350,11865,16362.861356932153,강남구,37.483663,127.046752
20244,A,골목상권,3110980,개포지구대옆,CS100001,한식음식점,210266329,6589,31911.72089846714,강남구,37.480545,127.047892
20244,A,골목상권,3110980,개포지구대옆,CS100010,커피-음료,31759609,3193,9946.636078922644,강남구,37.480545,127.047892
20244,A,골목상권,3110981,국악고교사거리,CS100001,한식음식점,988986978,19829,49875.786877805236,강남구,37.475598,127.048929
20244,A,골목상권,3110981,국악고교사거리,CS100010,커피-음료,335870651,32143,10449.262701054662,강남구,37.475598,127.048929
20244,A,골목상권,3110983,국립국악고등학교,CS100001,한식음식점,1071747471,28860,37136.08700623701,강남구,37.477904,127.050287
20244,A,골목상권,3110983,국립국악고등학교,CS100010,커피-음료,46903752,5869,7991.77917873573,강남구,37.477904,127.050287
20244,A,골목상권,3110984,포이초등학교(개포목련어린이공원),CS100001,한식음식점,557709940,16453,33897.15796511275,강남구,37.473804,127.052116
20244,A,골목상권,3110984,포이초등학교(개포목련어린이공원),CS100010,커피-음료,162572612,23068,7047.538234784117,강남구,37.473804,127.052116
20244,A,골목상권,3110984,포이초등학교(개포목련어린이공원),CS300001,슈퍼마켓,225990589,32099,7040.424592666438,강남구,37.473804,127.052116
20244,A,골목상권,3110985,청담근린공원,CS100010,커피-음료,31202661,2634,11846.112756264238,강남구,37.523224,127.052094
20244,A,골목상권,3110986,삼성중앙역 7번,CS100010,커피-음료,3209068,357,8988.985994397759,강남구,37.510547,127.052357
20244,A,골목상권,3110989,대치동아우편취급국,CS100001,한식음식점,1271515923,32755,38818.987116470766,강남구,37.502879,127.0545
20244,A,골목상권,3110989,대치동아우편취급국,CS100010,커피-음료,80668555,6531,12351.639105803093,강남구,37.502879,127.0545
20244,A,골목상권,3110990,청담역 12번,CS100010,커피-음료,39104148,4420,8847.092307692308,강남구,37.520556,127.055078
20244,A,골목상권,3110991,삼성중앙역 5번,CS100001,한식음식점,10811929154,71318,151601.68756835582,강남구,37.512464,127.056158
20244,A,골목상권,3110991,삼성중앙역 5번,CS100010,커피-음료,36486155,287,127129.45993031359,강남구,37.512464,127.056158
20244,A,골목상권,3110992,도곡초등학교,CS100001,한식음식점,1290083398,78097,16518.98789966324,강남구,37.50003,127.056624
20244,A,골목상권,3110992,도곡초등학교,CS100010,커피-음료,156767470,19172,8176.89703734613,강남구,37.50003,127.056624
20244,A,골목상권,3110992,도곡초등학교,CS300001,슈퍼마켓,571279896,51003,11200.9077113111,강남구,37.50003,127.056624
20244,A,골목상권,3110992,도곡초등학교,CS300002,편의점,994864058,188164,5287.217841882613,강남구,37.50003,127.056624
20244,A,골목상권,3110994,개포고등학교,CS100001,한식음식점,2055464148,77974,26360.891425346912,강남구,37.483386,127.061428
20244,A,골목상권,3110994,개포고등학교,CS100010,커피-음료,145890201,34231,4261.932195962724,강남구,37.483386,127.061428
20244,A,골목상권,3110994,개포고등학교,CS300002,편의점,572887981,61431,9325.714720580814,강남구,37.483386,127.061428
20244,A,골목상권,3110995,봉은사역 4번,CS100001,한식음식점,772030910,7216,106988.76247228381,강남구,37.517155,127.062824
20244,A,골목상권,3110995,봉은사역 4번,CS300002,편의점,329036574,43757,7519.632835889115,강남구,37.517155,127.062824
20244,A,골목상권,3110996,대치2동주민센터,CS100001,한식음식점,1403141842,26423,53103.048177723955,강남구,37.501865,127.063965
20244,A,골목상권,3110996,대치2동주민센터,CS100010,커피-음료,129798873,13961,9297.24754673734,강남구,37.501865,127.063965
20244,A,골목상권,3110996,대치2동주민센터,CS300001,슈퍼마켓,99073156,16923,5854.349465224842,강남구,37.501865,127.063965
20244,A,골목상권,3110997,대청초등학교,CS100001,한식음식점,6613342909,161103,41050.40197265104,강남구,37.491544,127.084593
20244,A,골목상권,3110997,대청초등학교,CS100010,커피-음료,564667724,84423,6688.55316679104,강남구,37.491544,127.084593
20244,A,골목상권,3110997,대청초등학교,CS300001,슈퍼마켓,563422247,50585,11138.128832657903,강남구,37.491544,127.084593
20244,A,골목상권,3110997,대청초등학교,CS300002,편의점,1288924287,186586,6907.936753025415,강남구,37.491544,127.084593
20244,A,골목상권,3110998,은곡마을(은곡마을공원),CS100001,한식음식점,244871056,4867,50312.52434764742,강남구,37.466675,127.097949
20244,A,골목상권,3110998,은곡마을(은곡마을공원),CS100010,커피-음료,528812465,38510,13731.821994287198,강남구,37.466675,127.097949
20244,A,골목상권,3110998,은곡마을(은곡마을공원),CS300001,슈퍼마켓,1213934401,59994,20234.26344301097,강남구,37.466675,127.097949
20244,A,골목상권,3110999,윗방죽마을공원,CS100001,한식음식점,621585325,17863,34797.36466439008,강남구,37.471589,127.10389
20244,A,골목상권,3110999,윗방죽마을공원,CS100010,커피-음료,511105476,113433,4505.791753722462,강남구,37.471589,127.10389
20244,A,골목상권,3110999,윗방죽마을공원,CS300001,슈퍼마켓,583728151,51857,11256.496731395955,강남구,37.471589,127.10389
20244,A,골목상권,3110999,윗방죽마을공원,CS300002,편의점,1893421535,237889,7959.264762136963,강남구,37.471589,127.10389
20244,A,골목상권,3111000,대왕초등학교(세곡동사거리서남측),CS100001,한식음식점,1320677228,33590,39317.57153914856,강남구,37.463559,127.106976
20244,A,골목상권,3111000,대왕초등학교(세곡동사거리서남측),CS100010,커피-음료,8218850,782,10510.038363171356,강남구,37.463559,127.106976
20244,A,골목상권,3111001,아래방죽마을공원(율현초등학교),CS100001,한식음식점,244705366,12583,19447.299213224192,강남구,37.471108,127.108649
20244,A,골목상권,3111001,아래방죽마을공원(율현초등학교),CS100010,커피-음료,47639302,4692,10153.303921568628,강남구,37.471108,127.108649
20244,A,골목상권,3111002,한국교통안전공단 강남자동차검사소,CS100001,한식음식점,30805428,1416,21755.245762711864,강남구,37.469502,127.119465
20244,A,골목상권,3111003,삼전역 4번,CS100001,한식음식점,2401924575,103267,23259.362381012328,송파구,37.504277,127.082481
20244,A,골목상권,3111003,삼전역 4번,CS100010,커피-음료,1126943263,184364,6112.599330671932,송파구,37.504277,127.082481
20244,A,골목상권,3111003,삼전역 4번,CS300001,슈퍼마켓,526101318,49864,10550.724330178084,송파구,37.504277,127.082481
20244,A,골목상권,3111003,삼전역 4번,CS300002,편의점,1241281509,174498,7113.442612522779,송파구,37.504277,127.082481
20244,A,골목상권,3111004,삼전역 1번,CS100001,한식음식점,4425016767,84148,52586.119301706516,송파구,37.506717,127.085153
20244,A,골목상권,3111004,삼전역 1번,CS100010,커피-음료,400828559,53646,7471.732449763263,송파구,37.506717,127.085153
20244,A,골목상권,3111004,삼전역 1번,CS300001,슈퍼마켓,2581367229,287600,8975.54669332406,송파구,37.506717,127.085153
20244,A,골목상권,3111004,삼전역 1번,CS300002,편의점,1433214130,189934,7545.85345435783,송파구,37.506717,127.085153
20244,A,골목상권,3111005,삼전역 3번,CS100001,한식음식점,743321505,25461,29194.513373394602,송파구,37.501461,127.088687
20244,A,골목상권,3111005,삼전역 3번,CS100010,커피-음료,65701775,12587,5219.812107730198,송파구,37.501461,127.088687
20244,A,골목상권,3111005,삼전역 3번,CS300001,슈퍼마켓,1059717142,115111,9206.045834021075,송파구,37.501461,127.088687
20244,A,골목상권,3111005,삼전역 3번,CS300002,편의점,95236535,14245,6685.611442611443,송파구,37.501461,127.088687
20244,A,골목상권,3111006,석촌고분역 1번,CS100001,한식음식점,2234390073,55135,40525.80163235694,송파구,37.504908,127.093972
20244,A,골목상권,3111006,석촌고분역 1번,CS100010,커피-음료,681039847,106588,6389.460792959808,송파구,37.504908,127.093972
20244,A,골목상권,3111006,석촌고분역 1번,CS300001,슈퍼마켓,3193791561,231615,13789.225918010492,송파구,37.504908,127.093972
20244,A,골목상권,3111006,석촌고분역 1번,CS300002,편의점,816720276,105690,7727.507578768095,송파구,37.504908,127.093972
20244,A,골목상권,3111007,석촌고분역 4번,CS100001,한식음식점,1455696732,40577,35874.92254232693,송파구,37.499944,127.093876
20244,A,골목상권,3111007,석촌고분역 4번,CS100010,커피-음료,41678625,2928,14234.503073770491,송파구,37.499944,127.093876
20244,A,골목상권,3111007,석촌고분역 4번,CS300001,슈퍼마켓,457672359,47111,9714.766381524485,송파구,37.499944,127.093876
20244,A,골목상권,3111007,석촌고분역 4번,CS300002,편의점,663170260,91782,7225.493669782746,송파구,37.499944,127.093876
20244,A,골목상권,3111008,석촌고분역 3번,CS100001,한식음식점,682871443,22695,30089.06997135933,송파구,37.499983,127.100322
20244,A,골목상권,3111008,석촌고분역 3번,CS100010,커피-음료,48949180,6017,8135.147083264085,송파구,37.499983,127.100322
20244,A,골목상권,3111008,석촌고분역 3번,CS300001,슈퍼마켓,31696489,704,45023.421875,송파구,37.499983,127.100322
20244,A,골목상권,3111008,석촌고분역 3번,CS300002,편의점,200496291,31237,6418.551429394628,송파구,37.499983,127.100322
20244,A,골목상권,3111009,송파책박물관,CS100001,한식음식점,193892506,5090,38092.830255402754,송파구,37.498811,127.101259
20244,A,골목상권,3111010,석촌역 7번,CS100001,한식음식점,7204639953,142219,50658.772407343604,송파구,37.505406,127.101618
20244,A,골목상권,3111010,석촌역 7번,CS100010,커피-음료,225563388,21179,10650.33231030738,송파구,37.505406,127.101618
20244,A,골목상권,3111010,석촌역 7번,CS300001,슈퍼마켓,1444613337,113473,12730.899306442943,송파구,37.505406,127.101618
20244,A,골목상권,3111010,석촌역 7번,CS300002,편의점,391773998,56038,6991.220207716193,송파구,37.505406,127.101618
20244,A,골목상권,3111011,잠실나루역,CS100001,한식음식점,127708899,6477,19717.291801760075,송파구,37.521063,127.104354
20244,A,골목상권,3111011,잠실나루역,CS300001,슈퍼마켓,1349265859,72357,18647.343850629517,송파구,37.521063,127.104354
20244,A,골목상권,3111011,잠실나루역,CS300002,편의점,971514794,164156,5918.241148663466,송파구,37.521063,127.104354
20244,A,골목상권,3111012,석촌역 6번,CS100001,한식음식점,634071741,24421,25964.20052413906,송파구,37.502195,127.105617
20244,A,골목상권,3111012,석촌역 6번,CS100010,커피-음료,102940309,6337,16244.32838882752,송파구,37.502195,127.105617
20244,A,골목상권,3111012,석촌역 6번,CS300002,편의점,205126432,26103,7858.347009922231,송파구,37.502195,127.105617
20244,A,골목상권,3111013,송파나루역 1번(송리단길),CS100001,한식음식점,7524513575,151574,49642.50844472007,송파구,37.509383,127.108206
20244,A,골목상권,3111013,송파나루역 1번(송리단길),CS100010,커피-음료,1248055223,100590,12407.348871657223,송파구,37.509383,127.108206
20244,A,골목상권,3111013,송파나루역 1번(송리단길),CS300001,슈퍼마켓,399429882,38941,10257.309314090548,송파구,37.509383,127.108206
20244,A,골목상권,3111013,송파나루역 1번(송리단길),CS300002,편의점,549535137,77427,7097.461311945445,송파구,37.509383,127.108206
20244,A,골목상권,3111014,송파나루역 2번,CS100001,한식음식점,6968341956,64065,108769.8736595645,송파구,37.512543,127.11122
20244,A,골목상권,3111014,송파나루역 2번,CS100010,커피-음료,55033968,5937,9269.65942395149,송파구,37.512543,127.11122
20244,A,골목상권,3111015,석촌역 3번,CS100001,한식음식점,1157839878,30485,37980.64221748401,송파구,37.506037,127.111911
20244,A,골목상권,3111015,석촌역 3번,CS100010,커피-음료,105378291,10872,9692.631622516556,송파구,37.506037,127.111911
20244,A,골목상권,3111015,석촌역 3번,CS300001,슈퍼마켓,85398135,10747,7946.230110728576,송파구,37.506037,127.111911
20244,A,골목상권,3111015,석촌역 3번,CS300002,편의점,728441641,99617,7312.4229900518985,송파구,37.506037,127.111911
20244,A,골목상권,3111016,송파역 2번,CS100001,한식음식점,39193587,688,56967.42296511628,송파구,37.500681,127.115341
20244,A,골목상권,3111016,송파역 2번,CS100010,커피-음료,76322246,4437,17201.31755690782,송파구,37.500681,127.115341
20244,A,골목상권,3111016,송파역 2번,CS300002,편의점,252406901,38709,6520.625720116769,송파구,37.500681,127.115341
20244,A,골목상권,3111017,송파나루역 3번,CS100001,한식음식점,88281973,4257,20738.072116513977,송파구,37.509133,127.115467
20244,A,골목상권,3111017,송파나루역 3번,CS100010,커피-음료,56315669,7833,7189.540278309715,송파구,37.509133,127.115467
20244,A,골목상권,3111019,한성백제역 3번,CS100001,한식음식점,104787430,3559,29442.94183759483,송파구,37.513563,127.11768
20244,A,골목상권,3111019,한성백제역 3번,CS100010,커피-음료,223788341,36669,6102.930022634923,송파구,37.513563,127.11768
20244,A,골목상권,3111019,한성백제역 3번,CS300001,슈퍼마켓,220672963,22117,9977.526924989827,송파구,37.513563,127.11768
20244,A,골목상권,3111019,한성백제역 3번,CS300002,편의점,320606731,47698,6721.596943268061,송파구,37.513563,127.11768
20244,A,골목상권,3111020,방이동고분군(방산고등학교),CS100001,한식음식점,458131414,28239,16223.358263394595,송파구,37.506983,127.12061
20244,A,골목상권,3111020,방이동고분군(방산고등학교),CS100010,커피-음료,143651211,18925,7590.552760898283,송파구,37.506983,127.12061
20244,A,골목상권,3111021,방이역 4번,CS100001,한식음식점,8261809153,105649,78200.54286363335,송파구,37.511216,127.1228
20244,A,골목상권,3111021,방이역 4번,CS100010,커피-음료,305094985,32251,9460.016278565006,송파구,37.511216,127.1228
20244,A,골목상권,3111021,방이역 4번,CS300001,슈퍼마켓,119189561,11305,10543.083679787704,송파구,37.511216,127.1228
20244,A,골목상권,3111021,방이역 4번,CS300002,편의점,653188549,105568,6187.372584495301,송파구,37.511216,127.1228
20244,A,골목상권,3111022,석촌중학교(방이육교),CS100010,커피-음료,8881099,1378,6444.919448476052,송파구,37.502906,127.124607
20244,A,골목상권,3111023,문정역 1번,CS100001,한식음식점,2768794005,84730,32677.84733860498,송파구,37.48787,127.123123
20244,A,골목상권,3111023,문정역 1번,CS100010,커피-음료,92607506,12620,7338.154199683043,송파구,37.48787,127.123123
20244,A,골목상권,3111023,문정역 1번,CS300002,편의점,829006812,132876,6238.950690869683,송파구,37.48787,127.123123
20244,A,골목상권,3111024,경찰병원역 4번(건너말공원),CS100001,한식음식점,429552655,11566,37139.25773819817,송파구,37.492645,127.12347
20244,A,골목상권,3111024,경찰병원역 4번(건너말공원),CS100010,커피-음료,6000000,743,8075.3701211305515,송파구,37.492645,127.12347
20244,A,골목상권,3111024,경찰병원역 4번(건너말공원),CS300002,편의점,114277299,15669,7293.209458165805,송파구,37.492645,127.12347
20244,A,골목상권,3111025,경찰병원역 3번,CS100001,한식음식점,84004054,3443,24398.50537322103,송파구,37.494156,127.12587
20244,A,골목상권,3111025,경찰병원역 3번,CS100010,커피-음료,39049587,5307,7358.128321085359,송파구,37.494156,127.12587
20244,A,골목상권,3111025,경찰병원역 3번,CS300001,슈퍼마켓,61070469,15464,3949.2025995861354,송파구,37.494156,127.12587
20244,A,골목상권,3111026,문정역 2번,CS100001,한식음식점,2691556614,54918,49010.46312684366,송파구,37.484029,127.126012
20244,A,골목상권,3111026,문정역 2번,CS100010,커피-음료,248641188,29018,8568.515679922806,송파구,37.484029,127.126012
20244,A,골목상권,3111026,문정역 2번,CS300001,슈퍼마켓,2193628420,99240,22104.276702942363,송파구,37.484029,127.126012
20244,A,골목상권,3111026,문정역 2번,CS300002,편의점,149289581,20592,7249.882527195027,송파구,37.484029,127.126012
20244,A,골목상권,3111027,문정초등학교,CS100001,한식음식점,819462291,22632,36208.12526511135,송파구,37.488624,127.126483
20244,A,골목상권,3111027,문정초등학교,CS100010,커피-음료,131075665,22668,5782.409784718546,송파구,37.488624,127.126483
20244,A,골목상권,3111027,문정초등학교,CS300001,슈퍼마켓,2364731075,123000,19225.455894308943,송파구,37.488624,127.126483
20244,A,골목상권,3111027,문정초등학교,CS300002,편의점,252228437,34947,7217.456062036798,송파구,37.488624,127.126483
20244,A,골목상권,3111028,문현중학교(장지역 1번),CS100001,한식음식점,1718830545,28311,60712.463176857054,송파구,37.48182,127.127331
20244,A,골목상권,3111028,문현중학교(장지역 1번),CS100010,커피-음료,114910548,11298,10170.875199150292,송파구,37.48182,127.127331
20244,A,골목상권,3111028,문현중학교(장지역 1번),CS300002,편의점,148562332,21480,6916.309683426443,송파구,37.48182,127.127331
20244,A,골목상권,3111030,방이역 2번,CS100001,한식음식점,927377805,25998,35671.121047772904,송파구,37.506334,127.129476
20244,A,골목상권,3111030,방이역 2번,CS100010,커피-음료,113397500,19943,5686.080328937472,송파구,37.506334,127.129476
20244,A,골목상권,3111030,방이역 2번,CS300001,슈퍼마켓,249868652,37799,6610.456678748115,송파구,37.506334,127.129476
20244,A,골목상권,3111031,장지동주민센터(한림연예예술고교),CS100001,한식음식점,360937559,17210,20972.54846019756,송파구,37.486051,127.130594
20244,A,골목상권,3111031,장지동주민센터(한림연예예술고교),CS100010,커피-음료,159639759,17376,9187.371029005524,송파구,37.486051,127.130594
20244,A,골목상권,3111031,장지동주민센터(한림연예예술고교),CS300001,슈퍼마켓,1586605332,86911,18255.518081715778,송파구,37.486051,127.130594
20244,A,골목상권,3111031,장지동주민센터(한림연예예술고교),CS300002,편의점,263104285,34943,7529.52765933091,송파구,37.486051,127.130594
20244,A,골목상권,3111032,방이역 1번,CS100001,한식음식점,2736471207,60021,45591.896286299794,송파구,37.508793,127.130215
20244,A,골목상권,3111032,방이역 1번,CS100010,커피-음료,31907343,6765,4716.532594235034,송파구,37.508793,127.130215
20244,A,골목상권,3111032,방이역 1번,CS300002,편의점,263834958,49377,5343.276383741418,송파구,37.508793,127.130215
20244,A,골목상권,3111033,문정동성당,CS100001,한식음식점,350015549,15728,22254.294824516786,송파구,37.487778,127.133288
20244,A,골목상권,3111033,문정동성당,CS100010,커피-음료,85197728,17010,5008.684773662551,송파구,37.487778,127.133288
20244,A,골목상권,3111034,오동나무공원(송파레미니스1단지),CS100001,한식음식점,1469534749,34644,42418.16040295578,송파구,37.506626,127.134532
20244,A,골목상권,3111034,오동나무공원(송파레미니스1단지),CS100010,커피-음료,20971569,2595,8081.529479768786,송파구,37.506626,127.134532
20244,A,골목상권,3111034,오동나무공원(송파레미니스1단지),CS300001,슈퍼마켓,500538905,36435,13737.8593385481,송파구,37.506626,127.134532
20244,A,골목상권,3111034,오동나무공원(송파레미니스1단지),CS300002,편의점,315598731,39021,8087.920119935419,송파구,37.506626,127.134532
20244,A,골목상권,3111035,오금공원(오주중학교),CS100001,한식음식점,82003455,4372,18756.50846294602,송파구,37.502877,127.13465
20244,A,골목상권,3111035,오금공원(오주중학교),CS100010,커피-음료,50543681,6294,8030.454559898316,송파구,37.502877,127.13465
20244,A,골목상권,3111035,오금공원(오주중학교),CS300001,슈퍼마켓,417827722,40254,10379.78143786953,송파구,37.502877,127.13465
20244,A,골목상권,3111036,투구봉어린이공원,CS100001,한식음식점,44292216,3076,14399.289986996098,송파구,37.493838,127.137031
20244,A,골목상권,3111036,투구봉어린이공원,CS100010,커피-음료,21359592,3032,7044.720316622691,송파구,37.493838,127.137031
20244,A,골목상권,3111037,Sh수협은행 오금동금융센터(아랫말어린이공원),CS100001,한식음식점,250088410,14010,17850.707351891506,송파구,37.504514,127.137638
20244,A,골목상권,3111037,Sh수협은행 오금동금융센터(아랫말어린이공원),CS100010,커피-음료,73343242,4678,15678.333048311244,송파구,37.504514,127.137638
20244,A,골목상권,3111038,보인중학교,CS100001,한식음식점,661111443,20731,31889.992909169843,송파구,37.499728,127.139066
20244,A,골목상권,3111038,보인중학교,CS100010,커피-음료,413371359,40068,10316.745507637017,송파구,37.499728,127.139066
20244,A,골목상권,3111039,벌말어린이공원,CS100001,한식음식점,1057410121,38359,27566.154513934147,송파구,37.50217,127.138674
20244,A,골목상권,3111039,벌말어린이공원,CS100010,커피-음료,99721471,8969,11118.460363474189,송파구,37.50217,127.138674
20244,A,골목상권,3111039,벌말어린이공원,CS300001,슈퍼마켓,312887014,25929,12067.068301901347,송파구,37.50217,127.138674
20244,A,골목상권,3111040,거여초등학교,CS100010,커피-음료,7706853,1126,6844.4520426287745,송파구,37.503204,127.140576
20244,A,골목상권,3111042,거여역 1번(거여공원),CS100001,한식음식점,1704760498,42603,40015.03410557942,송파구,37.497137,127.143573
20244,A,골목상권,3111042,거여역 1번(거여공원),CS100010,커피-음료,66093368,10841,6096.611751683424,송파구,37.497137,127.143573
20244,A,골목상권,3111042,거여역 1번(거여공원),CS300001,슈퍼마켓,1739614039,132326,13146.426545047836,송파구,37.497137,127.143573
20244,A,골목상권,3111042,거여역 1번(거여공원),CS300002,편의점,428351490,61943,6915.252570911967,송파구,37.497137,127.143573
20244,A,골목상권,3111043,마천공원,CS300001,슈퍼마켓,444000000,56483,7860.772267761981,송파구,37.500756,127.145536
20244,A,골목상권,3111043,마천공원,CS300002,편의점,162573819,19639,8278.110850857987,송파구,37.500756,127.145536
20244,A,골목상권,3111044,남천초등학교,CS100001,한식음식점,758456581,17458,43444.64320082484,송파구,37.499247,127.148937
20244,A,골목상권,3111044,남천초등학교,CS100010,커피-음료,48361769,8626,5606.511592858799,송파구,37.499247,127.148937
20244,A,골목상권,3111044,남천초등학교,CS300001,슈퍼마켓,98971823,9383,10547.993498880955,송파구,37.499247,127.148937
20244,A,골목상권,3111044,남천초등학교,CS300002,편의점,267334703,38239,6991.153089777452,송파구,37.499247,127.148937
20244,A,골목상권,3111046,마천역(마천초등학교),CS100001,한식음식점,1521250930,48150,31593.996469366564,송파구,37.495999,127.152391
20244,A,골목상권,3111046,마천역(마천초등학교),CS100010,커피-음료,184443261,41670,4426.284161267099,송파구,37.495999,127.152391
20244,A,골목상권,3111046,마천역(마천초등학교),CS300001,슈퍼마켓,3383718255,194963,17355.694439457744,송파구,37.495999,127.152391
20244,A,골목상권,3111046,마천역(마천초등학교),CS300002,편의점,278121154,38992,7132.774774312679,송파구,37.495999,127.152391
20244,A,골목상권,3111047,마천1치안센터,CS100001,한식음식점,96653716,1133,85307.78111209179,송파구,37.49657,127.156656
20244,A,골목상권,3111047,마천1치안센터,CS100010,커피-음료,1766634,237,7454.151898734177,송파구,37.49657,127.156656
20244,A,골목상권,3111047,마천1치안센터,CS300001,슈퍼마켓,1205984390,73621,16380.983550889012,송파구,37.49657,127.156656
20244,A,골목상권,3111047,마천1치안센터,CS300002,편의점,75642765,10133,7464.992105003454,송파구,37.49657,127.156656
20244,A,골목상권,3111048,천호역 1번(천호문구완구거리),CS100001,한식음식점,1076921534,22814,47204.41544665556,강동구,37.540914,127.121321
20244,A,골목상권,3111048,천호역 1번(천호문구완구거리),CS100010,커피-음료,46077452,4592,10034.288327526132,강동구,37.540914,127.121321
20244,A,골목상권,3111048,천호역 1번(천호문구완구거리),CS300001,슈퍼마켓,174014902,19634,8862.93684424977,강동구,37.540914,127.121321
20244,A,골목상권,3111049,천호지구대(천호동자전거거리),CS100001,한식음식점,1356323613,25114,54006.67408616708,강동구,37.543588,127.123475
20244,A,골목상권,3111049,천호지구대(천호동자전거거리),CS100010,커피-음료,92509299,20152,4590.5765680825725,강동구,37.543588,127.123475
20244,A,골목상권,3111049,천호지구대(천호동자전거거리),CS300001,슈퍼마켓,95152,11,,강동구,37.543588,127.123475
20244,A,골목상권,3111050,강동구청(강동구청역 2번),CS100001,한식음식점,153487628,7903,19421.43844109832,강동구,37.530748,127.124472
20244,A,골목상권,3111050,강동구청(강동구청역 2번),CS100010,커피-음료,64947996,12349,5259.372904688639,강동구,37.530748,127.124472
20244,A,골목상권,3111051,천호역 6번,CS100001,한식음식점,1069245316,28818,37103.383857311404,강동구,37.534721,127.1244
20244,A,골목상권,3111051,천호역 6번,CS100010,커피-음료,102787273,7269,14140.497042234145,강동구,37.534721,127.1244
20244,A,골목상권,3111051,천호역 6번,CS300001,슈퍼마켓,272417411,37270,7309.29463375369,강동구,37.534721,127.1244
20244,A,골목상권,3111052,암사역 3번(천호동자전거거리),CS100001,한식음식점,2415398542,116950,20653.258161607526,강동구,37.547902,127.125101
20244,A,골목상권,3111052,암사역 3번(천호동자전거거리),CS100010,커피-음료,45586017,4349,10481.953782478731,강동구,37.547902,127.125101
20244,A,골목상권,3111052,암사역 3번(천호동자전거거리),CS300001,슈퍼마켓,469855358,55135,8521.907282125692,강동구,37.547902,127.125101
20244,A,골목상권,3111052,암사역 3번(천호동자전거거리),CS300002,편의점,251695849,34738,7245.548074155104,강동구,37.547902,127.125101
20244,A,골목상권,3111053,성내천어린이공원(하니사랑길),CS100001,한식음식점,2704305988,53203,50829.952972576735,강동구,37.526188,127.125336
20244,A,골목상권,3111053,성내천어린이공원(하니사랑길),CS100010,커피-음료,293259174,31756,9234.764265020784,강동구,37.526188,127.125336
20244,A,골목상권,3111053,성내천어린이공원(하니사랑길),CS300002,편의점,337709080,51068,6612.929427430093,강동구,37.526188,127.125336
20244,A,골목상권,3111054,암사역 4번(삼성광나루아파트),CS100001,한식음식점,492113015,12898,38154.21111800279,강동구,37.553935,127.128257
20244,A,골목상권,3111055,선사초등학교,CS100001,한식음식점,186865109,2149,86954.44811540251,강동구,37.555151,127.128644
20244,A,골목상권,3111056,천호태영아파트,CS100001,한식음식점,884523795,8285,106762.07543753771,강동구,37.537744,127.128806
20244,A,골목상권,3111056,천호태영아파트,CS100010,커피-음료,38036029,4818,7894.568078040681,강동구,37.537744,127.128806
20244,A,골목상권,3111056,천호태영아파트,CS300001,슈퍼마켓,34566941,4654,7427.361624409111,강동구,37.537744,127.128806
20244,A,골목상권,3111056,천호태영아파트,CS300002,편의점,274222552,37537,7305.393398513466,강동구,37.537744,127.128806
20244,A,골목상권,3111057,천호공원(해공체육문화센터),CS100001,한식음식점,1709374012,39747,43006.36556218079,강동구,37.543329,127.129879
20244,A,골목상권,3111057,천호공원(해공체육문화센터),CS100010,커피-음료,68154924,5540,12302.33285198556,강동구,37.543329,127.129879
20244,A,골목상권,3111057,천호공원(해공체육문화센터),CS300001,슈퍼마켓,459054914,43821,10475.68321124575,강동구,37.543329,127.129879
20244,A,골목상권,3111058,성내중학교,CS100001,한식음식점,28603373,2419,11824.461761058288,강동구,37.529849,127.130218
20244,A,골목상권,3111058,성내중학교,CS100010,커피-음료,30000000,4450,6741.573033707865,강동구,37.529849,127.130218
20244,A,골목상권,3111059,강동역 4번(강풀만화거리),CS100001,한식음식점,3978913751,96663,41162.738079720264,강동구,37.533877,127.130327
20244,A,골목상권,3111059,강동역 4번(강풀만화거리),CS100010,커피-음료,314477013,47782,6581.495395755724,강동구,37.533877,127.130327
20244,A,골목상권,3111059,강동역 4번(강풀만화거리),CS300001,슈퍼마켓,1092593850,94694,11538.152892474707,강동구,37.533877,127.130327
20244,A,골목상권,3111059,강동역 4번(강풀만화거리),CS300002,편의점,302152094,49135,6149.42696652081,강동구,37.533877,127.130327
20244,A,골목상권,3111060,암사역 2번(서울강동초등학교),CS100001,한식음식점,3006433992,81834,36738.20162768532,강동구,37.546996,127.130169
20244,A,골목상권,3111060,암사역 2번(서울강동초등학교),CS100010,커피-음료,222223815,68857,3227.3235110446285,강동구,37.546996,127.130169
20244,A,골목상권,3111060,암사역 2번(서울강동초등학교),CS300001,슈퍼마켓,38875263,6568,5918.889007308161,강동구,37.546996,127.130169
20244,A,골목상권,3111060,암사역 2번(서울강동초등학교),CS300002,편의점,477909861,63608,7513.360913721544,강동구,37.546996,127.130169
20244,A,골목상권,3111061,암사역 1번,CS100001,한식음식점,1963052764,60405,32498.183329194602,강동구,37.551851,127.131196
20244,A,골목상권,3111061,암사역 1번,CS100010,커피-음료,95797571,10082,9501.841995635787,강동구,37.551851,127.131196
20244,A,골목상권,3111061,암사역 1번,CS300001,슈퍼마켓,1063424923,102750,10349.634287104624,강동구,37.551851,127.131196
20244,A,골목상권,3111061,암사역 1번,CS300002,편의점,676022982,97410,6939.975177086541,강동구,37.551851,127.131196
20244,A,골목상권,3111062,둔촌동역 3번(성내3동주민센터),CS100001,한식음식점,1382587917,28949,47759.4361463263,강동구,37.524397,127.131634
20244,A,골목상권,3111062,둔촌동역 3번(성내3동주민센터),CS100010,커피-음료,249981481,22906,10913.362481445909,강동구,37.524397,127.131634
20244,A,골목상권,3111063,강동구립 천호도서관,CS100001,한식음식점,322544316,9831,32808.902044552946,강동구,37.540092,127.132284
20244,A,골목상권,3111063,강동구립 천호도서관,CS100010,커피-음료,21364902,3820,5592.906282722513,강동구,37.540092,127.132284
20244,A,골목상권,3111063,강동구립 천호도서관,CS300001,슈퍼마켓,486194062,36609,13280.725012974952,강동구,37.540092,127.132284
20244,A,골목상권,3111063,강동구립 천호도서관,CS300002,편의점,795029088,104163,7632.547910486449,강동구,37.540092,127.132284
20244,A,골목상권,3111064,둔촌동역 4번,CS100001,한식음식점,277314103,8562,32388.939850502218,강동구,37.527613,127.13233
20244,A,골목상권,3111064,둔촌동역 4번,CS100010,커피-음료,15510404,1451,10689.458304617505,강동구,37.527613,127.13233
20244,A,골목상권,3111065,천일초등학교,CS100001,한식음식점,19595968,616,31811.636363636364,강동구,37.541459,127.134006
20244,A,골목상권,3111065,천일초등학교,CS300001,슈퍼마켓,4270836,318,13430.301886792453,강동구,37.541459,127.134006
20244,A,골목상권,3111066,암사동성당(효정하나플러스아파트),CS100001,한식음식점,805994614,20820,38712.517483189244,강동구,37.549234,127.134405
20244,A,골목상권,3111066,암사동성당(효정하나플러스아파트),CS100010,커피-음료,113844788,23745,4794.474120867551,강동구,37.549234,127.134405
20244,A,골목상권,3111066,암사동성당(효정하나플러스아파트),CS300001,슈퍼마켓,179815912,24538,7328.059010514305,강동구,37.549234,127.134405
20244,A,골목상권,3111066,암사동성당(효정하나플러스아파트),CS300002,편의점,117086059,14415,8122.515365938259,강동구,37.549234,127.134405
20244,A,골목상권,3111067,강동구립성내도서관,CS100001,한식음식점,1308222666,46306,28251.688031788537,강동구,37.531988,127.134985
20244,A,골목상권,3111067,강동구립성내도서관,CS100010,커피-음료,17523835,2398,7307.687656380317,강동구,37.531988,127.134985
20244,A,골목상권,3111067,강동구립성내도서관,CS300001,슈퍼마켓,179893634,20252,8882.7589373889,강동구,37.531988,127.134985
20244,A,골목상권,3111067,강동구립성내도서관,CS300002,편의점,451675598,62907,7180.053062457278,강동구,37.531988,127.134985
20244,A,골목상권,3111068,강동성심병원,CS100001,한식음식점,548384574,26254,20887.658033061627,강동구,37.535916,127.135343
20244,A,골목상권,3111068,강동성심병원,CS100010,커피-음료,475538950,67880,7005.5826458456095,강동구,37.535916,127.135343
20244,A,골목상권,3111069,천호1동주민센터,CS100001,한식음식점,50959861,969,52590.155830753356,강동구,37.544475,127.136286
20244,A,골목상권,3111069,천호1동주민센터,CS100010,커피-음료,45159240,5634,8015.484558040469,강동구,37.544475,127.136286
20244,A,골목상권,3111069,천호1동주민센터,CS300002,편의점,374541682,48771,7679.5981628426725,강동구,37.544475,127.136286
20244,A,골목상권,3111070,천호초등학교,CS100001,한식음식점,176360034,7311,24122.55970455478,강동구,37.547411,127.137423
20244,A,골목상권,3111070,천호초등학교,CS300001,슈퍼마켓,5065405,702,7215.676638176638,강동구,37.547411,127.137423
20244,A,골목상권,3111070,천호초등학교,CS300002,편의점,389665373,49739,7834.201994410824,강동구,37.547411,127.137423
20244,A,골목상권,3111071,천동초등학교,CS100001,한식음식점,180114774,12217,14742.962593107964,강동구,37.540228,127.139005
20244,A,골목상권,3111071,천동초등학교,CS100010,커피-음료,12756922,725,17595.75448275862,강동구,37.540228,127.139005
20244,A,골목상권,3111072,굽은다리역 1번(십자성마을),CS100001,한식음식점,1440418974,56472,25506.781661708457,강동구,37.542958,127.139248
20244,A,골목상권,3111072,굽은다리역 1번(십자성마을),CS100010,커피-음료,146648837,16568,8851.330094157413,강동구,37.542958,127.139248
20244,A,골목상권,3111072,굽은다리역 1번(십자성마을),CS300001,슈퍼마켓,713003689,74037,9630.369801585693,강동구,37.542958,127.139248
20244,A,골목상권,3111072,굽은다리역 1번(십자성마을),CS300002,편의점,583375738,80936,7207.864707917367,강동구,37.542958,127.139248
20244,A,골목상권,3111073,둔촌동역 1번(한산중학교),CS100001,한식음식점,2388528483,58203,41037.8929436627,강동구,37.531154,127.139701
20244,A,골목상권,3111073,둔촌동역 1번(한산중학교),CS100010,커피-음료,153197989,11338,13511.905891691657,강동구,37.531154,127.139701
20244,A,골목상권,3111073,둔촌동역 1번(한산중학교),CS300001,슈퍼마켓,593143788,39583,14984.81135841144,강동구,37.531154,127.139701
20244,A,골목상권,3111073,둔촌동역 1번(한산중학교),CS300002,편의점,948187315,135590,6993.047533003909,강동구,37.531154,127.139701
20244,A,골목상권,3111074,명일역 1번,CS100001,한식음식점,433410085,8708,49771.48426734038,강동구,37.551282,127.14018
20244,A,골목상권,3111074,명일역 1번,CS100010,커피-음료,48001967,6098,7871.755821580846,강동구,37.551282,127.14018
20244,A,골목상권,3111074,명일역 1번,CS300001,슈퍼마켓,248579981,26804,9273.988248022682,강동구,37.551282,127.14018
20244,A,골목상권,3111074,명일역 1번,CS300002,편의점,607136716,75699,8020.406029141733,강동구,37.551282,127.14018
20244,A,골목상권,3111075,굽은다리역 2번,CS100001,한식음식점,395114828,15786,25029.4455846953,강동구,37.548668,127.141058
20244,A,골목상권,3111075,굽은다리역 2번,CS100010,커피-음료,200808521,22704,8844.631826990839,강동구,37.548668,127.141058
20244,A,골목상권,3111075,굽은다리역 2번,CS300001,슈퍼마켓,369694300,43751,8449.962286576307,강동구,37.548668,127.141058
20244,A,골목상권,3111075,굽은다리역 2번,CS300002,편의점,562258317,73152,7686.164657152231,강동구,37.548668,127.141058
20244,A,골목상권,3111076,둔촌2동주민센터,CS100001,한식음식점,851408700,17063,49897.948778057784,강동구,37.533565,127.143168
20244,A,골목상권,3111076,둔촌2동주민센터,CS100010,커피-음료,282366907,38739,7288.957045871086,강동구,37.533565,127.143168
20244,A,골목상권,3111076,둔촌2동주민센터,CS300002,편의점,360755805,52404,6884.127261277765,강동구,37.533565,127.143168
20244,A,골목상권,3111077,길동주민센터(강동도서관),CS100001,한식음식점,3734809654,141899,26320.19714021945,강동구,37.537196,127.143265
20244,A,골목상권,3111077,길동주민센터(강동도서관),CS100010,커피-음료,56083680,10712,5235.5937266616875,강동구,37.537196,127.143265
20244,A,골목상권,3111077,길동주민센터(강동도서관),CS300001,슈퍼마켓,1962975804,107215,18308.77959240778,강동구,37.537196,127.143265
20244,A,골목상권,3111077,길동주민센터(강동도서관),CS300002,편의점,793274467,102278,7756.061587047067,강동구,37.537196,127.143265
20244,A,골목상권,3111078,굽은다리역 4번,CS100001,한식음식점,1506088413,33266,45274.106084290266,강동구,37.542843,127.144736
20244,A,골목상권,3111078,굽은다리역 4번,CS100010,커피-음료,139283546,25236,5519.240212394991,강동구,37.542843,127.144736
20244,A,골목상권,3111078,굽은다리역 4번,CS300001,슈퍼마켓,474709218,61602,7706.068277003993,강동구,37.542843,127.144736
20244,A,골목상권,3111078,굽은다리역 4번,CS300002,편의점,520086874,76845,6767.998880864077,강동구,37.542843,127.144736
20244,A,골목상권,3111079,둔촌고등학교(둔촌중학교),CS100001,한식음식점,97543148,3715,26256.56742934051,강동구,37.53076,127.144837
20244,A,골목상권,3111079,둔촌고등학교(둔촌중학교),CS300002,편의점,105776308,13574,7792.567260940033,강동구,37.53076,127.144837
20244,A,골목상권,3111080,굽은다리역 3번,CS100001,한식음식점,845322126,26081,32411.415436524672,강동구,37.547995,127.146058
20244,A,골목상권,3111080,굽은다리역 3번,CS100010,커피-음료,863400943,88732,9730.434826218276,강동구,37.547995,127.146058
20244,A,골목상권,3111083,GS강동자이아파트,CS100001,한식음식점,527933760,18748,28159.470876893534,강동구,37.53829,127.147137
20244,A,골목상권,3111083,GS강동자이아파트,CS100010,커피-음료,446020695,49202,9065.09278078127,강동구,37.53829,127.147137
20244,A,골목상권,3111083,GS강동자이아파트,CS300001,슈퍼마켓,866411883,102993,8412.337566630742,강동구,37.53829,127.147137
20244,A,골목상권,3111085,묘곡초등학교(고덕아이파크아파트),CS100001,한식음식점,1505584573,45718,32931.98681044665,강동구,37.560941,127.153904
20244,A,골목상권,3111085,묘곡초등학교(고덕아이파크아파트),CS100010,커피-음료,9273448,1328,6983.018072289156,강동구,37.560941,127.153904
20244,A,골목상권,3111085,묘곡초등학교(고덕아이파크아파트),CS300001,슈퍼마켓,551658663,52449,10518.001544357376,강동구,37.560941,127.153904
20244,A,골목상권,3111085,묘곡초등학교(고덕아이파크아파트),CS300002,편의점,1109588009,151933,7303.140259193197,강동구,37.560941,127.153904
20244,A,골목상권,3111086,한영중고,CS100001,한식음식점,885192857,30018,29488.735325471385,강동구,37.547948,127.154591
20244,A,골목상권,3111086,한영중고,CS100010,커피-음료,334269093,75722,4414.425041599535,강동구,37.547948,127.154591
20244,A,골목상권,3111086,한영중고,CS300002,편의점,287102146,41052,6993.621406996005,강동구,37.547948,127.154591
20244,A,골목상권,3111087,고덕중학교(고덕2동주민센터),CS100001,한식음식점,728273995,24825,29336.3139979859,강동구,37.561434,127.1627
20244,A,골목상권,3111087,고덕중학교(고덕2동주민센터),CS100010,커피-음료,15000000,2118,7082.152974504249,강동구,37.561434,127.1627
20244,A,골목상권,3111087,고덕중학교(고덕2동주민센터),CS300002,편의점,240482937,34940,6882.740040068689,강동구,37.561434,127.1627
20244,A,골목상권,3111088,고덕동성당,CS100001,한식음식점,1649416651,40598,40628.02726735307,강동구,37.559955,127.16994
20244,A,골목상권,3111088,고덕동성당,CS100010,커피-음료,60611605,5146,11778.39195491644,강동구,37.559955,127.16994
20244,A,골목상권,3111088,고덕동성당,CS300002,편의점,573526481,80981,7082.235104530692,강동구,37.559955,127.16994
20244,A,골목상권,3111089,상일여고(상일초등학교),CS100001,한식음식점,4886956247,96158,50822.149451943675,강동구,37.548114,127.17135
20244,A,골목상권,3111089,상일여고(상일초등학교),CS100010,커피-음료,175821205,22730,7735.204795424549,강동구,37.548114,127.17135
20244,A,골목상권,3111089,상일여고(상일초등학교),CS300001,슈퍼마켓,364901019,39373,9267.798211972671,강동구,37.548114,127.17135
20244,A,골목상권,3111089,상일여고(상일초등학교),CS300002,편의점,460412202,64502,7137.952342563021,강동구,37.548114,127.17135
20244,A,골목상권,3111090,강일동주민센터,CS100001,한식음식점,671837111,22210,30249.30711391265,강동구,37.565085,127.173766
20244,A,골목상권,3111090,강일동주민센터,CS100010,커피-음료,197205705,45491,4335.0488008617085,강동구,37.565085,127.173766
20244,D,발달상권,3120001,서대문역,CS100001,한식음식점,9659731343,225166,42900.48827531688,종로구,37.566677,126.966088
20244,D,발달상권,3120001,서대문역,CS100010,커피-음료,720180417,102137,7051.121699286253,종로구,37.566677,126.966088
20244,D,발달상권,3120001,서대문역,CS300001,슈퍼마켓,532688326,96980,5492.764755619715,종로구,37.566677,126.966088
20244,D,발달상권,3120001,서대문역,CS300002,편의점,720306522,127823,5635.1871103009635,종로구,37.566677,126.966088
20244,D,발달상권,3120002,서촌(경복궁역),CS100001,한식음식점,7772877407,165158,47063.281264001744,종로구,37.579284,126.971822
20244,D,발달상권,3120002,서촌(경복궁역),CS100010,커피-음료,4387760502,332605,13192.10625817411,종로구,37.579284,126.971822
20244,D,발달상권,3120002,서촌(경복궁역),CS300001,슈퍼마켓,499413089,68212,7321.484328270685,종로구,37.579284,126.971822
20244,D,발달상권,3120002,서촌(경복궁역),CS300002,편의점,948147931,149030,6362.127967523317,종로구,37.579284,126.971822
20244,D,발달상권,3120003,광화문역,CS100001,한식음식점,24386407717,574653,42436.753513859665,종로구,37.571968,126.974598
20244,D,발달상권,3120003,광화문역,CS100010,커피-음료,7377986192,825675,8935.702536712386,종로구,37.571968,126.974598
20244,D,발달상권,3120003,광화문역,CS300001,슈퍼마켓,1511386122,140692,10742.516433059449,종로구,37.571968,126.974598
20244,D,발달상권,3120003,광화문역,CS300002,편의점,3369664752,633008,5323.2577660945835,종로구,37.571968,126.974598
20244,D,발달상권,3120004,종로구청,CS100001,한식음식점,7514832741,199510,37666.44649892236,종로구,37.574105,126.981095
20244,D,발달상권,3120004,종로구청,CS100010,커피-음료,1702291712,198399,8580.14260152521,종로구,37.574105,126.981095
20244,D,발달상권,3120004,종로구청,CS300001,슈퍼마켓,1170036974,198191,5903.5827762108265,종로구,37.574105,126.981095
20244,D,발달상권,3120004,종로구청,CS300002,편의점,803691294,132995,6043.018865370878,종로구,37.574105,126.981095
20244,D,발달상권,3120005,삼청동,CS100001,한식음식점,5255032821,114532,45882.660051339364,종로구,37.583493,126.981059
20244,D,발달상권,3120005,삼청동,CS100010,커피-음료,4447692731,218152,20388.044716527926,종로구,37.583493,126.981059
20244,D,발달상권,3120005,삼청동,CS300001,슈퍼마켓,496285702,114159,4347.319983531741,종로구,37.583493,126.981059
20244,D,발달상권,3120005,삼청동,CS300002,편의점,462836096,99018,4674.262214950817,종로구,37.583493,126.981059
20244,D,발달상권,3120006,종각역,CS100001,한식음식점,40108518620,774096,51813.36503482772,종로구,37.570375,126.983496
20244,D,발달상권,3120006,종각역,CS100010,커피-음료,7478341369,913030,8190.685266639651,종로구,37.570375,126.983496
20244,D,발달상권,3120006,종각역,CS300001,슈퍼마켓,1344039953,238347,5639.0051185876055,종로구,37.570375,126.983496
20244,D,발달상권,3120006,종각역,CS300002,편의점,3061769210,438193,6987.26180016568,종로구,37.570375,126.983496
20244,D,발달상권,3120007,북촌(안국역),CS100001,한식음식점,12552948557,372435,33705.072179037954,종로구,37.57916,126.985747
20244,D,발달상권,3120007,북촌(안국역),CS100010,커피-음료,6447866080,580739,11102.863902717056,종로구,37.57916,126.985747
20244,D,발달상권,3120007,북촌(안국역),CS300001,슈퍼마켓,785687017,84026,9350.522659652965,종로구,37.57916,126.985747
20244,D,발달상권,3120007,북촌(안국역),CS300002,편의점,410179659,71588,5729.726476504442,종로구,37.57916,126.985747
20244,D,발달상권,3120008,인사동,CS100001,한식음식점,18248421297,433679,42078.17601728468,종로구,37.573907,126.985227
20244,D,발달상권,3120008,인사동,CS100010,커피-음료,4220016004,230086,18341.037716332154,종로구,37.573907,126.985227
20244,D,발달상권,3120008,인사동,CS300001,슈퍼마켓,1299067087,127699,10172.883789223095,종로구,37.573907,126.985227
20244,D,발달상권,3120008,인사동,CS300002,편의점,1533905025,246780,6215.6780330658885,종로구,37.573907,126.985227
20244,D,발달상권,3120009,종로3가역,CS100001,한식음식점,41970968880,896389,46822.27122376557,종로구,37.571655,126.990695
20244,D,발달상권,3120009,종로3가역,CS100010,커피-음료,7584276347,787758,9627.672898275867,종로구,37.571655,126.990695
20244,D,발달상권,3120009,종로3가역,CS300001,슈퍼마켓,5326540334,620457,8584.86620990657,종로구,37.571655,126.990695
20244,D,발달상권,3120009,종로3가역,CS300002,편의점,4533129754,709297,6391.017802133662,종로구,37.571655,126.990695
20244,D,발달상권,3120010,원남동사거리,CS100001,한식음식점,1313883487,36737,35764.58303617606,종로구,37.575025,126.997736
20244,D,발달상권,3120010,원남동사거리,CS100010,커피-음료,303636800,45530,6668.9391609927525,종로구,37.575025,126.997736
20244,D,발달상권,3120010,원남동사거리,CS300001,슈퍼마켓,378764072,32609,11615.323131650772,종로구,37.575025,126.997736
20244,D,발달상권,3120010,원남동사거리,CS300002,편의점,238078780,34778,6845.671976536891,종로구,37.575025,126.997736
20244,D,발달상권,3120011,종로4가,CS100001,한식음식점,1434880888,43412,33052.632636137474,종로구,37.571151,126.997589
20244,D,발달상권,3120011,종로4가,CS100010,커피-음료,594075194,66472,8937.22460584908,종로구,37.571151,126.997589
20244,D,발달상권,3120011,종로4가,CS300001,슈퍼마켓,1125620391,142525,7897.70490089458,종로구,37.571151,126.997589
20244,D,발달상권,3120011,종로4가,CS300002,편의점,721290213,125009,5769.906270748506,종로구,37.571151,126.997589
20244,D,발달상권,3120012,대학로(혜화역),CS100001,한식음식점,16614322978,402015,41327.61956145915,종로구,37.582747,127.001325
20244,D,발달상권,3120012,대학로(혜화역),CS100010,커피-음료,6378678839,652460,9776.352326579407,종로구,37.582747,127.001325
20244,D,발달상권,3120012,대학로(혜화역),CS300001,슈퍼마켓,2315418352,283813,8158.253328776342,종로구,37.582747,127.001325
20244,D,발달상권,3120012,대학로(혜화역),CS300002,편의점,2340694009,282799,8276.882199017677,종로구,37.582747,127.001325
20244,D,발달상권,3120013,이화사거리,CS100001,한식음식점,3561584482,69712,51089.977077117284,종로구,37.574935,127.001585
20244,D,발달상권,3120013,이화사거리,CS100010,커피-음료,1154297033,93948,12286.552486481884,종로구,37.574935,127.001585
20244,D,발달상권,3120013,이화사거리,CS300001,슈퍼마켓,126373448,24778,5100.227944143999,종로구,37.574935,127.001585
20244,D,발달상권,3120013,이화사거리,CS300002,편의점,1173375308,157928,7429.811736994073,종로구,37.574935,127.001585
20244,D,발달상권,3120014,종로5가역,CS100001,한식음식점,8402108959,183196,45864.041567501474,종로구,37.571908,127.002321
20244,D,발달상권,3120014,종로5가역,CS100010,커피-음료,1619890021,235292,6884.594550600956,종로구,37.571908,127.002321
20244,D,발달상권,3120014,종로5가역,CS300001,슈퍼마켓,293690767,13473,21798.468566763157,종로구,37.571908,127.002321
20244,D,발달상권,3120014,종로5가역,CS300002,편의점,1242912247,208259,5968.108206608118,종로구,37.571908,127.002321
20244,D,발달상권,3120015,종로6가,CS100001,한식음식점,1407672731,41881,33611.24927771543,종로구,37.572106,127.00703
20244,D,발달상권,3120015,종로6가,CS100010,커피-음료,391649681,61690,6348.673707245907,종로구,37.572106,127.00703
20244,D,발달상권,3120015,종로6가,CS300001,슈퍼마켓,476027612,52392,9085.883570010688,종로구,37.572106,127.00703
20244,D,발달상권,3120015,종로6가,CS300002,편의점,415934239,66756,6230.664494577267,종로구,37.572106,127.00703
20244,D,발달상권,3120016,동대문역,CS100001,한식음식점,2500084408,66426,37637.136181615635,종로구,37.571231,127.011376
20244,D,발달상권,3120016,동대문역,CS100010,커피-음료,163392749,30187,5412.6858912777025,종로구,37.571231,127.011376
20244,D,발달상권,3120016,동대문역,CS300001,슈퍼마켓,67121050,859,78138.59138533178,종로구,37.571231,127.011376
20244,D,발달상권,3120016,동대문역,CS300002,편의점,742993661,111899,6639.85970384007,종로구,37.571231,127.011376
20244,D,발달상권,3120017,동묘앞역(동묘),CS100001,한식음식점,1431984679,36430,39307.84186110349,종로구,37.572745,127.014648
20244,D,발달상권,3120017,동묘앞역(동묘),CS100010,커피-음료,506216035,61950,8171.364568200162,종로구,37.572745,127.014648
20244,D,발달상권,3120017,동묘앞역(동묘),CS300001,슈퍼마켓,176219996,1449,121614.90407177364,종로구,37.572745,127.014648
20244,D,발달상권,3120017,동묘앞역(동묘),CS300002,편의점,1105176953,81593,13544.997156618827,종로구,37.572745,127.014648
20244,D,발달상권,3120018,중림동,CS100001,한식음식점,6715429358,159550,42089.811081165775,중구,37.559497,126.967665
20244,D,발달상권,3120018,중림동,CS100010,커피-음료,819460787,91528,8953.115844331789,중구,37.559497,126.967665
20244,D,발달상권,3120018,중림동,CS300001,슈퍼마켓,158986270,34151,4655.391350180083,중구,37.559497,126.967665
20244,D,발달상권,3120018,중림동,CS300002,편의점,784233804,115290,6802.270830080666,중구,37.559497,126.967665
20244,D,발달상권,3120019,경찰청앞교차로,CS100001,한식음식점,100205363,2519,39779.81857880111,중구,37.562669,126.96987
20244,D,발달상권,3120019,경찰청앞교차로,CS100010,커피-음료,1188759424,120735,9846.021650722658,중구,37.562669,126.96987
20244,D,발달상권,3120019,경찰청앞교차로,CS300002,편의점,1189777225,205569,5787.726870296591,중구,37.562669,126.96987
20244,D,발달상권,3120020,시청역_1번,CS100001,한식음식점,6288990192,161279,38994.47660265751,중구,37.564138,126.974556
20244,D,발달상권,3120020,시청역_1번,CS100010,커피-음료,1433939658,205867,6965.3691849592215,중구,37.564138,126.974556
20244,D,발달상권,3120020,시청역_1번,CS300001,슈퍼마켓,2299494568,89785,25611.1217686696,중구,37.564138,126.974556
20244,D,발달상권,3120021,시청역_8번,CS100001,한식음식점,7770681907,179746,43231.459431642426,중구,37.56176,126.97424
20244,D,발달상권,3120021,시청역_8번,CS100010,커피-음료,10343530899,515773,20054.424909795587,중구,37.56176,126.97424
20244,D,발달상권,3120021,시청역_8번,CS300001,슈퍼마켓,1234115694,240852,5123.958671715411,중구,37.56176,126.97424
20244,D,발달상권,3120021,시청역_8번,CS300002,편의점,667492440,120225,5552.026949469744,중구,37.56176,126.97424
20244,D,발달상권,3120022,북창동(시청역_6번),CS100001,한식음식점,49329346132,439145,112330.42874676929,중구,37.563022,126.977646
20244,D,발달상권,3120022,북창동(시청역_6번),CS100010,커피-음료,1543259566,170271,9063.549083519802,중구,37.563022,126.977646
20244,D,발달상권,3120022,북창동(시청역_6번),CS300001,슈퍼마켓,1426570651,219876,6488.068961596537,중구,37.563022,126.977646
20244,D,발달상권,3120022,북창동(시청역_6번),CS300002,편의점,2720885489,314515,8651.051584185174,중구,37.563022,126.977646
20244,D,발달상권,3120023,서울시청,CS100001,한식음식점,13192151426,158661,83146.78103629751,중구,37.568031,126.977916
20244,D,발달상권,3120023,서울시청,CS100010,커피-음료,1670416832,152322,10966.353067843122,중구,37.568031,126.977916
20244,D,발달상권,3120023,서울시청,CS300002,편의점,5222496085,816315,6397.6480709040015,중구,37.568031,126.977916
20244,D,발달상권,3120024,회현역,CS100001,한식음식점,3371426784,78825,42771.03436726927,중구,37.557337,126.978994
20244,D,발달상권,3120024,회현역,CS100010,커피-음료,674374841,88816,7592.9431746532155,중구,37.557337,126.978994
20244,D,발달상권,3120024,회현역,CS300001,슈퍼마켓,468677549,48010,9762.081837117266,중구,37.557337,126.978994
20244,D,발달상권,3120024,회현역,CS300002,편의점,2033301600,327699,6204.784268490292,중구,37.557337,126.978994
20244,D,발달상권,3120025,롯데백화점(시청광장 지하쇼핑센터),CS100001,한식음식점,364789557,15423,23652.30869480646,중구,37.565005,126.980735
20244,D,발달상권,3120025,롯데백화점(시청광장 지하쇼핑센터),CS100010,커피-음료,344167677,40012,8601.61144156753,중구,37.565005,126.980735
20244,D,발달상권,3120025,롯데백화점(시청광장 지하쇼핑센터),CS300001,슈퍼마켓,502900271,127062,3957.9124443185215,중구,37.565005,126.980735
20244,D,발달상권,3120025,롯데백화점(시청광장 지하쇼핑센터),CS300002,편의점,54000000,11825,4566.596194503171,중구,37.565005,126.980735
20244,D,발달상권,3120026,을지로입구역,CS100001,한식음식점,19318263226,388582,49714.76606224684,중구,37.567411,126.983395
20244,D,발달상권,3120026,을지로입구역,CS100010,커피-음료,5651421658,759332,7442.622802673929,중구,37.567411,126.983395
20244,D,발달상권,3120026,을지로입구역,CS300001,슈퍼마켓,402503191,65434,6151.285126998197,중구,37.567411,126.983395
20244,D,발달상권,3120026,을지로입구역,CS300002,편의점,2638417465,506740,5206.649297470103,중구,37.567411,126.983395
20244,D,발달상권,3120027,명동역(명동재미로),CS100001,한식음식점,3804665491,96899,39264.23896015439,중구,37.55977,126.983793
20244,D,발달상권,3120027,명동역(명동재미로),CS100010,커피-음료,3868275560,458375,8439.106757567493,중구,37.55977,126.983793
20244,D,발달상권,3120027,명동역(명동재미로),CS300001,슈퍼마켓,807075518,75388,10705.623149572877,중구,37.55977,126.983793
20244,D,발달상권,3120027,명동역(명동재미로),CS300002,편의점,1070590341,165819,6456.379190563204,중구,37.55977,126.983793
20244,D,발달상권,3120028,명동(명동거리),CS100001,한식음식점,30159236103,734092,41083.72806541959,중구,37.562789,126.983701
20244,D,발달상권,3120028,명동(명동거리),CS100010,커피-음료,10227354816,1039376,9839.89895475747,중구,37.562789,126.983701
20244,D,발달상권,3120028,명동(명동거리),CS300001,슈퍼마켓,9280439981,517856,17920.889168031266,중구,37.562789,126.983701
20244,D,발달상권,3120028,명동(명동거리),CS300002,편의점,5316072407,661334,8038.407834770328,중구,37.562789,126.983701
20244,D,발달상권,3120029,을지로2가,CS100001,한식음식점,3372435694,66828,50464.41153408751,중구,37.565194,126.985953
20244,D,발달상권,3120029,을지로2가,CS100010,커피-음료,324213650,36119,8976.263185580996,중구,37.565194,126.985953
20244,D,발달상권,3120029,을지로2가,CS300002,편의점,1048134990,49016,21383.5276236331,중구,37.565194,126.985953
20244,D,발달상권,3120030,중부경찰서(영화인의거리),CS100001,한식음식점,5340480281,136024,39261.3088940187,중구,37.562789,126.990311
20244,D,발달상권,3120030,중부경찰서(영화인의거리),CS100010,커피-음료,1795772868,265275,6769.476460277071,중구,37.562789,126.990311
20244,D,발달상권,3120030,중부경찰서(영화인의거리),CS300001,슈퍼마켓,228310173,15484,14744.909132007233,중구,37.562789,126.990311
20244,D,발달상권,3120030,중부경찰서(영화인의거리),CS300002,편의점,551326440,97324,5664.855945090625,중구,37.562789,126.990311
20244,D,발달상권,3120031,을지로3가역,CS100001,한식음식점,24783922854,474128,52272.64125721324,중구,37.566231,126.991613
20244,D,발달상권,3120031,을지로3가역,CS100010,커피-음료,6305326280,594578,10604.708347769343,중구,37.566231,126.991613
20244,D,발달상권,3120031,을지로3가역,CS300001,슈퍼마켓,1282599046,153170,8373.696193771626,중구,37.566231,126.991613
20244,D,발달상권,3120031,을지로3가역,CS300002,편의점,4243919332,794049,5344.6567302521635,중구,37.566231,126.991613
20244,D,발달상권,3120032,충무로역,CS100001,한식음식점,15496918715,364974,42460.33611983319,중구,37.561402,126.994941
20244,D,발달상권,3120032,충무로역,CS100010,커피-음료,3335138204,469599,7102.09818164008,중구,37.561402,126.994941
20244,D,발달상권,3120032,충무로역,CS300001,슈퍼마켓,1687968294,178183,9473.228613279605,중구,37.561402,126.994941
20244,D,발달상권,3120032,충무로역,CS300002,편의점,2579635500,432635,5962.613981762918,중구,37.561402,126.994941
20244,D,발달상권,3120033,을지로4가역,CS100001,한식음식점,890872176,19229,46329.61547662385,중구,37.566871,126.996706
20244,D,발달상권,3120033,을지로4가역,CS100010,커피-음료,93537716,7636,12249.569931901518,중구,37.566871,126.996706
20244,D,발달상권,3120033,을지로4가역,CS300001,슈퍼마켓,4232618,375,11286.981333333333,중구,37.566871,126.996706
20244,D,발달상권,3120033,을지로4가역,CS300002,편의점,907626578,145502,6237.89760965485,중구,37.566871,126.996706
20244,D,발달상권,3120034,중구청(퇴계로4가),CS100001,한식음식점,1353919338,38637,35042.04099697182,중구,37.563546,126.998098
20244,D,발달상권,3120034,중구청(퇴계로4가),CS100010,커피-음료,28081539,1882,14921.115302869288,중구,37.563546,126.998098
20244,D,발달상권,3120034,중구청(퇴계로4가),CS300001,슈퍼마켓,707662040,88420,8003.415969237729,중구,37.563546,126.998098
20244,D,발달상권,3120034,중구청(퇴계로4가),CS300002,편의점,294125182,43143,6817.4485316273785,중구,37.563546,126.998098
20244,D,발달상권,3120035,퇴계로5가,CS100001,한식음식점,855674099,22524,37989.43788847452,중구,37.563429,127.001947
20244,D,발달상권,3120035,퇴계로5가,CS100010,커피-음료,198954602,28224,7049.128472222223,중구,37.563429,127.001947
20244,D,발달상권,3120035,퇴계로5가,CS300001,슈퍼마켓,162531094,15953,10188.120980379867,중구,37.563429,127.001947
20244,D,발달상권,3120035,퇴계로5가,CS300002,편의점,1155909727,161060,7176.8889047559915,중구,37.563429,127.001947
20244,D,발달상권,3120036,장충동족발거리(남소영길),CS100001,한식음식점,4638729699,81611,56839.515494234845,중구,37.560014,127.005501
20244,D,발달상권,3120036,장충동족발거리(남소영길),CS100010,커피-음료,540899690,65057,8314.242740980986,중구,37.560014,127.005501
20244,D,발달상권,3120037,동대문역사문화공원역,CS100001,한식음식점,10832540174,295274,36686.40034002317,중구,37.565456,127.00738
20244,D,발달상권,3120037,동대문역사문화공원역,CS100010,커피-음료,2378326449,331329,7178.141511911122,중구,37.565456,127.00738
20244,D,발달상권,3120037,동대문역사문화공원역,CS300001,슈퍼마켓,1183254693,105209,11246.706013744071,중구,37.565456,127.00738
20244,D,발달상권,3120037,동대문역사문화공원역,CS300002,편의점,5761688268,890872,6467.470375093167,중구,37.565456,127.00738
20244,D,발달상권,3120038,약수역,CS100001,한식음식점,7082963187,177187,39974.508214485264,중구,37.554284,127.010027
20244,D,발달상권,3120038,약수역,CS100010,커피-음료,397815004,55483,7170.034136582377,중구,37.554284,127.010027
20244,D,발달상권,3120038,약수역,CS300001,슈퍼마켓,677945823,52877,12821.185449250146,중구,37.554284,127.010027
20244,D,발달상권,3120038,약수역,CS300002,편의점,2562268964,323549,7919.260958927396,중구,37.554284,127.010027
20244,D,발달상권,3120039,신당역,CS100001,한식음식점,9272129361,236413,39220.04864791699,중구,37.565429,127.015722
20244,D,발달상권,3120039,신당역,CS100010,커피-음료,539441122,112981,4774.618050822704,중구,37.565429,127.015722
20244,D,발달상권,3120039,신당역,CS300001,슈퍼마켓,1676205837,263709,6356.270878127027,중구,37.565429,127.015722
20244,D,발달상권,3120039,신당역,CS300002,편의점,3215357342,376821,8532.850722226203,중구,37.565429,127.015722
20244,D,발달상권,3120040,용산전자상가(용산역),CS100001,한식음식점,5322273225,190373,27957.08017943721,용산구,37.533276,126.961555
20244,D,발달상권,3120040,용산전자상가(용산역),CS100010,커피-음료,782066715,132651,5895.671461202704,용산구,37.533276,126.961555
20244,D,발달상권,3120040,용산전자상가(용산역),CS300001,슈퍼마켓,2000138488,136674,14634.374409178045,용산구,37.533276,126.961555
20244,D,발달상권,3120040,용산전자상가(용산역),CS300002,편의점,2059033016,312135,6596.610492254954,용산구,37.533276,126.961555
20244,D,발달상권,3120041,신용산역(용산역),CS100001,한식음식점,23908319962,387134,61757.22091575527,용산구,37.528997,126.963333
20244,D,발달상권,3120041,신용산역(용산역),CS100010,커피-음료,3584334933,363723,9854.57321368184,용산구,37.528997,126.963333
20244,D,발달상권,3120041,신용산역(용산역),CS300001,슈퍼마켓,557488837,55104,10117.030288182346,용산구,37.528997,126.963333
20244,D,발달상권,3120041,신용산역(용산역),CS300002,편의점,1428951840,225171,6346.074050388372,용산구,37.528997,126.963333
20244,D,발달상권,3120042,"숙대입구역(남영역, 남영동)",CS100001,한식음식점,1971548775,56978,34601.93013092773,용산구,37.542253,126.971768
20244,D,발달상권,3120042,"숙대입구역(남영역, 남영동)",CS100010,커피-음료,826635415,88347,9356.689134888564,용산구,37.542253,126.971768
20244,D,발달상권,3120042,"숙대입구역(남영역, 남영동)",CS300001,슈퍼마켓,534724049,55530,9629.462434719971,용산구,37.542253,126.971768
20244,D,발달상권,3120042,"숙대입구역(남영역, 남영동)",CS300002,편의점,393876537,40455,9736.164553207267,용산구,37.542253,126.971768
20244,D,발달상권,3120043,서울역,CS100001,한식음식점,16552610133,346069,47830.37525175615,중구,37.556353,126.97294
20244,D,발달상권,3120043,서울역,CS100010,커피-음료,5548382486,711565,7797.435913795648,중구,37.556353,126.97294
20244,D,발달상권,3120043,서울역,CS300001,슈퍼마켓,1338011480,216604,6177.224243319606,중구,37.556353,126.97294
20244,D,발달상권,3120043,서울역,CS300002,편의점,5987593402,926103,6465.364437864902,중구,37.556353,126.97294
20244,D,발달상권,3120044,삼각지역,CS100001,한식음식점,6528810524,89292,73117.53039466022,용산구,37.533919,126.973276
20244,D,발달상권,3120044,삼각지역,CS100010,커피-음료,436800699,43617,10014.459935346309,용산구,37.533919,126.973276
20244,D,발달상권,3120044,삼각지역,CS300001,슈퍼마켓,47330645,6853,6906.558441558442,용산구,37.533919,126.973276
20244,D,발달상권,3120044,삼각지역,CS300002,편의점,206830964,29347,7047.771969877671,용산구,37.533919,126.973276
20244,D,발달상권,3120045,남영동 먹자골목,CS100001,한식음식점,16969167826,305367,55569.74992713686,용산구,37.542866,126.973307
20244,D,발달상권,3120045,남영동 먹자골목,CS100010,커피-음료,1122230882,86282,13006.546927516747,용산구,37.542866,126.973307
20244,D,발달상권,3120045,남영동 먹자골목,CS300002,편의점,573976356,86044,6670.730742410859,용산구,37.542866,126.973307
20244,D,발달상권,3120046,이태원(이태원역),CS100001,한식음식점,13232187472,280305,47206.3911524946,용산구,37.534931,126.994784
20244,D,발달상권,3120046,이태원(이태원역),CS100010,커피-음료,2256276887,199831,11290.925266850489,용산구,37.534931,126.994784
20244,D,발달상권,3120046,이태원(이태원역),CS300001,슈퍼마켓,5427594127,298240,18198.746402226396,용산구,37.534931,126.994784
20244,D,발달상권,3120046,이태원(이태원역),CS300002,편의점,5584401411,896516,6229.003621798161,용산구,37.534931,126.994784
20244,D,발달상권,3120047,한남오거리,CS100001,한식음식점,9672834478,146582,65989.23795554707,용산구,37.533011,127.007569
20244,D,발달상권,3120047,한남오거리,CS100010,커피-음료,495839757,70995,6984.150390872596,용산구,37.533011,127.007569
20244,D,발달상권,3120047,한남오거리,CS300001,슈퍼마켓,353732922,50456,7010.720667512288,용산구,37.533011,127.007569
20244,D,발달상권,3120047,한남오거리,CS300002,편의점,860936105,119534,7202.437005370857,용산구,37.533011,127.007569
20244,D,발달상권,3120048,금호역,CS100001,한식음식점,1614736221,29204,55291.61145733461,성동구,37.5483,127.019634
20244,D,발달상권,3120048,금호역,CS100010,커피-음료,42849521,7001,6120.4857877446075,성동구,37.5483,127.019634
20244,D,발달상권,3120048,금호역,CS300001,슈퍼마켓,60952446,8152,7476.99288518155,성동구,37.5483,127.019634
20244,D,발달상권,3120048,금호역,CS300002,편의점,452610938,61931,7308.30986097431,성동구,37.5483,127.019634
20244,D,발달상권,3120049,왕십리역(왕십리),CS100001,한식음식점,6350846688,145893,43530.85266599494,성동구,37.56091,127.037203
20244,D,발달상권,3120049,왕십리역(왕십리),CS100010,커피-음료,533497378,65358,8162.694360292543,성동구,37.56091,127.037203
20244,D,발달상권,3120049,왕십리역(왕십리),CS300001,슈퍼마켓,987830634,39881,24769.454978561218,성동구,37.56091,127.037203
20244,D,발달상권,3120049,왕십리역(왕십리),CS300002,편의점,1880205419,370133,5079.810281709548,성동구,37.56091,127.037203
20244,D,발달상권,3120050,서울숲역,CS100001,한식음식점,998040265,21031,47455.67329180733,성동구,37.542202,127.046959
20244,D,발달상권,3120050,서울숲역,CS100010,커피-음료,148148442,7372,20096.099023331524,성동구,37.542202,127.046959
20244,D,발달상권,3120050,서울숲역,CS300001,슈퍼마켓,21400948,2814,7605.16986496091,성동구,37.542202,127.046959
20244,D,발달상권,3120051,뚝섬역,CS100001,한식음식점,12857070912,396419,32433.034017037528,성동구,37.546679,127.048421
20244,D,발달상권,3120051,뚝섬역,CS100010,커피-음료,3854611585,338096,11400.93815070276,성동구,37.546679,127.048421
20244,D,발달상권,3120051,뚝섬역,CS300001,슈퍼마켓,145861592,16106,9056.351173475723,성동구,37.546679,127.048421
20244,D,발달상권,3120051,뚝섬역,CS300002,편의점,1112182374,212477,5234.365950196962,성동구,37.546679,127.048421
20244,D,발달상권,3120052,성수역,CS100001,한식음식점,16904051386,527607,32039.096118891524,성동구,37.544675,127.056669
20244,D,발달상권,3120052,성수역,CS100010,커피-음료,2849828267,348568,8175.8172494319615,성동구,37.544675,127.056669
20244,D,발달상권,3120052,성수역,CS300001,슈퍼마켓,2492263873,293525,8490.806142577294,성동구,37.544675,127.056669
20244,D,발달상권,3120052,성수역,CS300002,편의점,5148941285,636511,8089.320192424011,성동구,37.544675,127.056669
20244,D,발달상권,3120053,건대입구역(건대),CS100001,한식음식점,18570030712,512265,36250.828598479304,광진구,37.540524,127.069418
20244,D,발달상권,3120053,건대입구역(건대),CS100010,커피-음료,8874302221,1072367,8275.433896231421,광진구,37.540524,127.069418
20244,D,발달상권,3120053,건대입구역(건대),CS300001,슈퍼마켓,787644,50,15752.88,광진구,37.540524,127.069418
20244,D,발달상권,3120053,건대입구역(건대),CS300002,편의점,6052207027,711530,8505.905621688475,광진구,37.540524,127.069418
20244,D,발달상권,3120054,어린이대공원역,CS100001,한식음식점,5713524830,175235,32604.9295517448,광진구,37.54782,127.072197
20244,D,발달상권,3120054,어린이대공원역,CS100010,커피-음료,755687171,147129,5136.221757777189,광진구,37.54782,127.072197
20244,D,발달상권,3120054,어린이대공원역,CS300001,슈퍼마켓,1702364399,126075,13502.79118778505,광진구,37.54782,127.072197
20244,D,발달상권,3120054,어린이대공원역,CS300002,편의점,1534925705,268135,5724.451134689615,광진구,37.54782,127.072197
20244,D,발달상권,3120055,군자역,CS100001,한식음식점,15755446502,342824,45957.828220894684,광진구,37.557132,127.079348
20244,D,발달상권,3120055,군자역,CS100010,커피-음료,1041897730,139876,7448.724084188853,광진구,37.557132,127.079348
20244,D,발달상권,3120055,군자역,CS300001,슈퍼마켓,1544304258,222405,6943.658002293114,광진구,37.557132,127.079348
20244,D,발달상권,3120055,군자역,CS300002,편의점,1923104346,290750,6614.2883783319,광진구,37.557132,127.079348
20244,D,발달상권,3120056,구의역,CS100001,한식음식점,11865413415,241928,49045.225914321614,광진구,37.537549,127.084916
20244,D,발달상권,3120056,구의역,CS100010,커피-음료,623568592,85741,7272.700248422575,광진구,37.537549,127.084916
20244,D,발달상권,3120056,구의역,CS300001,슈퍼마켓,2767869134,331637,8346.080606204978,광진구,37.537549,127.084916
20244,D,발달상권,3120056,구의역,CS300002,편의점,1739652650,258989,6717.090880307658,광진구,37.537549,127.084916
20244,D,발달상권,3120057,아차산역,CS100001,한식음식점,5883060944,150491,39092.4436943073,광진구,37.554252,127.086972
20244,D,발달상권,3120057,아차산역,CS100010,커피-음료,1234110476,245037,5036.425013365329,광진구,37.554252,127.086972
20244,D,발달상권,3120057,아차산역,CS300001,슈퍼마켓,342000000,17809,19203.773373013646,광진구,37.554252,127.086972
20244,D,발달상권,3120057,아차산역,CS300002,편의점,637204483,86651,7353.688739887595,광진구,37.554252,127.086972
20244,D,발달상권,3120058,구의사거리,CS100001,한식음식점,1537510379,41103,37406.28126900713,광진구,37.544494,127.087923
20244,D,발달상권,3120058,구의사거리,CS100010,커피-음료,41126746,7475,5501.905819397994,광진구,37.544494,127.087923
20244,D,발달상권,3120058,구의사거리,CS300001,슈퍼마켓,2480532686,128035,19373.864068418792,광진구,37.544494,127.087923
20244,D,발달상권,3120058,구의사거리,CS300002,편의점,586964317,89207,6579.801103052451,광진구,37.544494,127.087923
20244,D,발달상권,3120059,구삼강변맛길,CS100001,한식음식점,6481176004,142655,45432.51904244506,광진구,37.538895,127.092668
20244,D,발달상권,3120059,구삼강변맛길,CS100010,커피-음료,548034859,61394,8926.521467895886,광진구,37.538895,127.092668
20244,D,발달상권,3120059,구삼강변맛길,CS300001,슈퍼마켓,5724468111,189582,30195.208991359937,광진구,37.538895,127.092668
20244,D,발달상권,3120059,구삼강변맛길,CS300002,편의점,590989701,110795,5334.082774493434,광진구,37.538895,127.092668
20244,D,발달상권,3120060,강변역(테크노마트),CS100001,한식음식점,1328791670,101895,13040.79366014034,광진구,37.534812,127.094632
20244,D,발달상권,3120060,강변역(테크노마트),CS100010,커피-음료,1043889119,157544,6626.0163446402275,광진구,37.534812,127.094632
20244,D,발달상권,3120060,강변역(테크노마트),CS300001,슈퍼마켓,666613879,204843,3254.2673120389763,광진구,37.534812,127.094632
20244,D,발달상권,3120060,강변역(테크노마트),CS300002,편의점,2110123050,224742,9389.09082414502,광진구,37.534812,127.094632
20244,D,발달상권,3120061,올림픽대교북단,CS100001,한식음식점,2256947552,53990,41803.06634561956,광진구,37.540721,127.095816
20244,D,발달상권,3120061,올림픽대교북단,CS100010,커피-음료,78989956,20000,3949.4978,광진구,37.540721,127.095816
20244,D,발달상권,3120061,올림픽대교북단,CS300001,슈퍼마켓,3268494226,220704,14809.401850442222,광진구,37.540721,127.095816
20244,D,발달상권,3120062,신설동역,CS100001,한식음식점,10494237461,372943,28138.98494139855,동대문구,37.574951,127.024497
20244,D,발달상권,3120062,신설동역,CS100010,커피-음료,930027120,158102,5882.450063882809,동대문구,37.574951,127.024497
20244,D,발달상권,3120062,신설동역,CS300001,슈퍼마켓,1599824396,166581,9603.882771744677,동대문구,37.574951,127.024497
20244,D,발달상권,3120062,신설동역,CS300002,편의점,2866170345,500014,5732.18018895471,동대문구,37.574951,127.024497
20244,D,발달상권,3120063,청량리역(청량리),CS100001,한식음식점,4239272849,156706,27052.39651959721,동대문구,37.581007,127.047809
20244,D,발달상권,3120063,청량리역(청량리),CS100010,커피-음료,483015621,104913,4603.963484029625,동대문구,37.581007,127.047809
20244,D,발달상권,3120063,청량리역(청량리),CS300001,슈퍼마켓,17415887142,873343,19941.634778088333,동대문구,37.581007,127.047809
20244,D,발달상권,3120063,청량리역(청량리),CS300002,편의점,2212869025,356397,6209.000145904707,동대문구,37.581007,127.047809
20244,D,발달상권,3120064,경희대학교(경희대),CS100001,한식음식점,5644612011,173473,32538.850489701566,동대문구,37.592511,127.052448
20244,D,발달상권,3120064,경희대학교(경희대),CS100010,커피-음료,3395247405,425701,7975.662272346083,동대문구,37.592511,127.052448
20244,D,발달상권,3120064,경희대학교(경희대),CS300001,슈퍼마켓,832890695,144759,5753.636699617986,동대문구,37.592511,127.052448
20244,D,발달상권,3120064,경희대학교(경희대),CS300002,편의점,401805368,70242,5720.300788701917,동대문구,37.592511,127.052448
20244,D,발달상권,3120065,회기역,CS100001,한식음식점,2051259615,85518,23986.290780888234,동대문구,37.589418,127.05762
20244,D,발달상권,3120065,회기역,CS100010,커피-음료,473194481,99363,4762.2805370208225,동대문구,37.589418,127.05762
20244,D,발달상권,3120065,회기역,CS300002,편의점,1613846698,152335,10594.063727967965,동대문구,37.589418,127.05762
20244,D,발달상권,3120066,장한평역(장한평),CS100001,한식음식점,14006751141,373535,37497.8278902914,동대문구,37.562132,127.064503
20244,D,발달상권,3120066,장한평역(장한평),CS100010,커피-음료,894427019,171302,5221.346037991384,동대문구,37.562132,127.064503
20244,D,발달상권,3120066,장한평역(장한평),CS300001,슈퍼마켓,1378057640,132854,10372.722236440002,동대문구,37.562132,127.064503
20244,D,발달상권,3120066,장한평역(장한평),CS300002,편의점,4527363661,616034,7349.210694539587,동대문구,37.562132,127.064503
20244,D,발달상권,3120067,장안동사거리,CS100001,한식음식점,8551548402,246755,34656.02886263703,동대문구,37.571931,127.071485
20244,D,발달상권,3120067,장안동사거리,CS100010,커피-음료,906775357,152020,5964.842500986712,동대문구,37.571931,127.071485
20244,D,발달상권,3120067,장안동사거리,CS300001,슈퍼마켓,5023323878,446547,11249.261282686928,동대문구,37.571931,127.071485
20244,D,발달상권,3120067,장안동사거리,CS300002,편의점,2163032813,310994,6955.223615246597,동대문구,37.571931,127.071485
20244,D,발달상권,3120068,사가정역,CS100001,한식음식점,3230515732,67840,47619.63048349057,중랑구,37.58111,127.088124
20244,D,발달상권,3120068,사가정역,CS100010,커피-음료,816598647,138396,5900.449774559958,중랑구,37.58111,127.088124
20244,D,발달상권,3120068,사가정역,CS300001,슈퍼마켓,477000000,69292,6883.911562662356,중랑구,37.58111,127.088124
20244,D,발달상권,3120069,상봉역,CS100001,한식음식점,10560509643,261879,40325.912513030824,중랑구,37.596373,127.087757
20244,D,발달상권,3120069,상봉역,CS100010,커피-음료,860836323,165702,5195.0871021472285,중랑구,37.596373,127.087757
20244,D,발달상권,3120069,상봉역,CS300001,슈퍼마켓,3696577407,595663,6205.82008115327,중랑구,37.596373,127.087757
20244,D,발달상권,3120069,상봉역,CS300002,편의점,1375945156,153131,8985.412202623897,중랑구,37.596373,127.087757
20244,D,발달상권,3120070,한성대입구역,CS100001,한식음식점,4425651489,128230,34513.386017312645,성북구,37.589171,127.008175
20244,D,발달상권,3120070,한성대입구역,CS100010,커피-음료,421572576,56438,7469.658315319466,성북구,37.589171,127.008175
20244,D,발달상권,3120070,한성대입구역,CS300002,편의점,1172596744,183438,6392.332799092882,성북구,37.589171,127.008175
20244,D,발달상권,3120071,성북구청,CS100001,한식음식점,4206769847,118371,35538.85535308479,성북구,37.589377,127.015897
20244,D,발달상권,3120071,성북구청,CS100010,커피-음료,162342225,25429,6384.137205552715,성북구,37.589377,127.015897
20244,D,발달상권,3120071,성북구청,CS300002,편의점,319049259,55290,5770.469506239826,성북구,37.589377,127.015897
20244,D,발달상권,3120072,성신여대,CS100001,한식음식점,14243844138,396319,35940.351429025606,성북구,37.592368,127.017494
20244,D,발달상권,3120072,성신여대,CS100010,커피-음료,5929648386,951985,6228.720395804556,성북구,37.592368,127.017494
20244,D,발달상권,3120072,성신여대,CS300001,슈퍼마켓,1098449207,118757,9249.553348434198,성북구,37.592368,127.017494
20244,D,발달상권,3120072,성신여대,CS300002,편의점,1299369819,239361,5428.49427851655,성북구,37.592368,127.017494
20244,D,발달상권,3120073,미아사거리,CS100001,한식음식점,550190426,24825,22162.75633434038,성북구,37.607881,127.02914
20244,D,발달상권,3120073,미아사거리,CS100010,커피-음료,537022569,94454,5685.5460753382595,성북구,37.607881,127.02914
20244,D,발달상권,3120073,미아사거리,CS300001,슈퍼마켓,21615051,2368,9127.977618243243,성북구,37.607881,127.02914
20244,D,발달상권,3120073,미아사거리,CS300002,편의점,1063905933,169037,6293.923419133089,성북구,37.607881,127.02914
20244,D,발달상권,3120074,안암역,CS100001,한식음식점,1893931324,119783,15811.353230425018,성북구,37.585842,127.029539
20244,D,발달상권,3120074,안암역,CS100010,커피-음료,835585947,153771,5433.9631464970635,성북구,37.585842,127.029539
20244,D,발달상권,3120074,안암역,CS300002,편의점,267046914,45026,5930.949096077822,성북구,37.585842,127.029539
20244,D,발달상권,3120075,월곡역,CS100001,한식음식점,2886221349,104756,27551.84761732025,성북구,37.603165,127.042071
20244,D,발달상권,3120075,월곡역,CS100010,커피-음료,555232710,112696,4926.818254418968,성북구,37.603165,127.042071
20244,D,발달상권,3120075,월곡역,CS300001,슈퍼마켓,12673559,3170,3997.968138801262,성북구,37.603165,127.042071
20244,D,발달상권,3120075,월곡역,CS300002,편의점,599464985,68074,8806.078458736081,성북구,37.603165,127.042071
20244,D,발달상권,3120076,수유역,CS100001,한식음식점,19139113820,450985,42438.47094692728,강북구,37.637758,127.024994
20244,D,발달상권,3120076,수유역,CS100010,커피-음료,2326910468,351290,6623.901813316633,강북구,37.637758,127.024994
20244,D,발달상권,3120076,수유역,CS300001,슈퍼마켓,4473048418,562021,7958.863490866,강북구,37.637758,127.024994
20244,D,발달상권,3120076,수유역,CS300002,편의점,7966614828,1263429,6305.550076814764,강북구,37.637758,127.024994
20244,D,발달상권,3120077,미아역,CS100001,한식음식점,2970570833,103116,28808.049507350945,강북구,37.625667,127.02593
20244,D,발달상권,3120077,미아역,CS100010,커피-음료,434236644,68819,6309.836585826589,강북구,37.625667,127.02593
20244,D,발달상권,3120077,미아역,CS300001,슈퍼마켓,2024327847,252938,8003.257110438131,강북구,37.625667,127.02593
20244,D,발달상권,3120078,미아사거리역,CS100001,한식음식점,10505133057,226742,46330.77708144058,강북구,37.612602,127.030931
20244,D,발달상권,3120078,미아사거리역,CS100010,커피-음료,689082661,102442,6726.563919095684,강북구,37.612602,127.030931
20244,D,발달상권,3120078,미아사거리역,CS300001,슈퍼마켓,12559374,81,155054.0,강북구,37.612602,127.030931
20244,D,발달상권,3120078,미아사거리역,CS300002,편의점,2665241511,223414,11929.608310132759,강북구,37.612602,127.030931
20244,D,발달상권,3120079,창동역,CS100001,한식음식점,3062552143,101107,30290.208818380528,도봉구,37.652392,127.047685
20244,D,발달상권,3120079,창동역,CS100010,커피-음료,575490844,96847,5942.268154924778,도봉구,37.652392,127.047685
20244,D,발달상권,3120079,창동역,CS300001,슈퍼마켓,685979214,103458,6630.509134141391,도봉구,37.652392,127.047685
20244,D,발달상권,3120079,창동역,CS300002,편의점,1620576171,197060,8223.770278087892,도봉구,37.652392,127.047685
20244,D,발달상권,3120080,마들역,CS100001,한식음식점,1110688038,40195,27632.49254882448,노원구,37.66593,127.057464
20244,D,발달상권,3120080,마들역,CS100010,커피-음료,476589604,115944,4110.5154557372525,노원구,37.66593,127.057464
20244,D,발달상권,3120080,마들역,CS300001,슈퍼마켓,3329923148,180838,18413.846359725278,노원구,37.66593,127.057464
20244,D,발달상권,3120080,마들역,CS300002,편의점,679458970,76022,8937.662387203703,노원구,37.66593,127.057464
20244,D,발달상권,3120081,노원역,CS100001,한식음식점,30646191623,747823,40980.54168299183,노원구,37.655467,127.062181
20244,D,발달상권,3120081,노원역,CS100010,커피-음료,5624936898,903683,6224.4580212308965,노원구,37.655467,127.062181
20244,D,발달상권,3120081,노원역,CS300001,슈퍼마켓,1155730930,96856,11932.466032047576,노원구,37.655467,127.062181
20244,D,발달상권,3120081,노원역,CS300002,편의점,3719418465,646335,5754.629511012091,노원구,37.655467,127.062181
20244,D,발달상권,3120082,상계백병원,CS100001,한식음식점,891782208,38968,22884.987887497435,노원구,37.647944,127.062288
20244,D,발달상권,3120082,상계백병원,CS100010,커피-음료,70169356,17135,4095.089349285089,노원구,37.647944,127.062288
20244,D,발달상권,3120082,상계백병원,CS300002,편의점,1231471962,125998,9773.742138764108,노원구,37.647944,127.062288
20244,D,발달상권,3120083,등나무근린공원,CS100001,한식음식점,2724695202,120915,22533.9718149113,노원구,37.639923,127.066429
20244,D,발달상권,3120083,등나무근린공원,CS100010,커피-음료,991777332,216250,4586.253558381502,노원구,37.639923,127.066429
20244,D,발달상권,3120083,등나무근린공원,CS300001,슈퍼마켓,4284795642,203304,21075.80589658836,노원구,37.639923,127.066429
20244,D,발달상권,3120083,등나무근린공원,CS300002,편의점,1735960607,207311,8373.70234575107,노원구,37.639923,127.066429
20244,D,발달상권,3120084,공릉역,CS100001,한식음식점,7615921257,177557,42892.82459717161,노원구,37.625674,127.073643
20244,D,발달상권,3120084,공릉역,CS100010,커피-음료,1130304222,121352,9314.261174105082,노원구,37.625674,127.073643
20244,D,발달상권,3120084,공릉역,CS300001,슈퍼마켓,940284769,101059,9304.314994211303,노원구,37.625674,127.073643
20244,D,발달상권,3120084,공릉역,CS300002,편의점,500185654,80561,6208.781594071573,노원구,37.625674,127.073643
20244,D,발달상권,3120085,은행사거리,CS100001,한식음식점,1451411656,60395,24031.983707260533,노원구,37.650224,127.076829
20244,D,발달상권,3120085,은행사거리,CS100010,커피-음료,461676641,83990,5496.804869627336,노원구,37.650224,127.076829
20244,D,발달상권,3120085,은행사거리,CS300001,슈퍼마켓,260555683,77068,3380.8543494057194,노원구,37.650224,127.076829
20244,D,발달상권,3120085,은행사거리,CS300002,편의점,1057837448,131232,8060.819373323579,노원구,37.650224,127.076829
20244,D,발달상권,3120086,태릉입구역,CS100001,한식음식점,3635806998,83262,43667.06298191252,노원구,37.61914,127.077012
20244,D,발달상권,3120086,태릉입구역,CS100010,커피-음료,496844756,84822,5857.498714956026,노원구,37.61914,127.077012
20244,D,발달상권,3120086,태릉입구역,CS300002,편의점,1000005625,169933,5884.705295616508,노원구,37.61914,127.077012
20244,D,발달상권,3120087,응암역,CS100001,한식음식점,943400681,33712,27984.120817513052,은평구,37.598691,126.915886
20244,D,발달상권,3120087,응암역,CS100010,커피-음료,362435809,48327,7499.6546237093135,은평구,37.598691,126.915886
20244,D,발달상권,3120088,구산역,CS100001,한식음식점,2210307229,62137,35571.515023255066,은평구,37.611937,126.917038
20244,D,발달상권,3120088,구산역,CS100010,커피-음료,511755669,122343,4182.958313920698,은평구,37.611937,126.917038
20244,D,발달상권,3120088,구산역,CS300002,편의점,414013658,69347,5970.174023389621,은평구,37.611937,126.917038
20244,D,발달상권,3120089,구파발역,CS100001,한식음식점,1963749258,75604,25974.14499232845,은평구,37.637264,126.918403
20244,D,발달상권,3120089,구파발역,CS100010,커피-음료,422617744,50866,8308.452482994535,은평구,37.637264,126.918403
20244,D,발달상권,3120089,구파발역,CS300001,슈퍼마켓,151410282,27380,5529.959167275383,은평구,37.637264,126.918403
20244,D,발달상권,3120089,구파발역,CS300002,편의점,135000000,28276,4774.36695430754,은평구,37.637264,126.918403
20244,D,발달상권,3120090,연신내역,CS100001,한식음식점,3157969017,90845,34762.166514392644,은평구,37.619067,126.92207
20244,D,발달상권,3120090,연신내역,CS100010,커피-음료,676972403,126585,5347.9670024094485,은평구,37.619067,126.92207
20244,D,발달상권,3120090,연신내역,CS300001,슈퍼마켓,3181871878,202080,15745.60509699129,은평구,37.619067,126.92207
20244,D,발달상권,3120090,연신내역,CS300002,편의점,2641365031,191024,13827.398813761622,은평구,37.619067,126.92207
20244,D,발달상권,3120091,본서부병원,CS100001,한식음식점,6011755164,182685,32907.76562936202,은평구,37.600561,126.922078
20244,D,발달상권,3120091,본서부병원,CS100010,커피-음료,276588312,49415,5597.254113123546,은평구,37.600561,126.922078
20244,D,발달상권,3120091,본서부병원,CS300002,편의점,2453625606,104174,23553.14767600361,은평구,37.600561,126.922078
20244,D,발달상권,3120092,불광역,CS100001,한식음식점,1653882007,43893,37679.85799558016,은평구,37.608611,126.929443
20244,D,발달상권,3120092,불광역,CS100010,커피-음료,97055207,17597,5515.440529635734,은평구,37.608611,126.929443
20244,D,발달상권,3120092,불광역,CS300001,슈퍼마켓,672000000,83765,8022.443741419447,은평구,37.608611,126.929443
20244,D,발달상권,3120092,불광역,CS300002,편의점,486434660,68160,7136.658744131455,은평구,37.608611,126.929443
20244,D,발달상권,3120093,연희동,CS100001,한식음식점,7897867596,232418,33981.30779887961,서대문구,37.566859,126.929992
20244,D,발달상권,3120093,연희동,CS100010,커피-음료,2576766918,260369,9896.596438132035,서대문구,37.566859,126.929992
20244,D,발달상권,3120093,연희동,CS300001,슈퍼마켓,1491349921,81835,18223.864129040143,서대문구,37.566859,126.929992
20244,D,발달상권,3120093,연희동,CS300002,편의점,2260204175,210370,10743.94721205495,서대문구,37.566859,126.929992
20244,D,발달상권,3120094,"신촌역(신촌역, 신촌로터리)",CS100001,한식음식점,22677011539,665050,34098.205456732576,서대문구,37.556529,126.936418
20244,D,발달상권,3120094,"신촌역(신촌역, 신촌로터리)",CS100010,커피-음료,6189902432,820603,7543.114553566097,서대문구,37.556529,126.936418
20244,D,발달상권,3120094,"신촌역(신촌역, 신촌로터리)",CS300001,슈퍼마켓,1304325856,134140,9723.616042940212,서대문구,37.556529,126.936418
20244,D,발달상권,3120094,"신촌역(신촌역, 신촌로터리)",CS300002,편의점,7936456345,1308074,6067.283918952598,서대문구,37.556529,126.936418
20244,D,발달상권,3120095,홍제역,CS100001,한식음식점,4020995206,121352,33134.97269101457,서대문구,37.58823,126.944747
20244,D,발달상권,3120095,홍제역,CS100010,커피-음료,196615586,54196,3627.861576500111,서대문구,37.58823,126.944747
20244,D,발달상권,3120095,홍제역,CS300001,슈퍼마켓,427489330,36511,11708.507846950235,서대문구,37.58823,126.944747
20244,D,발달상권,3120096,"이화여대(이대역, 이대)",CS100001,한식음식점,1781780138,76780,23206.305522271425,서대문구,37.558424,126.942743
20244,D,발달상권,3120096,"이화여대(이대역, 이대)",CS100010,커피-음료,1703606756,284779,5982.206398645968,서대문구,37.558424,126.942743
20244,D,발달상권,3120096,"이화여대(이대역, 이대)",CS300001,슈퍼마켓,397965147,59639,6672.901071446537,서대문구,37.558424,126.942743
20244,D,발달상권,3120096,"이화여대(이대역, 이대)",CS300002,편의점,2008398161,334657,6001.363070248045,서대문구,37.558424,126.942743
20244,D,발달상권,3120097,충정로역,CS100001,한식음식점,1675146035,57777,28993.302438686675,서대문구,37.560486,126.96308
20244,D,발달상권,3120097,충정로역,CS100010,커피-음료,672584917,61115,11005.234672339033,서대문구,37.560486,126.96308
20244,D,발달상권,3120097,충정로역,CS300001,슈퍼마켓,193608303,38891,4978.228973284307,서대문구,37.560486,126.96308
20244,D,발달상권,3120097,충정로역,CS300002,편의점,356423490,59196,6021.073890127711,서대문구,37.560486,126.96308
20244,D,발달상권,3120098,DMC(디지털미디어시티),CS100001,한식음식점,8025380853,314540,25514.6590354168,마포구,37.579902,126.889801
20244,D,발달상권,3120098,DMC(디지털미디어시티),CS100010,커피-음료,4266601123,625829,6817.519039545946,마포구,37.579902,126.889801
20244,D,발달상권,3120098,DMC(디지털미디어시티),CS300001,슈퍼마켓,1623246335,242485,6694.213394642968,마포구,37.579902,126.889801
20244,D,발달상권,3120098,DMC(디지털미디어시티),CS300002,편의점,4690652093,689826,6799.76123399234,마포구,37.579902,126.889801
20244,D,발달상권,3120099,월드컵경기장역(월드컵경기장),CS100001,한식음식점,1566247344,102667,15255.606416862283,마포구,37.569169,126.897639
20244,D,발달상권,3120099,월드컵경기장역(월드컵경기장),CS100010,커피-음료,259957955,32996,7878.468753788338,마포구,37.569169,126.897639
20244,D,발달상권,3120099,월드컵경기장역(월드컵경기장),CS300002,편의점,231000000,11537,20022.536187917136,마포구,37.569169,126.897639
20244,D,발달상권,3120100,망원역,CS100001,한식음식점,1880505569,49717,37824.19633123479,마포구,37.555359,126.910457
20244,D,발달상권,3120100,망원역,CS100010,커피-음료,780708803,104732,7454.348269869763,마포구,37.555359,126.910457
20244,D,발달상권,3120100,망원역,CS300001,슈퍼마켓,33000000,5157,6399.069226294358,마포구,37.555359,126.910457
20244,D,발달상권,3120100,망원역,CS300002,편의점,1363633027,140880,9679.394001987506,마포구,37.555359,126.910457
20244,D,발달상권,3120101,합정역,CS100001,한식음식점,10663350440,238240,44758.85846205507,마포구,37.549468,126.913486
20244,D,발달상권,3120101,합정역,CS100010,커피-음료,2488502032,432681,5751.354998255066,마포구,37.549468,126.913486
20244,D,발달상권,3120101,합정역,CS300001,슈퍼마켓,399785266,49313,8107.096830450389,마포구,37.549468,126.913486
20244,D,발달상권,3120101,합정역,CS300002,편의점,3341098540,520651,6417.155714672593,마포구,37.549468,126.913486
20244,D,발달상권,3120102,서교동(홍대),CS100001,한식음식점,11458420464,262687,43620.05148332426,마포구,37.554868,126.917531
20244,D,발달상권,3120102,서교동(홍대),CS100010,커피-음료,2028281220,202820,10000.400453604181,마포구,37.554868,126.917531
20244,D,발달상권,3120102,서교동(홍대),CS300002,편의점,1704474827,274663,6205.695077240109,마포구,37.554868,126.917531
20244,D,발달상권,3120103,홍대입구역(홍대),CS100001,한식음식점,30640757949,828557,36980.869088065156,마포구,37.550544,126.918803
20244,D,발달상권,3120103,홍대입구역(홍대),CS100010,커피-음료,11366065728,1236012,9195.756779060397,마포구,37.550544,126.918803
20244,D,발달상권,3120103,홍대입구역(홍대),CS300001,슈퍼마켓,3111107405,265647,11711.434365906636,마포구,37.550544,126.918803
20244,D,발달상권,3120103,홍대입구역(홍대),CS300002,편의점,9006042321,932808,9654.76531183266,마포구,37.550544,126.918803
20244,D,발달상권,3120104,연남동(홍대),CS100001,한식음식점,17845234404,376762,47364.740616091854,마포구,37.56007,126.922471
20244,D,발달상권,3120104,연남동(홍대),CS100010,커피-음료,8055477805,868657,9273.485167333021,마포구,37.56007,126.922471
20244,D,발달상권,3120104,연남동(홍대),CS300001,슈퍼마켓,800410718,127966,6254.8701842676965,마포구,37.56007,126.922471
20244,D,발달상권,3120104,연남동(홍대),CS300002,편의점,5023433617,589593,8520.171740505739,마포구,37.56007,126.922471
20244,D,발달상권,3120105,상수역(홍대),CS100001,한식음식점,3373248728,129787,25990.651821831154,마포구,37.548367,126.923151
20244,D,발달상권,3120105,상수역(홍대),CS100010,커피-음료,3158403340,275908,11447.306131029183,마포구,37.548367,126.923151
20244,D,발달상권,3120105,상수역(홍대),CS300001,슈퍼마켓,30453021,1074,28354.76815642458,마포구,37.548367,126.923151
20244,D,발달상권,3120105,상수역(홍대),CS300002,편의점,823717762,154608,5327.782275173342,마포구,37.548367,126.923151
20244,D,발달상권,3120106,마포역,CS100001,한식음식점,6140540280,128938,47623.97648482216,마포구,37.539937,126.946016
20244,D,발달상권,3120106,마포역,CS100010,커피-음료,609325578,108479,5616.991104269029,마포구,37.539937,126.946016
20244,D,발달상권,3120106,마포역,CS300001,슈퍼마켓,231769676,41068,5643.558877958508,마포구,37.539937,126.946016
20244,D,발달상권,3120106,마포역,CS300002,편의점,1070337705,175377,6103.067705571426,마포구,37.539937,126.946016
20244,D,발달상권,3120107,공덕역(공덕오거리),CS100001,한식음식점,8789331692,123591,71116.27620134152,마포구,37.542805,126.951977
20244,D,발달상권,3120107,공덕역(공덕오거리),CS100010,커피-음료,1209946142,198503,6095.354437968192,마포구,37.542805,126.951977
20244,D,발달상권,3120107,공덕역(공덕오거리),CS300001,슈퍼마켓,43123578,10493,4109.7472600781475,마포구,37.542805,126.951977
20244,D,발달상권,3120107,공덕역(공덕오거리),CS300002,편의점,670434596,78645,8524.821616123085,마포구,37.542805,126.951977
20244,D,발달상권,3120108,신정네거리역,CS100001,한식음식점,7943517663,207719,38241.651765125,양천구,37.521846,126.852635
20244,D,발달상권,3120108,신정네거리역,CS100010,커피-음료,665425441,86749,7670.698693933071,양천구,37.521846,126.852635
20244,D,발달상권,3120108,신정네거리역,CS300001,슈퍼마켓,1941441269,146170,13282.077505644113,양천구,37.521846,126.852635
20244,D,발달상권,3120108,신정네거리역,CS300002,편의점,1227096532,119147,10299.013252536783,양천구,37.521846,126.852635
20244,D,발달상권,3120109,서울남부지방법원,CS100001,한식음식점,1944984239,64689,30066.692003277218,양천구,37.521675,126.860034
20244,D,발달상권,3120109,서울남부지방법원,CS100010,커피-음료,344511080,42451,8115.499752656004,양천구,37.521675,126.860034
20244,D,발달상권,3120109,서울남부지방법원,CS300001,슈퍼마켓,309974204,33297,9309.373336937262,양천구,37.521675,126.860034
20244,D,발달상권,3120109,서울남부지방법원,CS300002,편의점,149914886,22842,6563.124332370196,양천구,37.521675,126.860034
20244,D,발달상권,3120110,목동역 8번출구,CS100001,한식음식점,8033946795,231570,34693.383404586086,양천구,37.525749,126.861508
20244,D,발달상권,3120110,목동역 8번출구,CS100010,커피-음료,644538116,105061,6134.894166246276,양천구,37.525749,126.861508
20244,D,발달상권,3120110,목동역 8번출구,CS300001,슈퍼마켓,3187233223,258776,12316.571950258138,양천구,37.525749,126.861508
20244,D,발달상권,3120110,목동역 8번출구,CS300002,편의점,2213947753,313070,7071.733966844476,양천구,37.525749,126.861508
20244,D,발달상권,3120111,목동사거리,CS100001,한식음식점,4785855127,115208,41540.996519338936,강서구,37.531878,126.863092
20244,D,발달상권,3120111,목동사거리,CS100010,커피-음료,182595939,35540,5137.758553742262,강서구,37.531878,126.863092
20244,D,발달상권,3120111,목동사거리,CS300001,슈퍼마켓,116014330,16545,7012.047748564521,강서구,37.531878,126.863092
20244,D,발달상권,3120111,목동사거리,CS300002,편의점,330224512,54355,6075.329077361788,강서구,37.531878,126.863092
20244,D,발달상권,3120112,등촌역,CS100001,한식음식점,5874725304,173259,33907.1869513272,양천구,37.550918,126.864721
20244,D,발달상권,3120112,등촌역,CS100010,커피-음료,1203315573,167624,7178.659219443516,양천구,37.550918,126.864721
20244,D,발달상권,3120112,등촌역,CS300001,슈퍼마켓,2088696612,140308,14886.511189668443,양천구,37.550918,126.864721
20244,D,발달상권,3120112,등촌역,CS300002,편의점,1013458202,142848,7094.661472334229,양천구,37.550918,126.864721
20244,D,발달상권,3120113,오목교역,CS100001,한식음식점,10254389233,204644,50108.428456245965,양천구,37.524006,126.873967
20244,D,발달상권,3120113,오목교역,CS100010,커피-음료,607359658,90267,6728.479488628181,양천구,37.524006,126.873967
20244,D,발달상권,3120113,오목교역,CS300001,슈퍼마켓,28857017,6370,4530.143956043956,양천구,37.524006,126.873967
20244,D,발달상권,3120113,오목교역,CS300002,편의점,1116384513,221580,5038.290969401571,양천구,37.524006,126.873967
20244,D,발달상권,3120114,목동신시가지,CS100001,한식음식점,4194653060,161705,25940.156828793173,양천구,37.531144,126.875425
20244,D,발달상권,3120114,목동신시가지,CS100010,커피-음료,1705307075,289223,5896.166885067923,양천구,37.531144,126.875425
20244,D,발달상권,3120114,목동신시가지,CS300001,슈퍼마켓,4875628105,137479,35464.52989183803,양천구,37.531144,126.875425
20244,D,발달상권,3120114,목동신시가지,CS300002,편의점,3015502246,487981,6179.548478321902,양천구,37.531144,126.875425
20244,D,발달상권,3120115,김포공항역(김포공항),CS100001,한식음식점,497424966,29571,16821.377904027595,강서구,37.566939,126.802018
20244,D,발달상권,3120115,김포공항역(김포공항),CS300002,편의점,1462726743,97894,14941.944787218828,강서구,37.566939,126.802018
20244,D,발달상권,3120116,송정역,CS100001,한식음식점,2899187062,52646,55069.46514455039,강서구,37.561384,126.809616
20244,D,발달상권,3120116,송정역,CS100010,커피-음료,279496993,39876,7009.153199919751,강서구,37.561384,126.809616
20244,D,발달상권,3120117,강서농산물도매시장,CS100001,한식음식점,3109339894,55355,56170.89502303315,강서구,37.552906,126.821271
20244,D,발달상권,3120117,강서농산물도매시장,CS300001,슈퍼마켓,1505424855,44421,33889.93617883434,강서구,37.552906,126.821271
20244,D,발달상권,3120118,마곡역(마곡),CS100001,한식음식점,11748000000,175569,66913.86292568734,강서구,37.559969,126.82688
20244,D,발달상권,3120118,마곡역(마곡),CS300002,편의점,622091060,93648,6642.865410900393,강서구,37.559969,126.82688
20244,D,발달상권,3120119,발산역(마곡),CS100001,한식음식점,27519707973,473376,58134.98777504563,강서구,37.559927,126.835685
20244,D,발달상권,3120119,발산역(마곡),CS100010,커피-음료,1361077246,203120,6700.8529243796775,강서구,37.559927,126.835685
20244,D,발달상권,3120119,발산역(마곡),CS300001,슈퍼마켓,552864043,79661,6940.209676002059,강서구,37.559927,126.835685
20244,D,발달상권,3120119,발산역(마곡),CS300002,편의점,4075061568,523751,7780.532291107797,강서구,37.559927,126.835685
20244,D,발달상권,3120120,화곡역,CS100001,한식음식점,5234884213,137996,37935.04313893156,강서구,37.54111,126.838804
20244,D,발달상권,3120120,화곡역,CS100010,커피-음료,1382796942,212850,6496.57947850599,강서구,37.54111,126.838804
20244,D,발달상권,3120120,화곡역,CS300002,편의점,2670021874,320750,8324.308258768511,강서구,37.54111,126.838804
20244,D,발달상권,3120121,까치산역,CS100001,한식음식점,5816185482,180137,32287.567140565236,강서구,37.530165,126.847426
20244,D,발달상권,3120121,까치산역,CS100010,커피-음료,629510299,78108,8059.485571260307,강서구,37.530165,126.847426
20244,D,발달상권,3120121,까치산역,CS300001,슈퍼마켓,109933385,13762,7988.183766894347,강서구,37.530165,126.847426
20244,D,발달상권,3120121,까치산역,CS300002,편의점,1430180192,194746,7343.823195341624,강서구,37.530165,126.847426
20244,D,발달상권,3120122,강서구청,CS100001,한식음식점,9461618067,268486,35240.63849511706,강서구,37.552577,126.850809
20244,D,발달상권,3120122,강서구청,CS100010,커피-음료,707310069,84420,8378.465636105188,강서구,37.552577,126.850809
20244,D,발달상권,3120122,강서구청,CS300001,슈퍼마켓,973488108,77815,12510.288607594937,강서구,37.552577,126.850809
20244,D,발달상권,3120122,강서구청,CS300002,편의점,3856357283,460530,8373.737396043689,강서구,37.552577,126.850809
20244,D,발달상권,3120123,오류동역,CS100001,한식음식점,3086110217,104245,29604.39557772555,구로구,37.495239,126.844783
20244,D,발달상권,3120123,오류동역,CS100010,커피-음료,307824460,62667,4912.066318796176,구로구,37.495239,126.844783
20244,D,발달상권,3120123,오류동역,CS300001,슈퍼마켓,388245578,41101,9446.134595265323,구로구,37.495239,126.844783
20244,D,발달상권,3120123,오류동역,CS300002,편의점,3937822978,403555,9757.834689199737,구로구,37.495239,126.844783
20244,D,발달상권,3120124,개봉동 현대아파트,CS100001,한식음식점,3871634184,87764,44114.14912720478,구로구,37.488892,126.855923
20244,D,발달상권,3120124,개봉동 현대아파트,CS100010,커피-음료,256235468,37691,6798.319704969356,구로구,37.488892,126.855923
20244,D,발달상권,3120124,개봉동 현대아파트,CS300001,슈퍼마켓,972930615,77762,12511.64598389959,구로구,37.488892,126.855923
20244,D,발달상권,3120125,구로역,CS100001,한식음식점,10729915323,231573,46334.91522327733,구로구,37.502288,126.878029
20244,D,발달상권,3120125,구로역,CS100010,커피-음료,843398083,135276,6234.646818356545,구로구,37.502288,126.878029
20244,D,발달상권,3120125,구로역,CS300001,슈퍼마켓,1539468075,199698,7708.980936213683,구로구,37.502288,126.878029
20244,D,발달상권,3120125,구로역,CS300002,편의점,877969328,127458,6888.30303315602,구로구,37.502288,126.878029
20244,D,발달상권,3120126,디지털단지오거리,CS100001,한식음식점,159261967,6183,25758.040918647905,구로구,37.481106,126.888443
20244,D,발달상권,3120126,디지털단지오거리,CS300001,슈퍼마켓,1067625493,141221,7559.962703847162,구로구,37.481106,126.888443
20244,D,발달상권,3120127,구로구청,CS100001,한식음식점,4982202888,141070,35317.238874317714,구로구,37.496606,126.890885
20244,D,발달상권,3120127,구로구청,CS100010,커피-음료,518190172,86948,5959.771035561485,구로구,37.496606,126.890885
20244,D,발달상권,3120127,구로구청,CS300002,편의점,1328751295,199392,6664.015080845771,구로구,37.496606,126.890885
20244,D,발달상권,3120128,신도림역,CS100001,한식음식점,4581302304,155994,29368.452017385283,구로구,37.508192,126.890382
20244,D,발달상권,3120128,신도림역,CS100010,커피-음료,1414660425,173309,8162.648362173921,구로구,37.508192,126.890382
20244,D,발달상권,3120128,신도림역,CS300001,슈퍼마켓,341473730,64957,5256.919654540696,구로구,37.508192,126.890382
20244,D,발달상권,3120128,신도림역,CS300002,편의점,817498430,72402,11291.10287008646,구로구,37.508192,126.890382
20244,D,발달상권,3120129,구로디지털단지,CS100001,한식음식점,20719264024,937440,22101.96281788701,구로구,37.484041,126.895154
20244,D,발달상권,3120129,구로디지털단지,CS100010,커피-음료,4563262006,781627,5838.158106104318,구로구,37.484041,126.895154
20244,D,발달상권,3120129,구로디지털단지,CS300001,슈퍼마켓,4194635240,712866,5884.184741592389,구로구,37.484041,126.895154
20244,D,발달상권,3120129,구로디지털단지,CS300002,편의점,4163540092,650803,6397.54286934756,구로구,37.484041,126.895154
20244,D,발달상권,3120130,구로디지털단지역,CS100001,한식음식점,21776238227,399232,54545.32258686679,구로구,37.483217,126.901057
20244,D,발달상권,3120130,구로디지털단지역,CS100010,커피-음료,1414806937,166958,8474.029019274309,구로구,37.483217,126.901057
20244,D,발달상권,3120130,구로디지털단지역,CS300001,슈퍼마켓,459561476,59405,7736.074000505008,구로구,37.483217,126.901057
20244,D,발달상권,3120130,구로디지털단지역,CS300002,편의점,3098089119,383929,8069.432418494044,구로구,37.483217,126.901057
20244,D,발달상권,3120131,가산디지털단지,CS100001,한식음식점,36631013711,1387582,26399.17043533283,금천구,37.4771,126.882886
20244,D,발달상권,3120131,가산디지털단지,CS100010,커피-음료,12296188308,2105194,5840.881319251337,금천구,37.4771,126.882886
20244,D,발달상권,3120131,가산디지털단지,CS300001,슈퍼마켓,9179691697,1556360,5898.1801748952685,금천구,37.4771,126.882886
20244,D,발달상권,3120131,가산디지털단지,CS300002,편의점,18746137686,2905280,6452.4375227172595,금천구,37.4771,126.882886
20244,D,발달상권,3120132,독산동,CS100001,한식음식점,6062388293,203848,29739.748700011773,금천구,37.470741,126.893895
20244,D,발달상권,3120132,독산동,CS100010,커피-음료,922850913,168647,5472.086150361406,금천구,37.470741,126.893895
20244,D,발달상권,3120132,독산동,CS300001,슈퍼마켓,380757971,37713,10096.199480285313,금천구,37.470741,126.893895
20244,D,발달상권,3120132,독산동,CS300002,편의점,1810740567,265803,6812.340594349951,금천구,37.470741,126.893895
20244,D,발달상권,3120133,서울시흥동우체국(홈플러스시흥점),CS100001,한식음식점,2058155460,34813,59120.31310142763,금천구,37.45252,126.901324
20244,D,발달상권,3120133,서울시흥동우체국(홈플러스시흥점),CS100010,커피-음료,176043197,29754,5916.622874235397,금천구,37.45252,126.901324
20244,D,발달상권,3120134,구로전화국,CS100001,한식음식점,3828966923,121417,31535.673941869754,금천구,37.479932,126.905415
20244,D,발달상권,3120134,구로전화국,CS100010,커피-음료,299821138,30894,9704.833883601994,금천구,37.479932,126.905415
20244,D,발달상권,3120134,구로전화국,CS300001,슈퍼마켓,2392762283,271254,8821.113358697015,금천구,37.479932,126.905415
20244,D,발달상권,3120134,구로전화국,CS300002,편의점,287890430,37047,7770.951224120711,금천구,37.479932,126.905415
20244,D,발달상권,3120135,양평역,CS100001,한식음식점,1517621746,66735,22741.016647935867,영등포구,37.525409,126.888897
20244,D,발달상권,3120135,양평역,CS100010,커피-음료,208432376,42404,4915.394208093576,영등포구,37.525409,126.888897
20244,D,발달상권,3120135,양평역,CS300002,편의점,266556507,50546,5273.543049895145,영등포구,37.525409,126.888897
20244,D,발달상권,3120136,영등포구청역,CS100001,한식음식점,12021818479,257134,46753.126692697195,영등포구,37.525395,126.892811
20244,D,발달상권,3120136,영등포구청역,CS100010,커피-음료,1371384109,210486,6515.322201951673,영등포구,37.525395,126.892811
20244,D,발달상권,3120136,영등포구청역,CS300001,슈퍼마켓,614809886,74142,8292.329394944836,영등포구,37.525395,126.892811
20244,D,발달상권,3120136,영등포구청역,CS300002,편의점,2715700926,457837,5931.589028409674,영등포구,37.525395,126.892811
20244,D,발달상권,3120137,문래역(문래로데오거리),CS100001,한식음식점,4466742225,78455,56933.812057867566,영등포구,37.517892,126.896102
20244,D,발달상권,3120137,문래역(문래로데오거리),CS100010,커피-음료,541960995,61435,8821.697647920566,영등포구,37.517892,126.896102
20244,D,발달상권,3120138,당산2동(영등포우체국),CS100001,한식음식점,2740870773,67201,40786.16051844467,영등포구,37.529597,126.897319
20244,D,발달상권,3120138,당산2동(영등포우체국),CS100010,커피-음료,1080814933,111128,9725.856066877835,영등포구,37.529597,126.897319
20244,D,발달상권,3120138,당산2동(영등포우체국),CS300001,슈퍼마켓,106616558,14785,7211.130064254312,영등포구,37.529597,126.897319
20244,D,발달상권,3120139,대림3동사거리,CS100001,한식음식점,2851339001,79812,35725.69289079336,영등포구,37.500162,126.897733
20244,D,발달상권,3120139,대림3동사거리,CS100010,커피-음료,162869873,26284,6196.540595038807,영등포구,37.500162,126.897733
20244,D,발달상권,3120139,대림3동사거리,CS300001,슈퍼마켓,735517459,78767,9337.888443129737,영등포구,37.500162,126.897733
20244,D,발달상권,3120139,대림3동사거리,CS300002,편의점,2225465833,296831,7497.4171599327565,영등포구,37.500162,126.897733
20244,D,발달상권,3120140,문래동주민센터,CS100001,한식음식점,2460972341,148204,16605.303102480364,영등포구,37.514704,126.897656
20244,D,발달상권,3120140,문래동주민센터,CS100010,커피-음료,1245803513,207974,5990.188739938646,영등포구,37.514704,126.897656
20244,D,발달상권,3120140,문래동주민센터,CS300002,편의점,262658871,47616,5516.189327116936,영등포구,37.514704,126.897656
20244,D,발달상권,3120141,영등포청과시장교차로,CS100001,한식음식점,1173965523,25499,46039.66912427938,영등포구,37.521111,126.898145
20244,D,발달상권,3120141,영등포청과시장교차로,CS100010,커피-음료,181865678,19128,9507.825073191134,영등포구,37.521111,126.898145
20244,D,발달상권,3120141,영등포청과시장교차로,CS300001,슈퍼마켓,178580908,24149,7394.960785125678,영등포구,37.521111,126.898145
20244,D,발달상권,3120142,대림역,CS100001,한식음식점,3323389096,71789,46293.84858404491,영등포구,37.494062,126.897752
20244,D,발달상권,3120142,대림역,CS100010,커피-음료,508650193,55595,9149.207536648979,영등포구,37.494062,126.897752
20244,D,발달상권,3120142,대림역,CS300001,슈퍼마켓,1951255080,122582,15917.957612047447,영등포구,37.494062,126.897752
20244,D,발달상권,3120142,대림역,CS300002,편의점,1022408392,140491,7277.3942245410735,영등포구,37.494062,126.897752
20244,D,발달상권,3120143,당산역,CS100001,한식음식점,13293766073,344822,38552.54616294784,영등포구,37.534754,126.901136
20244,D,발달상권,3120143,당산역,CS100010,커피-음료,3591588596,356470,10075.43017925772,영등포구,37.534754,126.901136
20244,D,발달상권,3120143,당산역,CS300001,슈퍼마켓,470963328,86594,5438.752430884357,영등포구,37.534754,126.901136
20244,D,발달상권,3120143,당산역,CS300002,편의점,2020912793,268921,7514.89393911223,영등포구,37.534754,126.901136
20244,D,발달상권,3120144,영중로,CS100001,한식음식점,2248300809,60422,37209.970027473435,영등포구,37.52709,126.905061
20244,D,발달상권,3120144,영중로,CS100010,커피-음료,110347638,18484,5969.900346245401,영등포구,37.52709,126.905061
20244,D,발달상권,3120144,영중로,CS300002,편의점,275931148,42943,6425.520992944135,영등포구,37.52709,126.905061
20244,D,발달상권,3120145,영등포역(영등포),CS100001,한식음식점,37023960547,972923,38054.35840965832,영등포구,37.518432,126.905683
20244,D,발달상권,3120145,영등포역(영등포),CS100010,커피-음료,3646026149,434440,8392.473411748459,영등포구,37.518432,126.905683
20244,D,발달상권,3120145,영등포역(영등포),CS300001,슈퍼마켓,2534324178,394885,6417.879073654355,영등포구,37.518432,126.905683
20244,D,발달상권,3120145,영등포역(영등포),CS300002,편의점,4927278302,560459,8791.50535900039,영등포구,37.518432,126.905683
20244,D,발달상권,3120146,한강성심병원,CS100001,한식음식점,1085615414,44200,24561.43470588235,영등포구,37.523004,126.910892
20244,D,발달상권,3120146,한강성심병원,CS100010,커피-음료,203715622,42049,4844.719779305096,영등포구,37.523004,126.910892
20244,D,발달상권,3120146,한강성심병원,CS300001,슈퍼마켓,24669358,3782,6522.833950290851,영등포구,37.523004,126.910892
20244,D,발달상권,3120146,한강성심병원,CS300002,편의점,45000000,6100,7377.049180327869,영등포구,37.523004,126.910892
20244,D,발달상권,3120147,보라매역,CS100001,한식음식점,3903236733,97142,40180.732669700024,동작구,37.499342,126.921053
20244,D,발달상권,3120147,보라매역,CS100010,커피-음료,550485202,80372,6849.216169810382,동작구,37.499342,126.921053
20244,D,발달상권,3120147,보라매역,CS300001,슈퍼마켓,2177077604,318033,6845.445610990055,동작구,37.499342,126.921053
20244,D,발달상권,3120147,보라매역,CS300002,편의점,623063937,103709,6007.809707932774,동작구,37.499342,126.921053
20244,D,발달상권,3120148,국회의사당역(국회의사당),CS100001,한식음식점,29027566810,649393,44699.5375835588,영등포구,37.528552,126.920739
20244,D,발달상권,3120148,국회의사당역(국회의사당),CS100010,커피-음료,5819513852,705637,8247.177871908645,영등포구,37.528552,126.920739
20244,D,발달상권,3120148,국회의사당역(국회의사당),CS300001,슈퍼마켓,2234485339,305684,7309.7883402467905,영등포구,37.528552,126.920739
20244,D,발달상권,3120148,국회의사당역(국회의사당),CS300002,편의점,3447339803,443079,7780.417945783935,영등포구,37.528552,126.920739
20244,D,발달상권,3120149,여의도역(여의도),CS100001,한식음식점,66536738372,1090991,60987.43103471981,영등포구,37.522681,126.926255
20244,D,발달상권,3120149,여의도역(여의도),CS100010,커피-음료,13548894206,1469731,9218.621779087465,영등포구,37.522681,126.926255
20244,D,발달상권,3120149,여의도역(여의도),CS300001,슈퍼마켓,5667968396,777555,7289.475851869,영등포구,37.522681,126.926255
20244,D,발달상권,3120149,여의도역(여의도),CS300002,편의점,10184067240,1288687,7902.669337084955,영등포구,37.522681,126.926255
20244,D,발달상권,3120150,63빌딩,CS100001,한식음식점,4186710194,56561,74021.14874206609,영등포구,37.519688,126.939707
20244,D,발달상권,3120150,63빌딩,CS100010,커피-음료,283203055,44276,6396.310755262444,영등포구,37.519688,126.939707
20244,D,발달상권,3120150,63빌딩,CS300001,슈퍼마켓,83424349,12146,6868.462786102421,영등포구,37.519688,126.939707
20244,D,발달상권,3120151,보라매공원,CS100001,한식음식점,9887878592,334421,29567.15813899247,동작구,37.491226,126.92503
20244,D,발달상권,3120151,보라매공원,CS100010,커피-음료,2808362579,375821,7472.606850069581,동작구,37.491226,126.92503
20244,D,발달상권,3120151,보라매공원,CS300001,슈퍼마켓,1089123211,66963,16264.552230336156,동작구,37.491226,126.92503
20244,D,발달상권,3120151,보라매공원,CS300002,편의점,2321039865,299653,7745.758811024752,동작구,37.491226,126.92503
20244,D,발달상권,3120152,신대방삼거리역,CS100001,한식음식점,5176509413,112516,46006.87380461446,동작구,37.499436,126.927307
20244,D,발달상권,3120152,신대방삼거리역,CS100010,커피-음료,455821307,79201,5755.246865569879,동작구,37.499436,126.927307
20244,D,발달상권,3120152,신대방삼거리역,CS300001,슈퍼마켓,1179959647,79675,14809.659830561657,동작구,37.499436,126.927307
20244,D,발달상권,3120152,신대방삼거리역,CS300002,편의점,1620205173,164601,9843.228005905188,동작구,37.499436,126.927307
20244,D,발달상권,3120153,노량진역(노량진),CS100001,한식음식점,30390317852,592336,51305.87681991302,동작구,37.514003,126.940266
20244,D,발달상권,3120153,노량진역(노량진),CS100010,커피-음료,1942390973,385882,5033.639747383915,동작구,37.514003,126.940266
20244,D,발달상권,3120153,노량진역(노량진),CS300001,슈퍼마켓,1144101421,132121,8659.497135201822,동작구,37.514003,126.940266
20244,D,발달상권,3120153,노량진역(노량진),CS300002,편의점,6435949487,1271311,5062.450877086724,동작구,37.514003,126.940266
20244,D,발달상권,3120154,장승배기역,CS100001,한식음식점,1542769996,46034,33513.70717295912,동작구,37.504426,126.940523
20244,D,발달상권,3120154,장승배기역,CS100010,커피-음료,244097740,40189,6073.745054616935,동작구,37.504426,126.940523
20244,D,발달상권,3120154,장승배기역,CS300001,슈퍼마켓,1029618253,87891,11714.717695782276,동작구,37.504426,126.940523
20244,D,발달상권,3120154,장승배기역,CS300002,편의점,521870585,84753,6157.54704848206,동작구,37.504426,126.940523
20244,D,발달상권,3120156,"총신대입구역(이수, 총신대)",CS100001,한식음식점,15532266659,392865,39535.888050602625,동작구,37.485996,126.981706
20244,D,발달상권,3120156,"총신대입구역(이수, 총신대)",CS100010,커피-음료,2082075816,218574,9525.724999313734,동작구,37.485996,126.981706
20244,D,발달상권,3120156,"총신대입구역(이수, 총신대)",CS300001,슈퍼마켓,1838410703,195707,9393.689050468302,동작구,37.485996,126.981706
20244,D,발달상권,3120156,"총신대입구역(이수, 총신대)",CS300002,편의점,1794794366,206461,8693.139944105666,동작구,37.485996,126.981706
20244,D,발달상권,3120157,신림역(신림),CS100001,한식음식점,11597200247,335811,34534.90280842498,관악구,37.484724,126.930238
20244,D,발달상권,3120157,신림역(신림),CS100010,커피-음료,1468051145,259234,5663.034729240763,관악구,37.484724,126.930238
20244,D,발달상권,3120157,신림역(신림),CS300001,슈퍼마켓,2613697557,310066,8429.487776795908,관악구,37.484724,126.930238
20244,D,발달상권,3120157,신림역(신림),CS300002,편의점,5706287770,637557,8950.239382517955,관악구,37.484724,126.930238
20244,D,발달상권,3120158,녹두거리(대학동),CS100001,한식음식점,3119763943,146397,21310.299685102837,관악구,37.470312,126.937011
20244,D,발달상권,3120158,녹두거리(대학동),CS100010,커피-음료,958945635,149530,6413.065170868722,관악구,37.470312,126.937011
20244,D,발달상권,3120158,녹두거리(대학동),CS300001,슈퍼마켓,301706798,52176,5782.482329040172,관악구,37.470312,126.937011
20244,D,발달상권,3120158,녹두거리(대학동),CS300002,편의점,1140295305,150591,7572.134490108971,관악구,37.470312,126.937011
20244,D,발달상권,3120159,서울대입구역,CS100001,한식음식점,13890722339,369946,37547.9727825142,관악구,37.480951,126.951915
20244,D,발달상권,3120159,서울대입구역,CS100010,커피-음료,1452801858,228276,6364.233901067129,관악구,37.480951,126.951915
20244,D,발달상권,3120159,서울대입구역,CS300001,슈퍼마켓,969652579,82223,11792.960351726402,관악구,37.480951,126.951915
20244,D,발달상권,3120159,서울대입구역,CS300002,편의점,6406326714,657039,9750.299014213768,관악구,37.480951,126.951915
20244,D,발달상권,3120160,사당역(사당),CS100001,한식음식점,25821245526,468945,55062.41782298564,서초구,37.477526,126.982069
20244,D,발달상권,3120160,사당역(사당),CS100010,커피-음료,2500098749,217072,11517.370959865852,서초구,37.477526,126.982069
20244,D,발달상권,3120160,사당역(사당),CS300001,슈퍼마켓,1637855890,125368,13064.385568885202,서초구,37.477526,126.982069
20244,D,발달상권,3120160,사당역(사당),CS300002,편의점,3188945467,453737,7028.180348968675,서초구,37.477526,126.982069
20244,D,발달상권,3120161,방배동가구거리(사당동가구거리),CS100001,한식음식점,367820598,9116,40348.90280824923,서초구,37.49497,126.983479
20244,D,발달상권,3120161,방배동가구거리(사당동가구거리),CS100010,커피-음료,48888791,5884,8308.768014955813,서초구,37.49497,126.983479
20244,D,발달상권,3120161,방배동가구거리(사당동가구거리),CS300001,슈퍼마켓,354475722,56717,6249.902533631892,서초구,37.49497,126.983479
20244,D,발달상권,3120162,방배동카페골목,CS100001,한식음식점,4004621546,83487,47967.00739037216,서초구,37.495754,126.985808
20244,D,발달상권,3120162,방배동카페골목,CS100010,커피-음료,3373113194,369190,9136.523724911292,서초구,37.495754,126.985808
20244,D,발달상권,3120162,방배동카페골목,CS300001,슈퍼마켓,1926978168,104503,18439.45310660938,서초구,37.495754,126.985808
20244,D,발달상권,3120162,방배동카페골목,CS300002,편의점,544196561,79913,6809.862738227823,서초구,37.495754,126.985808
20244,D,발달상권,3120163,사당역 11번(사당역먹자골목),CS100001,한식음식점,126367578,6110,20682.091325695583,서초구,37.47941,126.985811
20244,D,발달상권,3120163,사당역 11번(사당역먹자골목),CS100010,커피-음료,51701650,4454,11607.914234396048,서초구,37.47941,126.985811
20244,D,발달상권,3120163,사당역 11번(사당역먹자골목),CS300001,슈퍼마켓,229452390,32040,7161.435393258427,서초구,37.47941,126.985811
20244,D,발달상권,3120164,내방역,CS100001,한식음식점,7661598210,223125,34337.69505882353,서초구,37.488187,126.993623
20244,D,발달상권,3120164,내방역,CS100010,커피-음료,2364773337,207658,11387.826796944977,서초구,37.488187,126.993623
20244,D,발달상권,3120164,내방역,CS300001,슈퍼마켓,3565705787,162261,21975.12518103549,서초구,37.488187,126.993623
20244,D,발달상권,3120164,내방역,CS300002,편의점,723540354,90999,7951.0802756074245,서초구,37.488187,126.993623
20244,D,발달상권,3120165,서래마을카페거리(서래마을),CS100001,한식음식점,6869475938,93572,73413.79833710939,서초구,37.49808,126.998078
20244,D,발달상권,3120165,서래마을카페거리(서래마을),CS100010,커피-음료,770690366,62760,12279.961217335882,서초구,37.49808,126.998078
20244,D,발달상권,3120165,서래마을카페거리(서래마을),CS300001,슈퍼마켓,42621303,1456,29272.87293956044,서초구,37.49808,126.998078
20244,D,발달상권,3120165,서래마을카페거리(서래마을),CS300002,편의점,737863567,118294,6237.540086563985,서초구,37.49808,126.998078
20244,D,발달상권,3120166,방배역,CS100001,한식음식점,6943300769,238138,29156.626699644745,서초구,37.481663,126.997264
20244,D,발달상권,3120166,방배역,CS100010,커피-음료,1158956326,149625,7745.739856307435,서초구,37.481663,126.997264
20244,D,발달상권,3120166,방배역,CS300001,슈퍼마켓,425008966,25775,16489.193637245393,서초구,37.481663,126.997264
20244,D,발달상권,3120166,방배역,CS300002,편의점,1815140453,272499,6661.090326936979,서초구,37.481663,126.997264
20244,D,발달상권,3120167,고속터미널(고속터미널역),CS100001,한식음식점,4185150586,85065,49199.442614471285,서초구,37.505053,127.005259
20244,D,발달상권,3120167,고속터미널(고속터미널역),CS100010,커피-음료,825274917,121193,6809.592278431923,서초구,37.505053,127.005259
20244,D,발달상권,3120167,고속터미널(고속터미널역),CS300001,슈퍼마켓,1528687349,111515,13708.356265973187,서초구,37.505053,127.005259
20244,D,발달상권,3120167,고속터미널(고속터미널역),CS300002,편의점,365280284,78851,4632.538382518928,서초구,37.505053,127.005259
20244,D,발달상권,3120168,서울고교교차로,CS100001,한식음식점,412795514,19076,21639.52159781925,서초구,37.482474,127.004398
20244,D,발달상권,3120168,서울고교교차로,CS100010,커피-음료,107119003,23710,4517.88287642345,서초구,37.482474,127.004398
20244,D,발달상권,3120169,서초역,CS100001,한식음식점,16232255484,422855,38387.28520178312,서초구,37.491466,127.008594
20244,D,발달상권,3120169,서초역,CS100010,커피-음료,3537727821,338637,10446.961852957591,서초구,37.491466,127.008594
20244,D,발달상권,3120169,서초역,CS300001,슈퍼마켓,170594283,19303,8837.708283686474,서초구,37.491466,127.008594
20244,D,발달상권,3120169,서초역,CS300002,편의점,1961095917,323602,6060.209507357804,서초구,37.491466,127.008594
20244,D,발달상권,3120170,삼호가든사거리,CS100001,한식음식점,1115756515,35257,31646.382704143856,서초구,37.502143,127.010947
20244,D,발달상권,3120170,삼호가든사거리,CS100010,커피-음료,1265754732,255981,4944.721412917365,서초구,37.502143,127.010947
20244,D,발달상권,3120170,삼호가든사거리,CS300001,슈퍼마켓,79328333,8463,9373.547559966915,서초구,37.502143,127.010947
20244,D,발달상권,3120170,삼호가든사거리,CS300002,편의점,460326149,94053,4894.327124068344,서초구,37.502143,127.010947
20244,D,발달상권,3120171,서초3동사거리,CS100001,한식음식점,7085221475,207128,34206.9709310185,서초구,37.48269,127.01177
20244,D,발달상권,3120171,서초3동사거리,CS100010,커피-음료,1592290158,190646,8352.07745245114,서초구,37.48269,127.01177
20244,D,발달상권,3120171,서초3동사거리,CS300001,슈퍼마켓,1242206069,96364,12890.76905275829,서초구,37.48269,127.01177
20244,D,발달상권,3120171,서초3동사거리,CS300002,편의점,3303386933,527677,6260.244302859514,서초구,37.48269,127.01177
20244,D,발달상권,3120172,교대입구교차로,CS100001,한식음식점,7835212840,164668,47581.878932154395,서초구,37.487745,127.012574
20244,D,발달상권,3120172,교대입구교차로,CS100010,커피-음료,1595249991,194373,8207.158355327128,서초구,37.487745,127.012574
20244,D,발달상권,3120172,교대입구교차로,CS300001,슈퍼마켓,327640343,57650,5683.2670078057245,서초구,37.487745,127.012574
20244,D,발달상권,3120172,교대입구교차로,CS300002,편의점,1716286323,219737,7810.6387317566,서초구,37.487745,127.012574
20244,D,발달상권,3120173,교대역(법원.검찰청),CS100001,한식음식점,36562401397,867072,42167.66473487784,서초구,37.493709,127.01478
20244,D,발달상권,3120173,교대역(법원.검찰청),CS100010,커피-음료,4896624304,642797,7617.683816197026,서초구,37.493709,127.01478
20244,D,발달상권,3120173,교대역(법원.검찰청),CS300001,슈퍼마켓,2657952204,160474,16563.132993506737,서초구,37.493709,127.01478
20244,D,발달상권,3120173,교대역(법원.검찰청),CS300002,편의점,4754444731,805355,5903.539098906694,서초구,37.493709,127.01478
20244,D,발달상권,3120174,논현역 5번,CS100001,한식음식점,109415743,4447,24604.394648077356,서초구,37.510603,127.016649
20244,D,발달상권,3120175,남부터미널역,CS100001,한식음식점,6035552038,134019,45035.04755295891,서초구,37.485113,127.018113
20244,D,발달상권,3120175,남부터미널역,CS100010,커피-음료,1941394650,340534,5701.030293597702,서초구,37.485113,127.018113
20244,D,발달상권,3120175,남부터미널역,CS300001,슈퍼마켓,2111844461,114225,18488.46102867148,서초구,37.485113,127.018113
20244,D,발달상권,3120175,남부터미널역,CS300002,편의점,1810142048,285293,6344.852653237198,서초구,37.485113,127.018113
20244,D,발달상권,3120176,논현역 4번,CS100001,한식음식점,604658909,7921,76336.18343643479,서초구,37.508413,127.018843
20244,D,발달상권,3120176,논현역 4번,CS100010,커피-음료,45036235,3357,13415.619600834078,서초구,37.508413,127.018843
20244,D,발달상권,3120176,논현역 4번,CS300001,슈퍼마켓,354087118,41110,8613.162685477986,서초구,37.508413,127.018843
20244,D,발달상권,3120177,신논현역 1번,CS100001,한식음식점,1270742612,26307,48304.352909871894,서초구,37.50543,127.019883
20244,D,발달상권,3120177,신논현역 1번,CS100010,커피-음료,786712472,112265,7007.63792811651,서초구,37.50543,127.019883
20244,D,발달상권,3120177,신논현역 1번,CS300001,슈퍼마켓,129683798,14958,8669.862147345902,서초구,37.50543,127.019883
20244,D,발달상권,3120178,신사역,CS100001,한식음식점,25043503589,456136,54903.58925627444,서초구,37.515963,127.019557
20244,D,발달상권,3120178,신사역,CS100010,커피-음료,2782183431,362381,7677.509116096043,서초구,37.515963,127.019557
20244,D,발달상권,3120178,신사역,CS300001,슈퍼마켓,1184796801,159178,7443.219546671023,서초구,37.515963,127.019557
20244,D,발달상권,3120178,신사역,CS300002,편의점,3068430350,465286,6594.718839595432,서초구,37.515963,127.019557
20244,D,발달상권,3120179,양재역,CS100001,한식음식점,25841500230,496072,52092.237074456934,서초구,37.484497,127.034033
20244,D,발달상권,3120179,양재역,CS100010,커피-음료,3519932147,351786,10005.890362322549,서초구,37.484497,127.034033
20244,D,발달상권,3120179,양재역,CS300001,슈퍼마켓,2410569571,83428,28894.011255214078,서초구,37.484497,127.034033
20244,D,발달상권,3120179,양재역,CS300002,편의점,1947728002,349566,5571.846237906432,서초구,37.484497,127.034033
20244,D,발달상권,3120180,양재화물트럭터미널앞,CS100001,한식음식점,750393345,44955,16692.0997664331,서초구,37.463881,127.036793
20244,D,발달상권,3120180,양재화물트럭터미널앞,CS100010,커피-음료,475114111,103453,4592.560012759417,서초구,37.463881,127.036793
20244,D,발달상권,3120180,양재화물트럭터미널앞,CS300001,슈퍼마켓,203600362,25300,8047.445138339921,서초구,37.463881,127.036793
20244,D,발달상권,3120181,교육개발원입구사거리,CS100001,한식음식점,1609938536,44154,36461.89554740227,서초구,37.477197,127.038371
20244,D,발달상권,3120181,교육개발원입구사거리,CS100010,커피-음료,360602998,48551,7427.303206937036,서초구,37.477197,127.038371
20244,D,발달상권,3120181,교육개발원입구사거리,CS300002,편의점,793465944,113374,6998.658810662057,서초구,37.477197,127.038371
20244,D,발달상권,3120182,"양재시민의숲역(양재동꽃시장, aT센터)",CS100001,한식음식점,7999342927,168375,47509.089395694136,서초구,37.469385,127.040368
20244,D,발달상권,3120182,"양재시민의숲역(양재동꽃시장, aT센터)",CS100010,커피-음료,1442156937,161224,8945.051214459385,서초구,37.469385,127.040368
20244,D,발달상권,3120182,"양재시민의숲역(양재동꽃시장, aT센터)",CS300001,슈퍼마켓,654546081,95075,6884.523597160137,서초구,37.469385,127.040368
20244,D,발달상권,3120182,"양재시민의숲역(양재동꽃시장, aT센터)",CS300002,편의점,331621829,52669,6296.338054643149,서초구,37.469385,127.040368
20244,D,발달상권,3120183,양재천카페거리,CS100001,한식음식점,1802406567,50866,35434.40740376676,서초구,37.480592,127.043483
20244,D,발달상권,3120183,양재천카페거리,CS100010,커피-음료,328252380,12673,25901.710723585576,서초구,37.480592,127.043483
20244,D,발달상권,3120183,양재천카페거리,CS300002,편의점,457226,10,,서초구,37.480592,127.043483
20244,D,발달상권,3120184,포이사거리(삼호물산),CS100001,한식음식점,14004078675,376405,37204.81575696391,서초구,37.476961,127.045064
20244,D,발달상권,3120184,포이사거리(삼호물산),CS100010,커피-음료,2589644192,239850,10796.932215968314,서초구,37.476961,127.045064
20244,D,발달상권,3120184,포이사거리(삼호물산),CS300001,슈퍼마켓,2748521993,233184,11786.923601104707,서초구,37.476961,127.045064
20244,D,발달상권,3120184,포이사거리(삼호물산),CS300002,편의점,3373190907,456629,7387.158737180512,서초구,37.476961,127.045064
20244,D,발달상권,3120185,논현역,CS100001,한식음식점,16336983172,413154,39542.11546299927,강남구,37.511043,127.021897
20244,D,발달상권,3120185,논현역,CS100010,커피-음료,3855555231,557065,6921.19453026128,강남구,37.511043,127.021897
20244,D,발달상권,3120185,논현역,CS300001,슈퍼마켓,700435811,77093,9085.595462623065,강남구,37.511043,127.021897
20244,D,발달상권,3120185,논현역,CS300002,편의점,2123335107,329827,6437.723736989391,강남구,37.511043,127.021897
20244,D,발달상권,3120186,가로수길,CS100001,한식음식점,12304828556,218456,56326.34743838576,강남구,37.520774,127.022579
20244,D,발달상권,3120186,가로수길,CS100010,커피-음료,2868724462,258920,11079.578487563726,강남구,37.520774,127.022579
20244,D,발달상권,3120186,가로수길,CS300001,슈퍼마켓,86589505,6411,13506.396038059585,강남구,37.520774,127.022579
20244,D,발달상권,3120186,가로수길,CS300002,편의점,3335459402,295355,11293.052096629479,강남구,37.520774,127.022579
20244,D,발달상권,3120187,신논현역,CS100001,한식음식점,29229664334,566259,51618.89583035325,강남구,37.505024,127.025277
20244,D,발달상권,3120187,신논현역,CS100010,커피-음료,4788319306,570982,8386.112532444105,강남구,37.505024,127.025277
20244,D,발달상권,3120187,신논현역,CS300001,슈퍼마켓,5109677498,287792,17754.75863818313,강남구,37.505024,127.025277
20244,D,발달상권,3120187,신논현역,CS300002,편의점,5533806457,852779,6489.1448511279,강남구,37.505024,127.025277
20244,D,발달상권,3120188,압구정역,CS100001,한식음식점,9462686907,218779,43252.263274811565,강남구,37.525467,127.028078
20244,D,발달상권,3120188,압구정역,CS100010,커피-음료,2232632020,328969,6786.75504378832,강남구,37.525467,127.028078
20244,D,발달상권,3120188,압구정역,CS300001,슈퍼마켓,703090013,42298,16622.299234006336,강남구,37.525467,127.028078
20244,D,발달상권,3120188,압구정역,CS300002,편의점,1853093536,338834,5469.030663982953,강남구,37.525467,127.028078
20244,D,발달상권,3120189,강남역,CS100001,한식음식점,62315689199,1337180,46602.31920833396,서초구,37.497572,127.027751
20244,D,발달상권,3120189,강남역,CS100010,커피-음료,13597383785,1660835,8187.076852908326,서초구,37.497572,127.027751
20244,D,발달상권,3120189,강남역,CS300001,슈퍼마켓,5178024291,910874,5684.67679503422,서초구,37.497572,127.027751
20244,D,발달상권,3120189,강남역,CS300002,편의점,18374649064,2656004,6918.155644343909,서초구,37.497572,127.027751
20244,D,발달상권,3120190,강남을지병원,CS100001,한식음식점,9880955271,184242,53630.30834988765,강남구,37.520007,127.028257
20244,D,발달상권,3120190,강남을지병원,CS100010,커피-음료,784233007,100961,7767.682639831222,강남구,37.520007,127.028257
20244,D,발달상권,3120190,강남을지병원,CS300001,슈퍼마켓,988287885,122591,8061.667536768605,강남구,37.520007,127.028257
20244,D,발달상권,3120190,강남을지병원,CS300002,편의점,2850098547,422424,6747.009040679507,강남구,37.520007,127.028257
20244,D,발달상권,3120191,학동역,CS100001,한식음식점,8145025505,263855,30869.324079513368,강남구,37.513555,127.030076
20244,D,발달상권,3120191,학동역,CS100010,커피-음료,2218077607,278117,7975.339900113981,강남구,37.513555,127.030076
20244,D,발달상권,3120191,학동역,CS300001,슈퍼마켓,374200066,35908,10421.077921354572,강남구,37.513555,127.030076
20244,D,발달상권,3120191,학동역,CS300002,편의점,2291567391,338287,6774.033264653977,강남구,37.513555,127.030076
20244,D,발달상권,3120192,뱅뱅사거리,CS100001,한식음식점,18802727582,452937,41512.89822204854,강남구,37.490255,127.031491
20244,D,발달상권,3120192,뱅뱅사거리,CS100010,커피-음료,4256731211,655021,6498.617923700156,강남구,37.490255,127.031491
20244,D,발달상권,3120192,뱅뱅사거리,CS300001,슈퍼마켓,2317357282,141332,16396.550547646675,강남구,37.490255,127.031491
20244,D,발달상권,3120192,뱅뱅사거리,CS300002,편의점,4953235915,766049,6465.951805954972,강남구,37.490255,127.031491
20244,D,발달상권,3120193,도산공원교차로,CS100001,한식음식점,14853026624,162282,91526.02644778842,강남구,37.521564,127.033575
20244,D,발달상권,3120193,도산공원교차로,CS100010,커피-음료,367562586,34481,10659.858646790986,강남구,37.521564,127.033575
20244,D,발달상권,3120193,도산공원교차로,CS300001,슈퍼마켓,324547925,40296,8054.097801270597,강남구,37.521564,127.033575
20244,D,발달상권,3120193,도산공원교차로,CS300002,편의점,582687603,87130,6687.565740847011,강남구,37.521564,127.033575
20244,D,발달상권,3120194,언주역(차병원),CS100001,한식음식점,7263136475,167327,43406.84094617127,강남구,37.5074,127.034032
20244,D,발달상권,3120194,언주역(차병원),CS100010,커피-음료,2180785011,323670,6737.680387431644,강남구,37.5074,127.034032
20244,D,발달상권,3120194,언주역(차병원),CS300002,편의점,3023114671,379536,7965.290963176089,강남구,37.5074,127.034032
20244,D,발달상권,3120195,성수대교남단,CS100001,한식음식점,5987979917,74210,80689.66334725778,강남구,37.527673,127.03446
20244,D,발달상권,3120195,성수대교남단,CS100010,커피-음료,620317109,71510,8674.55053838624,강남구,37.527673,127.03446
20244,D,발달상권,3120195,성수대교남단,CS300001,슈퍼마켓,233169702,40061,5820.366491101071,강남구,37.527673,127.03446
20244,D,발달상권,3120195,성수대교남단,CS300002,편의점,363189224,60201,6032.9433730336705,강남구,37.527673,127.03446
20244,D,발달상권,3120196,서울세관,CS100001,한식음식점,4846863728,106106,45679.45005937459,강남구,37.515329,127.035348
20244,D,발달상권,3120196,서울세관,CS100010,커피-음료,585474073,75124,7793.4358261008465,강남구,37.515329,127.035348
20244,D,발달상권,3120196,서울세관,CS300001,슈퍼마켓,138306369,20076,6889.139719067543,강남구,37.515329,127.035348
20244,D,발달상권,3120196,서울세관,CS300002,편의점,815589279,109184,7469.86077630422,강남구,37.515329,127.035348
20244,D,발달상권,3120197,역삼역,CS100001,한식음식점,38733771686,933381,41498.35028353909,강남구,37.500399,127.035951
20244,D,발달상권,3120197,역삼역,CS100010,커피-음료,11659901672,1278987,9116.513046653328,강남구,37.500399,127.035951
20244,D,발달상권,3120197,역삼역,CS300001,슈퍼마켓,4268267198,546972,7803.447339169098,강남구,37.500399,127.035951
20244,D,발달상권,3120197,역삼역,CS300002,편의점,8990637604,1312509,6849.962631875286,강남구,37.500399,127.035951
20244,D,발달상권,3120198,구역삼세무서,CS100001,한식음식점,8820723950,257033,34317.47654970374,강남구,37.495533,127.037204
20244,D,발달상권,3120198,구역삼세무서,CS100010,커피-음료,2389815846,318035,7514.317122329303,강남구,37.495533,127.037204
20244,D,발달상권,3120198,구역삼세무서,CS300001,슈퍼마켓,2045287470,213677,9571.865338805768,강남구,37.495533,127.037204
20244,D,발달상권,3120198,구역삼세무서,CS300002,편의점,1229479088,190661,6448.508546582678,강남구,37.495533,127.037204
20244,D,발달상권,3120199,경복아파트교차로,CS100001,한식음식점,1847557641,26896,68692.65470701962,강남구,37.507993,127.039009
20244,D,발달상권,3120199,경복아파트교차로,CS100010,커피-음료,1074116795,145794,7367.359390647078,강남구,37.507993,127.039009
20244,D,발달상권,3120199,경복아파트교차로,CS300002,편의점,3173482831,453130,7003.471037009247,강남구,37.507993,127.039009
20244,D,발달상권,3120200,학동사거리,CS100001,한식음식점,12166000773,136073,89407.89703321012,강남구,37.523085,127.039141
20244,D,발달상권,3120200,학동사거리,CS100010,커피-음료,2291549639,179664,12754.639989090747,강남구,37.523085,127.039141
20244,D,발달상권,3120200,학동사거리,CS300002,편의점,2127001014,225979,9412.383513512317,강남구,37.523085,127.039141
20244,D,발달상권,3120201,도곡1동,CS100001,한식음식점,2073561263,63268,32774.2502212809,강남구,37.492568,127.039928
20244,D,발달상권,3120201,도곡1동,CS100010,커피-음료,400748919,48929,8190.417114594617,강남구,37.492568,127.039928
20244,D,발달상권,3120201,도곡1동,CS300001,슈퍼마켓,1249793533,198376,6300.124677380329,강남구,37.492568,127.039928
20244,D,발달상권,3120201,도곡1동,CS300002,편의점,680503619,103182,6595.177637572445,강남구,37.492568,127.039928
20244,D,발달상권,3120202,압구정로데오역(압구정로데오),CS100001,한식음식점,14085187221,344377,40900.48760805745,강남구,37.52677,127.040139
20244,D,발달상권,3120202,압구정로데오역(압구정로데오),CS100010,커피-음료,1771356106,124828,14190.374803729932,강남구,37.52677,127.040139
20244,D,발달상권,3120202,압구정로데오역(압구정로데오),CS300001,슈퍼마켓,227999252,26547,8588.512901646138,강남구,37.52677,127.040139
20244,D,발달상권,3120202,압구정로데오역(압구정로데오),CS300002,편의점,2399084184,265606,9032.492428634896,강남구,37.52677,127.040139
20244,D,발달상권,3120203,강남구청역,CS100001,한식음식점,13766937072,354802,38801.74596535532,강남구,37.516246,127.040687
20244,D,발달상권,3120203,강남구청역,CS100010,커피-음료,2856698649,376488,7587.7548527443105,강남구,37.516246,127.040687
20244,D,발달상권,3120203,강남구청역,CS300001,슈퍼마켓,2332461559,130582,17862.044990886952,강남구,37.516246,127.040687
20244,D,발달상권,3120203,강남구청역,CS300002,편의점,2765229193,373482,7403.915564873274,강남구,37.516246,127.040687
20244,D,발달상권,3120204,르네상스호텔사거리,CS100001,한식음식점,3707265494,130947,28311.190741292277,강남구,37.503091,127.042817
20244,D,발달상권,3120204,르네상스호텔사거리,CS100010,커피-음료,3174919343,365251,8692.43162373272,강남구,37.503091,127.042817
20244,D,발달상권,3120204,르네상스호텔사거리,CS300001,슈퍼마켓,762121846,73412,10381.434179698143,강남구,37.503091,127.042817
20244,D,발달상권,3120204,르네상스호텔사거리,CS300002,편의점,1781404740,232357,7666.671285995258,강남구,37.503091,127.042817
20244,D,발달상권,3120205,매봉역,CS100001,한식음식점,10645552375,242317,43932.3381149486,강남구,37.484358,127.043892
20244,D,발달상권,3120205,매봉역,CS100010,커피-음료,2266282381,169827,13344.65297626408,강남구,37.484358,127.043892
20244,D,발달상권,3120205,매봉역,CS300001,슈퍼마켓,43360754,3589,12081.569796600725,강남구,37.484358,127.043892
20244,D,발달상권,3120205,매봉역,CS300002,편의점,773554185,131221,5895.0486964738875,강남구,37.484358,127.043892
20244,D,발달상권,3120206,개나리아파트,CS100001,한식음식점,1984984130,73595,26971.725388953055,강남구,37.497252,127.04416
20244,D,발달상권,3120206,개나리아파트,CS100010,커피-음료,584198588,96439,6057.700598305665,강남구,37.497252,127.04416
20244,D,발달상권,3120206,개나리아파트,CS300001,슈퍼마켓,677552472,86096,7869.7322988292135,강남구,37.497252,127.04416
20244,D,발달상권,3120206,개나리아파트,CS300002,편의점,1208463164,171033,7065.672495951074,강남구,37.497252,127.04416
20244,D,발달상권,3120207,선정릉역,CS100001,한식음식점,5033509555,142080,35427.29134994369,강남구,37.511469,127.045492
20244,D,발달상권,3120207,선정릉역,CS100010,커피-음료,926521607,118686,7806.494506512984,강남구,37.511469,127.045492
20244,D,발달상권,3120207,선정릉역,CS300001,슈퍼마켓,129013549,10223,12619.93045094395,강남구,37.511469,127.045492
20244,D,발달상권,3120207,선정릉역,CS300002,편의점,2887683153,396491,7283.098867313508,강남구,37.511469,127.045492
20244,D,발달상권,3120208,청담사거리(청담동명품거리),CS100001,한식음식점,10644766329,147093,72367.59280863128,강남구,37.52483,127.047706
20244,D,발달상권,3120208,청담사거리(청담동명품거리),CS100010,커피-음료,1657888292,108697,15252.383156848855,강남구,37.52483,127.047706
20244,D,발달상권,3120208,청담사거리(청담동명품거리),CS300001,슈퍼마켓,578990922,53586,10804.891613481133,강남구,37.52483,127.047706
20244,D,발달상권,3120208,청담사거리(청담동명품거리),CS300002,편의점,2896348893,356960,8113.931233191394,강남구,37.52483,127.047706
20244,D,발달상권,3120209,"강남구청(청담역_8번, 강남세무서)",CS100001,한식음식점,3218206342,76068,42306.96668770048,강남구,37.518747,127.049512
20244,D,발달상권,3120209,"강남구청(청담역_8번, 강남세무서)",CS100010,커피-음료,460713244,40666,11329.199921310186,강남구,37.518747,127.049512
20244,D,발달상권,3120209,"강남구청(청담역_8번, 강남세무서)",CS300001,슈퍼마켓,2138166660,88088,24273.07533375715,강남구,37.518747,127.049512
20244,D,발달상권,3120209,"강남구청(청담역_8번, 강남세무서)",CS300002,편의점,2534271286,332742,7616.325218938397,강남구,37.518747,127.049512
20244,D,발달상권,3120210,선릉역,CS100001,한식음식점,34603808817,844482,40976.37228146959,강남구,37.504611,127.049355
20244,D,발달상권,3120210,선릉역,CS100010,커피-음료,4888146403,558844,8746.888940384079,강남구,37.504611,127.049355
20244,D,발달상권,3120210,선릉역,CS300001,슈퍼마켓,2426247851,269065,9017.329831081708,강남구,37.504611,127.049355
20244,D,발달상권,3120210,선릉역,CS300002,편의점,11115507422,1551455,7164.569660093267,강남구,37.504611,127.049355
20244,D,발달상권,3120211,도성초등학교,CS100001,한식음식점,2435147093,52894,46038.24806216206,강남구,37.500636,127.052463
20244,D,발달상권,3120211,도성초등학교,CS100010,커피-음료,352093109,66890,5263.763028853341,강남구,37.500636,127.052463
20244,D,발달상권,3120211,도성초등학교,CS300002,편의점,434037927,88672,4894.870161945146,강남구,37.500636,127.052463
20244,D,발달상권,3120212,한티역,CS100001,한식음식점,7182268244,194551,36917.14894295069,강남구,37.497428,127.053603
20244,D,발달상권,3120212,한티역,CS100010,커피-음료,1522004706,181533,8384.176463783444,강남구,37.497428,127.053603
20244,D,발달상권,3120212,한티역,CS300001,슈퍼마켓,2549044941,149795,17016.88935545245,강남구,37.497428,127.053603
20244,D,발달상권,3120212,한티역,CS300002,편의점,3865543432,431627,8955.749830293285,강남구,37.497428,127.053603
20244,D,발달상권,3120213,삼성중앙역,CS100001,한식음식점,13138282363,184250,71306.82422252375,강남구,37.511556,127.053748
20244,D,발달상권,3120213,삼성중앙역,CS100010,커피-음료,1247760705,141938,8790.885492257183,강남구,37.511556,127.053748
20244,D,발달상권,3120213,삼성중앙역,CS300001,슈퍼마켓,272815030,39215,6956.90501083769,강남구,37.511556,127.053748
20244,D,발달상권,3120213,삼성중앙역,CS300002,편의점,1649453940,231028,7139.6278373184205,강남구,37.511556,127.053748
20244,D,발달상권,3120214,영동대교남단교차로,CS100001,한식음식점,2765543137,55791,49569.700077073365,강남구,37.524052,127.054798
20244,D,발달상권,3120214,영동대교남단교차로,CS100010,커피-음료,83296827,12532,6646.7305298436,강남구,37.524052,127.054798
20244,D,발달상권,3120214,영동대교남단교차로,CS300002,편의점,808415295,98490,8208.095187328663,강남구,37.524052,127.054798
20244,D,발달상권,3120215,포스코사거리,CS100001,한식음식점,30608633990,689747,44376.61053980663,강남구,37.506824,127.056267
20244,D,발달상권,3120215,포스코사거리,CS100010,커피-음료,7347111574,706164,10404.256764717544,강남구,37.506824,127.056267
20244,D,발달상권,3120215,포스코사거리,CS300001,슈퍼마켓,1695011227,192005,8827.953579333871,강남구,37.506824,127.056267
20244,D,발달상권,3120215,포스코사거리,CS300002,편의점,4227421002,679981,6216.969300612811,강남구,37.506824,127.056267
20244,D,발달상권,3120216,경기고교사거리(경기고교앞사거리),CS100001,한식음식점,1906840345,33613,56729.25192633802,강남구,37.520753,127.056617
20244,D,발달상권,3120216,경기고교사거리(경기고교앞사거리),CS100010,커피-음료,39152873,6727,5820.257618552104,강남구,37.520753,127.056617
20244,D,발달상권,3120216,경기고교사거리(경기고교앞사거리),CS300002,편의점,349051691,47376,7367.690201789936,강남구,37.520753,127.056617
20244,D,발달상권,3120217,대치사거리,CS100001,한식음식점,2742564456,47414,57842.92521196271,강남구,37.503039,127.058413
20244,D,발달상권,3120217,대치사거리,CS100010,커피-음료,1134354573,183507,6181.532982393042,강남구,37.503039,127.058413
20244,D,발달상권,3120217,대치사거리,CS300001,슈퍼마켓,1594888900,104407,15275.68936948672,강남구,37.503039,127.058413
20244,D,발달상권,3120217,대치사거리,CS300002,편의점,988198099,191238,5167.373110992585,강남구,37.503039,127.058413
20244,D,발달상권,3120218,코엑스,CS100001,한식음식점,3616567931,19901,181727.94990201498,강남구,37.512166,127.05911
20244,D,발달상권,3120218,코엑스,CS100010,커피-음료,1149242089,96671,11888.17834717754,강남구,37.512166,127.05911
20244,D,발달상권,3120218,코엑스,CS300001,슈퍼마켓,219162917,31916,6866.866681288382,강남구,37.512166,127.05911
20244,D,발달상권,3120218,코엑스,CS300002,편의점,960377764,194202,4945.251665791289,강남구,37.512166,127.05911
20244,D,발달상권,3120219,은마아파트,CS100001,한식음식점,4265054688,176703,24136.85499397294,강남구,37.498848,127.060604
20244,D,발달상권,3120219,은마아파트,CS100010,커피-음료,1506063335,266332,5654.834323325774,강남구,37.498848,127.060604
20244,D,발달상권,3120219,은마아파트,CS300001,슈퍼마켓,292677994,11826,24748.688821241332,강남구,37.498848,127.060604
20244,D,발달상권,3120219,은마아파트,CS300002,편의점,5364322980,1062462,5048.955143807496,강남구,37.498848,127.060604
20244,D,발달상권,3120220,대치역,CS100001,한식음식점,2532783786,77348,32745.304157832135,강남구,37.494189,127.062285
20244,D,발달상권,3120220,대치역,CS100010,커피-음료,858670623,175055,4905.147656450829,강남구,37.494189,127.062285
20244,D,발달상권,3120220,대치역,CS300001,슈퍼마켓,1845032137,94656,19491.972373647735,강남구,37.494189,127.062285
20244,D,발달상권,3120220,대치역,CS300002,편의점,1815539063,307148,5910.958440230768,강남구,37.494189,127.062285
20244,D,발달상권,3120221,봉은사역,CS100001,한식음식점,7128343575,140796,50628.87848376374,강남구,37.514462,127.062392
20244,D,발달상권,3120221,봉은사역,CS100010,커피-음료,747074547,74783,9989.898065068264,강남구,37.514462,127.062392
20244,D,발달상권,3120221,봉은사역,CS300001,슈퍼마켓,1077932787,52798,20416.167032842153,강남구,37.514462,127.062392
20244,D,발달상권,3120221,봉은사역,CS300002,편의점,836498944,130168,6426.302501382828,강남구,37.514462,127.062392
20244,D,발달상권,3120222,삼성역,CS100001,한식음식점,11340810131,481851,23535.927353061423,강남구,37.508668,127.063157
20244,D,발달상권,3120222,삼성역,CS100010,커피-음료,6509163079,802409,8112.026508925,강남구,37.508668,127.063157
20244,D,발달상권,3120222,삼성역,CS300001,슈퍼마켓,2562732936,396718,6459.835288542491,강남구,37.508668,127.063157
20244,D,발달상권,3120222,삼성역,CS300002,편의점,5622462058,427641,13147.621621874423,강남구,37.508668,127.063157
20244,D,발달상권,3120223,휘문고교사거리,CS100001,한식음식점,845623120,9657,87565.81961271616,강남구,37.504342,127.065664
20244,D,발달상권,3120223,휘문고교사거리,CS100010,커피-음료,314509209,50829,6187.593873576108,강남구,37.504342,127.065664
20244,D,발달상권,3120223,휘문고교사거리,CS300001,슈퍼마켓,55939928,11639,4806.248646790961,강남구,37.504342,127.065664
20244,D,발달상권,3120223,휘문고교사거리,CS300002,편의점,181915005,37480,4853.655416221985,강남구,37.504342,127.065664
20244,D,발달상권,3120224,수서역,CS100001,한식음식점,6327982459,225017,28122.241692849875,강남구,37.487781,127.10303
20244,D,발달상권,3120224,수서역,CS100010,커피-음료,2195873669,362528,6057.114675280254,강남구,37.487781,127.10303
20244,D,발달상권,3120224,수서역,CS300001,슈퍼마켓,282000000,26248,10743.675708625418,강남구,37.487781,127.10303
20244,D,발달상권,3120224,수서역,CS300002,편의점,8887483853,1882229,4721.786697049084,강남구,37.487781,127.10303
20244,D,발달상권,3120225,잠실새내역(신천),CS100001,한식음식점,22777435282,505293,45077.678261919325,송파구,37.510485,127.082578
20244,D,발달상권,3120225,잠실새내역(신천),CS100010,커피-음료,4614307056,713245,6469.455875610764,송파구,37.510485,127.082578
20244,D,발달상권,3120225,잠실새내역(신천),CS300001,슈퍼마켓,11207101440,730269,15346.538659042079,송파구,37.510485,127.082578
20244,D,발달상권,3120225,잠실새내역(신천),CS300002,편의점,4785275679,702930,6807.61338824634,송파구,37.510485,127.082578
20244,D,발달상권,3120226,석촌고분역,CS100001,한식음식점,5776352673,174114,33175.693356077056,송파구,37.50332,127.097046
20244,D,발달상권,3120226,석촌고분역,CS100010,커피-음료,936870493,162632,5760.677437404693,송파구,37.50332,127.097046
20244,D,발달상권,3120226,석촌고분역,CS300001,슈퍼마켓,474788088,51070,9296.810025455257,송파구,37.50332,127.097046
20244,D,발달상권,3120226,석촌고분역,CS300002,편의점,1107916485,109811,10089.303302947792,송파구,37.50332,127.097046
20244,D,발달상권,3120227,잠실역,CS100001,한식음식점,8972827297,311531,28802.357701159755,송파구,37.513984,127.101268
20244,D,발달상권,3120227,잠실역,CS100010,커피-음료,8371708458,1061299,7888.171437078524,송파구,37.513984,127.101268
20244,D,발달상권,3120227,잠실역,CS300001,슈퍼마켓,73575323,18322,4015.681857875778,송파구,37.513984,127.101268
20244,D,발달상권,3120227,잠실역,CS300002,편의점,6351841007,982457,6465.26108216441,송파구,37.513984,127.101268
20244,D,발달상권,3120228,석촌역(석촌호수),CS100001,한식음식점,7380518649,211065,34967.98924028143,송파구,37.506024,127.106539
20244,D,발달상권,3120228,석촌역(석촌호수),CS100010,커피-음료,3012615113,237694,12674.342276203859,송파구,37.506024,127.106539
20244,D,발달상권,3120228,석촌역(석촌호수),CS300001,슈퍼마켓,320216601,35797,8945.347403413694,송파구,37.506024,127.106539
20244,D,발달상권,3120228,석촌역(석촌호수),CS300002,편의점,1462293298,231631,6313.029335451645,송파구,37.506024,127.106539
20244,D,발달상권,3120229,방이동먹자골목,CS100001,한식음식점,31905015802,544670,58576.78190831145,송파구,37.514382,127.109232
20244,D,발달상권,3120229,방이동먹자골목,CS100010,커피-음료,2201403338,225872,9746.242730395976,송파구,37.514382,127.109232
20244,D,발달상권,3120229,방이동먹자골목,CS300001,슈퍼마켓,3521719525,291018,12101.380412895422,송파구,37.514382,127.109232
20244,D,발달상권,3120229,방이동먹자골목,CS300002,편의점,3396936404,439304,7732.5414838016495,송파구,37.514382,127.109232
20244,D,발달상권,3120230,송파사거리(송파역),CS100001,한식음식점,2176975027,51092,42608.921690284194,송파구,37.501119,127.110309
20244,D,발달상권,3120230,송파사거리(송파역),CS100010,커피-음료,276148172,51890,5321.799421853922,송파구,37.501119,127.110309
20244,D,발달상권,3120231,가락시장,CS100001,한식음식점,18219920551,276914,65796.3142022433,송파구,37.493549,127.111734
20244,D,발달상권,3120231,가락시장,CS100010,커피-음료,1054735799,150179,7023.19098542406,송파구,37.493549,127.111734
20244,D,발달상권,3120231,가락시장,CS300001,슈퍼마켓,23426001920,494951,47329.941590177616,송파구,37.493549,127.111734
20244,D,발달상권,3120232,송파나루역,CS100001,한식음식점,1377452541,27240,50567.27389867842,송파구,37.510127,127.112042
20244,D,발달상권,3120232,송파나루역,CS100010,커피-음료,304311112,25476,11945.01146176794,송파구,37.510127,127.112042
20244,D,발달상권,3120232,송파나루역,CS300002,편의점,107143473,16649,6435.429935731876,송파구,37.510127,127.112042
20244,D,발달상권,3120233,몽촌토성역,CS100001,한식음식점,4914309553,118077,41619.53261854553,송파구,37.515964,127.113453
20244,D,발달상권,3120233,몽촌토성역,CS100010,커피-음료,293750345,44463,6606.624496772597,송파구,37.515964,127.113453
20244,D,발달상권,3120233,몽촌토성역,CS300001,슈퍼마켓,48502708,1310,37024.967938931295,송파구,37.515964,127.113453
20244,D,발달상권,3120233,몽촌토성역,CS300002,편의점,3390360764,468686,7233.757278860474,송파구,37.515964,127.113453
20244,D,발달상권,3120234,가락시장역,CS100001,한식음식점,10070720603,256191,39309.42384002561,송파구,37.494695,127.118724
20244,D,발달상권,3120234,가락시장역,CS100010,커피-음료,1184967830,167099,7091.411857641278,송파구,37.494695,127.118724
20244,D,발달상권,3120234,가락시장역,CS300001,슈퍼마켓,274424153,23620,11618.296062658765,송파구,37.494695,127.118724
20244,D,발달상권,3120234,가락시장역,CS300002,편의점,3771238257,430664,8756.799400460684,송파구,37.494695,127.118724
20244,D,발달상권,3120235,문정역,CS100001,한식음식점,10211469965,337478,30258.179688750082,송파구,37.485513,127.119942
20244,D,발달상권,3120235,문정역,CS100010,커피-음료,2137416828,303966,7031.762855056158,송파구,37.485513,127.119942
20244,D,발달상권,3120235,문정역,CS300001,슈퍼마켓,1932000000,338841,5701.789334820756,송파구,37.485513,127.119942
20244,D,발달상권,3120235,문정역,CS300002,편의점,6289835511,920434,6833.554074490947,송파구,37.485513,127.119942
20244,D,발달상권,3120236,장지역(가든파이브),CS100001,한식음식점,2936939352,156004,18826.05158842081,송파구,37.47804,127.123299
20244,D,발달상권,3120236,장지역(가든파이브),CS100010,커피-음료,1937690862,315893,6134.010130012378,송파구,37.47804,127.123299
20244,D,발달상권,3120236,장지역(가든파이브),CS300001,슈퍼마켓,1928552669,299158,6446.6023606254885,송파구,37.47804,127.123299
20244,D,발달상권,3120236,장지역(가든파이브),CS300002,편의점,2291279858,272596,8405.405281075291,송파구,37.47804,127.123299
20244,D,발달상권,3120237,경찰병원역,CS100001,한식음식점,8411761179,204714,41090.30735074299,송파구,37.497171,127.120809
20244,D,발달상권,3120237,경찰병원역,CS100010,커피-음료,720531434,111297,6473.951984330216,송파구,37.497171,127.120809
20244,D,발달상권,3120237,경찰병원역,CS300001,슈퍼마켓,1408400740,172434,8167.767029704119,송파구,37.497171,127.120809
20244,D,발달상권,3120237,경찰병원역,CS300002,편의점,1646848191,246417,6683.176043048978,송파구,37.497171,127.120809
20244,D,발달상권,3120238,방이역,CS100001,한식음식점,1993597782,70623,28228.732594197358,송파구,37.50924,127.125398
20244,D,발달상권,3120238,방이역,CS100010,커피-음료,1299640234,254126,5114.156890676279,송파구,37.50924,127.125398
20244,D,발달상권,3120239,오금역,CS100001,한식음식점,3387963228,108743,31155.690278914506,송파구,37.501779,127.126143
20244,D,발달상권,3120239,오금역,CS100010,커피-음료,566149660,81532,6943.89515772948,송파구,37.501779,127.126143
20244,D,발달상권,3120239,오금역,CS300001,슈퍼마켓,733001107,70385,10414.166470128579,송파구,37.501779,127.126143
20244,D,발달상권,3120239,오금역,CS300002,편의점,293722177,47547,6177.512293099459,송파구,37.501779,127.126143
20244,D,발달상권,3120240,개롱역,CS100001,한식음식점,4570322330,129857,35195.04015956013,송파구,37.496048,127.134603
20244,D,발달상권,3120240,개롱역,CS100010,커피-음료,395603775,56354,7019.976842815062,송파구,37.496048,127.134603
20244,D,발달상권,3120240,개롱역,CS300001,슈퍼마켓,216087173,16805,12858.504790241,송파구,37.496048,127.134603
20244,D,발달상권,3120240,개롱역,CS300002,편의점,664237290,95259,6972.960980064876,송파구,37.496048,127.134603
20244,D,발달상권,3120241,거여역,CS100001,한식음식점,4575745957,125714,36398.06192627711,송파구,37.492836,127.145544
20244,D,발달상권,3120241,거여역,CS100010,커피-음료,364499926,49310,7392.008233624011,송파구,37.492836,127.145544
20244,D,발달상권,3120241,거여역,CS300001,슈퍼마켓,260213593,27414,9491.996534617349,송파구,37.492836,127.145544
20244,D,발달상권,3120241,거여역,CS300002,편의점,491076053,77917,6302.553396563009,송파구,37.492836,127.145544
20244,D,발달상권,3120242,강동구청역,CS100001,한식음식점,7135416495,203961,34984.21999794078,강동구,37.529236,127.122682
20244,D,발달상권,3120242,강동구청역,CS100010,커피-음료,1022751690,116446,8783.055579410198,강동구,37.529236,127.122682
20244,D,발달상권,3120242,강동구청역,CS300001,슈퍼마켓,11681213,2577,4532.872720217307,강동구,37.529236,127.122682
20244,D,발달상권,3120242,강동구청역,CS300002,편의점,721802508,60652,11900.720635758096,강동구,37.529236,127.122682
20244,D,발달상권,3120243,천호역,CS100001,한식음식점,9019427670,273171,33017.51529261891,강동구,37.539523,127.124442
20244,D,발달상권,3120243,천호역,CS100010,커피-음료,1249000743,233073,5358.839260660823,강동구,37.539523,127.124442
20244,D,발달상권,3120243,천호역,CS300001,슈퍼마켓,50227177,6867,7314.2823649337415,강동구,37.539523,127.124442
20244,D,발달상권,3120243,천호역,CS300002,편의점,5984567047,794609,7531.461444559525,강동구,37.539523,127.124442
20244,D,발달상권,3120244,암사역,CS100001,한식음식점,7721752053,174091,44354.68836987553,강동구,37.551377,127.127856
20244,D,발달상권,3120244,암사역,CS100010,커피-음료,211215117,46273,4564.543405441618,강동구,37.551377,127.127856
20244,D,발달상권,3120244,암사역,CS300001,슈퍼마켓,624556475,88696,7041.540486605935,강동구,37.551377,127.127856
20244,D,발달상권,3120244,암사역,CS300002,편의점,736024740,114656,6419.4175620988,강동구,37.551377,127.127856
20244,D,발달상권,3120245,둔촌역,CS100001,한식음식점,6886844887,177342,38833.69358076485,강동구,37.526339,127.134918
20244,D,발달상권,3120245,둔촌역,CS100010,커피-음료,789508485,126571,6237.672808147206,강동구,37.526339,127.134918
20244,D,발달상권,3120245,둔촌역,CS300001,슈퍼마켓,3825834093,192993,19823.69356919681,강동구,37.526339,127.134918
20244,D,발달상권,3120245,둔촌역,CS300002,편의점,1888958967,260203,7259.558756048163,강동구,37.526339,127.134918
20244,D,발달상권,3120246,길동역,CS100001,한식음식점,12825134396,407780,31451.111864240524,강동구,37.536472,127.138297
20244,D,발달상권,3120246,길동역,CS100010,커피-음료,1708792063,230314,7419.401612581085,강동구,37.536472,127.138297
20244,D,발달상권,3120246,길동역,CS300001,슈퍼마켓,1962197262,293423,6687.264672503519,강동구,37.536472,127.138297
20244,D,발달상권,3120246,길동역,CS300002,편의점,3128031372,458437,6823.252425087853,강동구,37.536472,127.138297
20244,D,발달상권,3120247,굽은다리역,CS100001,한식음식점,2793363719,75889,36808.54562584828,강동구,37.545819,127.142648
20244,D,발달상권,3120247,굽은다리역,CS100010,커피-음료,166201088,39709,4185.4765418419,강동구,37.545819,127.142648
20244,D,발달상권,3120247,굽은다리역,CS300001,슈퍼마켓,4453113073,292732,15212.252411762294,강동구,37.545819,127.142648
20244,D,발달상권,3120247,굽은다리역,CS300002,편의점,168952628,23396,7221.432210634296,강동구,37.545819,127.142648
20244,D,발달상권,3120248,명일역,CS100001,한식음식점,7087119278,147190,48149.46177050071,강동구,37.55125,127.144378
20244,D,발달상권,3120248,명일역,CS100010,커피-음료,459989565,53150,8654.55437441204,강동구,37.55125,127.144378
20244,D,발달상권,3120248,명일역,CS300001,슈퍼마켓,45000000,2086,21572.387344199426,강동구,37.55125,127.144378
20244,D,발달상권,3120248,명일역,CS300002,편의점,1019395789,164941,6180.366246112246,강동구,37.55125,127.144378
20244,D,발달상권,3120249,고덕역,CS100001,한식음식점,4304869245,147049,29275.066440438222,강동구,37.553417,127.154998
20244,D,발달상권,3120249,고덕역,CS100010,커피-음료,1623838142,265370,6119.1473866676715,강동구,37.553417,127.154998
20244,D,발달상권,3120249,고덕역,CS300002,편의점,1384285023,190412,7269.946342667479,강동구,37.553417,127.154998
20244,R,전통시장,3130001,통인시장,CS100001,한식음식점,1075660420,37260,28869.0397208803,종로구,37.58059,126.97001
20244,R,전통시장,3130001,통인시장,CS100010,커피-음료,2938243808,115152,25516.220369598443,종로구,37.58059,126.97001
20244,R,전통시장,3130001,통인시장,CS300001,슈퍼마켓,1274607666,116463,10944.314211380439,종로구,37.58059,126.97001
20244,R,전통시장,3130002,세종마을음식문화거리(금천교시장),CS100001,한식음식점,10952573978,199128,55002.6815816962,종로구,37.576815,126.970827
20244,R,전통시장,3130002,세종마을음식문화거리(금천교시장),CS100010,커피-음료,171827925,33285,5162.3231185218565,종로구,37.576815,126.970827
20244,R,전통시장,3130002,세종마을음식문화거리(금천교시장),CS300001,슈퍼마켓,161516319,6658,24258.984529888854,종로구,37.576815,126.970827
20244,R,전통시장,3130002,세종마을음식문화거리(금천교시장),CS300002,편의점,1496436817,141892,10546.308579764891,종로구,37.576815,126.970827
20244,R,전통시장,3130004,낙원시장(낙원지하시장(대일상가)),CS100001,한식음식점,800129455,12368,64693.51997089262,종로구,37.572772,126.987888
20244,R,전통시장,3130004,낙원시장(낙원지하시장(대일상가)),CS300001,슈퍼마켓,176619939,18819,9385.192571337479,종로구,37.572772,126.987888
20244,R,전통시장,3130005,세운상가가동,CS300001,슈퍼마켓,245794,53,4637.622641509434,종로구,37.569385,126.995438
20244,R,전통시장,3130007,광장시장(광장전통시장),CS100001,한식음식점,5978169704,188472,31719.139734284137,종로구,37.570025,126.999819
20244,R,전통시장,3130007,광장시장(광장전통시장),CS100010,커피-음료,389049997,53221,7310.084308825463,종로구,37.570025,126.999819
20244,R,전통시장,3130007,광장시장(광장전통시장),CS300001,슈퍼마켓,3362091773,375747,8947.754135096222,종로구,37.570025,126.999819
20244,R,전통시장,3130010,종로신진시장,CS100001,한식음식점,5030093230,130754,38469.89942946296,종로구,37.570313,127.005139
20244,R,전통시장,3130010,종로신진시장,CS100010,커피-음료,192043056,35177,5459.335816016147,종로구,37.570313,127.005139
20244,R,전통시장,3130010,종로신진시장,CS300001,슈퍼마켓,375826895,30031,12514.631380906396,종로구,37.570313,127.005139
20244,R,전통시장,3130010,종로신진시장,CS300002,편의점,272655063,43909,6209.548452481268,종로구,37.570313,127.005139
20244,R,전통시장,3130012,"동대문종합시장(동대문종합시장 신관, 동대문종합시장D동상가)",CS100001,한식음식점,269700155,23298,11576.107605803074,종로구,37.570403,127.008116
20244,R,전통시장,3130014,동문시장,CS100001,한식음식점,261879309,10922,23977.23026918147,종로구,37.570457,127.01098
20244,R,전통시장,3130015,창신골목시장,CS100001,한식음식점,3141602166,82261,38190.66344926514,종로구,37.573259,127.011297
20244,R,전통시장,3130015,창신골목시장,CS100010,커피-음료,39572229,4140,9558.509420289854,종로구,37.573259,127.011297
20244,R,전통시장,3130015,창신골목시장,CS300001,슈퍼마켓,1242434576,126216,9843.716929707802,종로구,37.573259,127.011297
20244,R,전통시장,3130018,동대문문구완구거리(동대문문구완구시장),CS100001,한식음식점,765164939,30920,24746.602166882276,종로구,37.57142,127.013855
20244,R,전통시장,3130018,동대문문구완구거리(동대문문구완구시장),CS100010,커피-음료,3170972,253,12533.486166007906,종로구,37.57142,127.013855
20244,R,전통시장,3130018,동대문문구완구거리(동대문문구완구시장),CS300001,슈퍼마켓,87459796,9195,9511.668950516585,종로구,37.57142,127.013855
20244,R,전통시장,3130020,동묘시장(동묘벼룩시장),CS100001,한식음식점,1705547459,58079,29365.992165843076,종로구,37.571357,127.016651
20244,R,전통시장,3130020,동묘시장(동묘벼룩시장),CS100010,커피-음료,13716084,2246,6106.894033837934,종로구,37.571357,127.016651
20244,R,전통시장,3130020,동묘시장(동묘벼룩시장),CS300001,슈퍼마켓,395000176,24781,15939.638271256204,종로구,37.571357,127.016651
20244,R,전통시장,3130022,숭례문수입상가(남대문시장),CS300001,슈퍼마켓,247434684,5651,43785.99964608034,중구,37.559436,126.976153
20244,R,전통시장,3130024,남대문시장(자유상가),CS100001,한식음식점,5895594397,199848,29500.39228313518,중구,37.55958,126.977613
20244,R,전통시장,3130024,남대문시장(자유상가),CS100010,커피-음료,3026638328,357138,8474.702574355011,중구,37.55958,126.977613
20244,R,전통시장,3130024,남대문시장(자유상가),CS300001,슈퍼마켓,3037559277,228766,13278.018923266569,중구,37.55958,126.977613
20244,R,전통시장,3130024,남대문시장(자유상가),CS300002,편의점,441000000,79040,5579.453441295546,중구,37.55958,126.977613
20244,R,전통시장,3130025,삼익패션타운(남대문시장),CS300001,슈퍼마켓,24859463,2724,9126.087738619677,중구,37.55995,126.979288
20244,R,전통시장,3130031,청계천공구상가,CS100001,한식음식점,344208182,6214,55392.36916639846,중구,37.567637,126.99133
20244,R,전통시장,3130032,인현시장,CS100001,한식음식점,3384877314,84941,39849.74645930705,중구,37.563249,126.995065
20244,R,전통시장,3130032,인현시장,CS100010,커피-음료,16115304,2218,7265.691614066727,중구,37.563249,126.995065
20244,R,전통시장,3130032,인현시장,CS300001,슈퍼마켓,519244027,27221,19075.12681385695,중구,37.563249,126.995065
20244,R,전통시장,3130033,대림상가(청계상가),CS100010,커피-음료,78000000,6705,11633.1096196868,중구,37.567547,126.995427
20244,R,전통시장,3130033,대림상가(청계상가),CS300001,슈퍼마켓,48710525,1604,30368.157730673316,중구,37.567547,126.995427
20244,R,전통시장,3130035,방산종합시장(방산시장),CS100001,한식음식점,5689784104,110078,51688.658078816836,중구,37.568006,127.00017
20244,R,전통시장,3130035,방산종합시장(방산시장),CS100010,커피-음료,311039123,25074,12404.846574140543,중구,37.568006,127.00017
20244,R,전통시장,3130035,방산종합시장(방산시장),CS300001,슈퍼마켓,668768508,62709,10664.633593264125,중구,37.568006,127.00017
20244,R,전통시장,3130035,방산종합시장(방산시장),CS300002,편의점,116876423,22627,5165.352145666681,중구,37.568006,127.00017
20244,R,전통시장,3130036,중부시장(신중부시장),CS100001,한식음식점,1714161582,40263,42574.114745548024,중구,37.565619,127.00026
20244,R,전통시장,3130036,중부시장(신중부시장),CS100010,커피-음료,394049026,57086,6902.726167536699,중구,37.565619,127.00026
20244,R,전통시장,3130036,중부시장(신중부시장),CS300001,슈퍼마켓,568873635,19887,28605.301704631165,중구,37.565619,127.00026
20244,R,전통시장,3130042,약수시장,CS100001,한식음식점,2549127783,66065,38585.14770301976,중구,37.552851,127.010966
20244,R,전통시장,3130042,약수시장,CS100010,커피-음료,28872849,6909,4179.019973947025,중구,37.552851,127.010966
20244,R,전통시장,3130042,약수시장,CS300001,슈퍼마켓,1814572249,95266,19047.427718178573,중구,37.552851,127.010966
20244,R,전통시장,3130042,약수시장,CS300002,편의점,266575261,42725,6239.327349327092,중구,37.552851,127.010966
20244,R,전통시장,3130047,테크노상가(엘리시움),CS300001,슈퍼마켓,141778844,16553,8565.144928411768,중구,37.568952,127.012938
20244,R,전통시장,3130048,동평화시장,CS100001,한식음식점,393301571,21651,18165.515264883838,중구,37.569492,127.013187
20244,R,전통시장,3130048,동평화시장,CS100010,커피-음료,246265129,56451,4362.458220403536,중구,37.569492,127.013187
20244,R,전통시장,3130048,동평화시장,CS300001,슈퍼마켓,330000000,78590,4199.007507316453,중구,37.569492,127.013187
20244,R,전통시장,3130050,청평화시장,CS300001,슈퍼마켓,226349942,23257,9732.551145891559,중구,37.569285,127.015055
20244,R,전통시장,3130051,동화동 골목형상점가,CS100001,한식음식점,1191244076,34304,34726.09829757463,중구,37.562401,127.017464
20244,R,전통시장,3130051,동화동 골목형상점가,CS100010,커피-음료,103833362,12842,8085.451020090329,중구,37.562401,127.017464
20244,R,전통시장,3130051,동화동 골목형상점가,CS300002,편의점,222000000,28984,7659.398288711013,중구,37.562401,127.017464
20244,R,전통시장,3130052,서울중앙시장(신중앙시장),CS100001,한식음식점,7049178550,172929,40763.42631947215,중구,37.566942,127.01905
20244,R,전통시장,3130052,서울중앙시장(신중앙시장),CS100010,커피-음료,43138481,9458,4561.05741171495,중구,37.566942,127.01905
20244,R,전통시장,3130052,서울중앙시장(신중앙시장),CS300001,슈퍼마켓,248816900,2569,96853.60062281044,중구,37.566942,127.01905
20244,R,전통시장,3130053,백학시장,CS100001,한식음식점,2768409039,53394,51848.69159456118,중구,37.564149,127.019604
20244,R,전통시장,3130053,백학시장,CS300001,슈퍼마켓,3648326300,337730,10802.494004086104,중구,37.564149,127.019604
20244,R,전통시장,3130054,황학동주방가구거리상점가,CS100001,한식음식점,371109856,9201,40333.643734376696,중구,37.568743,127.020624
20244,R,전통시장,3130054,황학동주방가구거리상점가,CS300001,슈퍼마켓,286004229,35542,8046.936835293455,중구,37.568743,127.020624
20244,R,전통시장,3130054,황학동주방가구거리상점가,CS300002,편의점,130247180,15624,8336.353046594983,중구,37.568743,127.020624
20244,R,전통시장,3130055,"황학시장(서울중앙시장, 신중앙시장)",CS100001,한식음식점,1541963646,37301,41338.39966756923,중구,37.567293,127.021382
20244,R,전통시장,3130055,"황학시장(서울중앙시장, 신중앙시장)",CS100010,커피-음료,63604472,19788,3214.2951283606226,중구,37.567293,127.021382
20244,R,전통시장,3130055,"황학시장(서울중앙시장, 신중앙시장)",CS300001,슈퍼마켓,1000253207,87578,11421.283964009226,중구,37.567293,127.021382
20244,R,전통시장,3130056,용산용문시장,CS100001,한식음식점,3583593039,110136,32537.889872521246,용산구,37.536438,126.960207
20244,R,전통시장,3130056,용산용문시장,CS100010,커피-음료,75689263,14671,5159.107286483539,용산구,37.536438,126.960207
20244,R,전통시장,3130056,용산용문시장,CS300001,슈퍼마켓,716326038,58153,12317.955015218475,용산구,37.536438,126.960207
20244,R,전통시장,3130057,만리시장,CS100001,한식음식점,190792355,4129,46207.884475659965,용산구,37.551305,126.963673
20244,R,전통시장,3130057,만리시장,CS300001,슈퍼마켓,2202266761,144814,15207.554248898587,용산구,37.551305,126.963673
20244,R,전통시장,3130058,이촌종합시장,CS100001,한식음식점,1560089203,35233,44279.20424034286,용산구,37.520611,126.974763
20244,R,전통시장,3130058,이촌종합시장,CS100010,커피-음료,24858725,1951,12741.52998462327,용산구,37.520611,126.974763
20244,R,전통시장,3130059,후암시장,CS100001,한식음식점,1226736785,19362,63357.95811383121,용산구,37.55011,126.976269
20244,R,전통시장,3130059,후암시장,CS100010,커피-음료,84508251,18503,4567.272928714263,용산구,37.55011,126.976269
20244,R,전통시장,3130059,후암시장,CS300001,슈퍼마켓,3751105470,275256,13627.697379893627,용산구,37.55011,126.976269
20244,R,전통시장,3130060,신흥시장,CS100001,한식음식점,422307168,7519,56165.336879904244,용산구,37.545264,126.985086
20244,R,전통시장,3130060,신흥시장,CS100010,커피-음료,608119804,31598,19245.515665548453,용산구,37.545264,126.985086
20244,R,전통시장,3130061,이태원시장,CS100001,한식음식점,287902700,11047,26061.618538969855,용산구,37.533876,126.989433
20244,R,전통시장,3130063,신금호역 골목형상점가,CS100001,한식음식점,1290784286,40983,31495.602713320157,성동구,37.553796,127.020122
20244,R,전통시장,3130063,신금호역 골목형상점가,CS100010,커피-음료,81519552,8674,9398.14987318423,성동구,37.553796,127.020122
20244,R,전통시장,3130063,신금호역 골목형상점가,CS300002,편의점,350010346,53454,6547.879410334119,성동구,37.553796,127.020122
20244,R,전통시장,3130064,금남시장,CS100001,한식음식점,1656482292,42311,39150.15698045425,성동구,37.548543,127.022293
20244,R,전통시장,3130064,금남시장,CS300001,슈퍼마켓,99055369,4620,21440.55606060606,성동구,37.548543,127.022293
20244,R,전통시장,3130065,무학봉상점가,CS100001,한식음식점,678129897,17898,37888.58514917868,성동구,37.561795,127.030627
20244,R,전통시장,3130065,무학봉상점가,CS100010,커피-음료,11003694,1328,8285.914156626506,성동구,37.561795,127.030627
20244,R,전통시장,3130065,무학봉상점가,CS300001,슈퍼마켓,571587456,66254,8627.214296495305,성동구,37.561795,127.030627
20244,R,전통시장,3130066,행당시장상점가,CS100001,한식음식점,6656246444,120872,55068.555529816666,성동구,37.56119,127.033309
20244,R,전통시장,3130066,행당시장상점가,CS100010,커피-음료,475132205,38530,12331.487282636906,성동구,37.56119,127.033309
20244,R,전통시장,3130066,행당시장상점가,CS300001,슈퍼마켓,1795633903,65491,27418.025423340612,성동구,37.56119,127.033309
20244,R,전통시장,3130066,행당시장상점가,CS300002,편의점,259936543,49634,5237.066184470323,성동구,37.56119,127.033309
20244,R,전통시장,3130067,왕십리도선동상점가,CS100001,한식음식점,6899566729,145810,47318.885734860436,성동구,37.564235,127.034296
20244,R,전통시장,3130067,왕십리도선동상점가,CS100010,커피-음료,259530820,52171,4974.618466197696,성동구,37.564235,127.034296
20244,R,전통시장,3130067,왕십리도선동상점가,CS300001,슈퍼마켓,392028960,42245,9279.890164516512,성동구,37.564235,127.034296
20244,R,전통시장,3130067,왕십리도선동상점가,CS300002,편의점,891942732,114344,7800.520639473868,성동구,37.564235,127.034296
20244,R,전통시장,3130068,마장축산물시장,CS100001,한식음식점,4449943019,45403,98009.88963284364,성동구,37.570568,127.039245
20244,R,전통시장,3130068,마장축산물시장,CS100010,커피-음료,89955557,11043,8145.934709770896,성동구,37.570568,127.039245
20244,R,전통시장,3130068,마장축산물시장,CS300001,슈퍼마켓,81833943,6890,11877.205079825835,성동구,37.570568,127.039245
20244,R,전통시장,3130068,마장축산물시장,CS300002,편의점,597343816,85808,6961.4000559388405,성동구,37.570568,127.039245
20244,R,전통시장,3130069,"한양대앞상점가(한양시장, 왕십리맛골목)",CS100001,한식음식점,4132495790,111475,37071.054406817675,성동구,37.559584,127.040496
20244,R,전통시장,3130069,"한양대앞상점가(한양시장, 왕십리맛골목)",CS100010,커피-음료,361188230,45067,8014.472452126834,성동구,37.559584,127.040496
20244,R,전통시장,3130069,"한양대앞상점가(한양시장, 왕십리맛골목)",CS300002,편의점,364757782,51864,7032.96664352923,성동구,37.559584,127.040496
20244,R,전통시장,3130070,뚝섬역상점가,CS100001,한식음식점,4066334233,120968,33614.95794755638,성동구,37.548445,127.049101
20244,R,전통시장,3130070,뚝섬역상점가,CS100010,커피-음료,623956905,101385,6154.331557922769,성동구,37.548445,127.049101
20244,R,전통시장,3130070,뚝섬역상점가,CS300001,슈퍼마켓,519017825,42436,12230.601965312471,성동구,37.548445,127.049101
20244,R,전통시장,3130070,뚝섬역상점가,CS300002,편의점,582221659,85482,6811.043950773263,성동구,37.548445,127.049101
20244,R,전통시장,3130071,성수역 골목형상점가,CS100001,한식음식점,93000000,5565,16711.590296495957,성동구,37.546443,127.053004
20244,R,전통시장,3130072,성동용답상가시장,CS100001,한식음식점,4545813129,144457,31468.278650394233,성동구,37.563976,127.053096
20244,R,전통시장,3130072,성동용답상가시장,CS100010,커피-음료,311491383,61707,5047.910010209539,성동구,37.563976,127.053096
20244,R,전통시장,3130072,성동용답상가시장,CS300001,슈퍼마켓,2981436077,309472,9633.944515174233,성동구,37.563976,127.053096
20244,R,전통시장,3130072,성동용답상가시장,CS300002,편의점,365541718,54595,6695.516402600971,성동구,37.563976,127.053096
20244,R,전통시장,3130073,뚝도시장,CS100001,한식음식점,2544938984,54169,46981.465118425665,성동구,37.538216,127.054503
20244,R,전통시장,3130073,뚝도시장,CS100010,커피-음료,458205,8,,성동구,37.538216,127.054503
20244,R,전통시장,3130073,뚝도시장,CS300001,슈퍼마켓,3005743376,121920,24653.40695538058,성동구,37.538216,127.054503
20244,R,전통시장,3130074,영동교골목시장,CS100001,한식음식점,161544169,7335,22023.744921608726,광진구,37.538166,127.063849
20244,R,전통시장,3130074,영동교골목시장,CS300001,슈퍼마켓,26149947,5320,4915.403571428571,광진구,37.538166,127.063849
20244,R,전통시장,3130075,노룬산시장(노룬산골목시장),CS100001,한식음식점,124706492,3417,36495.90049751244,광진구,37.536679,127.064764
20244,R,전통시장,3130076,능동로골목시장,CS100001,한식음식점,1405522177,29506,47635.13105808988,광진구,37.535164,127.066935
20244,R,전통시장,3130076,능동로골목시장,CS100010,커피-음료,1914136,51,37532.07843137255,광진구,37.535164,127.066935
20244,R,전통시장,3130078,화양제일골목시장,CS100001,한식음식점,805476040,17052,47236.45554773634,광진구,37.543272,127.068855
20244,R,전통시장,3130078,화양제일골목시장,CS100010,커피-음료,31387307,6170,5087.08379254457,광진구,37.543272,127.068855
20244,R,전통시장,3130079,한아름시장,CS100001,한식음식점,225872549,4283,52736.99486341349,광진구,37.543271,127.069817
20244,R,전통시장,3130081,자양골목전통시장(자양골목시장),CS100001,한식음식점,912911858,43982,20756.48806329862,광진구,37.534264,127.079663
20244,R,전통시장,3130081,자양골목전통시장(자양골목시장),CS300001,슈퍼마켓,950532745,114699,8287.192957218458,광진구,37.534264,127.079663
20244,R,전통시장,3130082,면곡골목시장,CS100001,한식음식점,231334722,10568,21890.11373959122,광진구,37.571087,127.081264
20244,R,전통시장,3130083,"중곡제일시장(중곡제일골목시장, 광성시장)",CS100001,한식음식점,2537188456,69843,36327.02570049969,광진구,37.563816,127.081222
20244,R,전통시장,3130083,"중곡제일시장(중곡제일골목시장, 광성시장)",CS100010,커피-음료,32303495,1713,18857.84880326912,광진구,37.563816,127.081222
20244,R,전통시장,3130083,"중곡제일시장(중곡제일골목시장, 광성시장)",CS300001,슈퍼마켓,3363767856,183573,18323.870373094083,광진구,37.563816,127.081222
20244,R,전통시장,3130084,신성시장(신성골목시장),CS100001,한식음식점,716406516,18298,39152.17597551645,광진구,37.557999,127.088539
20244,R,전통시장,3130084,신성시장(신성골목시장),CS300001,슈퍼마켓,894000000,49656,18003.866602223297,광진구,37.557999,127.088539
20244,R,전통시장,3130086,서울약령시장,CS100001,한식음식점,1849651216,43116,42899.41590128955,동대문구,37.582101,127.037519
20244,R,전통시장,3130086,서울약령시장,CS100010,커피-음료,9000000,1430,6293.706293706294,동대문구,37.582101,127.037519
20244,R,전통시장,3130086,서울약령시장,CS300001,슈퍼마켓,1707491361,87585,19495.24874122281,동대문구,37.582101,127.037519
20244,R,전통시장,3130086,서울약령시장,CS300002,편의점,216053022,28141,7677.517572225578,동대문구,37.582101,127.037519
20244,R,전통시장,3130087,경동광성상가(경동시장),CS100001,한식음식점,27975917,916,30541.394104803494,동대문구,37.58129,127.039002
20244,R,전통시장,3130088,경동시장,CS100001,한식음식점,684000000,24223,28237.625397349628,동대문구,37.579037,127.039102
20244,R,전통시장,3130089,청량리수산시장,CS100001,한식음식점,356348,18,,동대문구,37.578055,127.040664
20244,R,전통시장,3130090,청량리종합시장,CS100001,한식음식점,808358381,27467,29430.16641788328,동대문구,37.579676,127.040586
20244,R,전통시장,3130091,청량종합도매시장,CS100001,한식음식점,108872537,2543,42812.637436099096,동대문구,37.582163,127.040666
20244,R,전통시장,3130091,청량종합도매시장,CS300001,슈퍼마켓,49470823,471,105033.59447983015,동대문구,37.582163,127.040666
20244,R,전통시장,3130092,청량리농수산물시장,CS100001,한식음식점,456583883,22392,20390.491380850304,동대문구,37.580767,127.040632
20244,R,전통시장,3130092,청량리농수산물시장,CS300001,슈퍼마켓,181880015,12035,15112.589530535937,동대문구,37.580767,127.040632
20244,R,전통시장,3130094,청량리청과물시장,CS100001,한식음식점,4112384674,224273,18336.51252714326,동대문구,37.579928,127.042794
20244,R,전통시장,3130094,청량리청과물시장,CS100010,커피-음료,91718110,7020,13065.257834757835,동대문구,37.579928,127.042794
20244,R,전통시장,3130094,청량리청과물시장,CS300001,슈퍼마켓,41430462,1205,34382.126141078836,동대문구,37.579928,127.042794
20244,R,전통시장,3130095,청량리전통시장,CS100001,한식음식점,5823706324,212788,27368.58433746264,동대문구,37.581901,127.043474
20244,R,전통시장,3130095,청량리전통시장,CS100010,커피-음료,53879964,2846,18931.821503865074,동대문구,37.581901,127.043474
20244,R,전통시장,3130095,청량리전통시장,CS300001,슈퍼마켓,131843856,6502,20277.430944324824,동대문구,37.581901,127.043474
20244,R,전통시장,3130095,청량리전통시장,CS300002,편의점,1020940911,147212,6935.174517023069,동대문구,37.581901,127.043474
20244,R,전통시장,3130096,동부시장,CS100001,한식음식점,674336062,28176,23932.994818285064,동대문구,37.567292,127.0526
20244,R,전통시장,3130097,답십리 건축자재시장,CS100001,한식음식점,24683313,272,90747.47426470589,동대문구,37.567913,127.054027
20244,R,전통시장,3130097,답십리 건축자재시장,CS300001,슈퍼마켓,183310612,14375,12752.042573913044,동대문구,37.567913,127.054027
20244,R,전통시장,3130098,회기시장,CS100001,한식음식점,633163246,28574,22158.719325260725,동대문구,37.591086,127.055561
20244,R,전통시장,3130098,회기시장,CS100010,커피-음료,111645172,16832,6632.911834600761,동대문구,37.591086,127.055561
20244,R,전통시장,3130098,회기시장,CS300001,슈퍼마켓,114000000,19203,5936.57241056085,동대문구,37.591086,127.055561
20244,R,전통시장,3130098,회기시장,CS300002,편의점,65229113,10761,6061.621875290401,동대문구,37.591086,127.055561
20244,R,전통시장,3130099,전농로터리시장,CS100001,한식음식점,480112223,13402,35823.92351887778,동대문구,37.577715,127.056739
20244,R,전통시장,3130099,전농로터리시장,CS100010,커피-음료,125106741,15387,8130.677909923962,동대문구,37.577715,127.056739
20244,R,전통시장,3130100,답십리시장,CS100001,한식음식점,326888624,7234,45187.810893005255,동대문구,37.573614,127.058197
20244,R,전통시장,3130100,답십리시장,CS100010,커피-음료,30326229,6078,4989.50789733465,동대문구,37.573614,127.058197
20244,R,전통시장,3130100,답십리시장,CS300001,슈퍼마켓,495000000,25104,19717.97323135755,동대문구,37.573614,127.058197
20244,R,전통시장,3130101,답십리현대시장,CS100001,한식음식점,435146906,17821,24417.648055664664,동대문구,37.567019,127.058406
20244,R,전통시장,3130101,답십리현대시장,CS300001,슈퍼마켓,252855772,16398,15419.915355531162,동대문구,37.567019,127.058406
20244,R,전통시장,3130102,이문제일시장,CS100001,한식음식점,168458754,2239,75238.38945958017,동대문구,37.604543,127.062411
20244,R,전통시장,3130103,이경시장,CS100001,한식음식점,389910373,22693,17181.966817961486,동대문구,37.594702,127.066105
20244,R,전통시장,3130103,이경시장,CS300001,슈퍼마켓,30000000,1212,24752.47524752475,동대문구,37.594702,127.066105
20244,R,전통시장,3130104,전곡시장,CS100001,한식음식점,525126879,20119,26101.042745663304,동대문구,37.577546,127.068705
20244,R,전통시장,3130104,전곡시장,CS300001,슈퍼마켓,2607459590,145708,17895.10246520438,동대문구,37.577546,127.068705
20244,R,전통시장,3130105,장미제일시장(중화동제일시장),CS100001,한식음식점,86863187,4025,21580.91602484472,중랑구,37.60467,127.07591
20244,R,전통시장,3130105,장미제일시장(중화동제일시장),CS100010,커피-음료,4610080,465,9914.150537634408,중랑구,37.60467,127.07591
20244,R,전통시장,3130106,중랑동부시장,CS100001,한식음식점,1852825203,51873,35718.48944537621,중랑구,37.592353,127.076849
20244,R,전통시장,3130106,중랑동부시장,CS100010,커피-음료,419195178,65295,6420.0195727084765,중랑구,37.592353,127.076849
20244,R,전통시장,3130106,중랑동부시장,CS300001,슈퍼마켓,182554219,24474,7459.108400751818,중랑구,37.592353,127.076849
20244,R,전통시장,3130108,태능엔터피아(태릉시장),CS100001,한식음식점,137982744,5056,27290.89082278481,중랑구,37.599263,127.077614
20244,R,전통시장,3130109,묵1동도깨비시장,CS100001,한식음식점,1627774169,27713,58736.84440515281,중랑구,37.61656,127.080532
20244,R,전통시장,3130109,묵1동도깨비시장,CS100010,커피-음료,51660986,4828,10700.287075393539,중랑구,37.61656,127.080532
20244,R,전통시장,3130109,묵1동도깨비시장,CS300001,슈퍼마켓,335835151,32020,10488.293285446596,중랑구,37.61656,127.080532
20244,R,전통시장,3130110,면목골목시장(면목시장),CS100001,한식음식점,2295794802,68765,33386.094699338326,중랑구,37.578661,127.085404
20244,R,전통시장,3130110,면목골목시장(면목시장),CS100010,커피-음료,135456887,16242,8339.91423470016,중랑구,37.578661,127.085404
20244,R,전통시장,3130110,면목골목시장(면목시장),CS300001,슈퍼마켓,1947597889,104129,18703.702993402414,중랑구,37.578661,127.085404
20244,R,전통시장,3130111,"동원전통종합시장(동원시장, 동원전통시장 상점가)",CS100001,한식음식점,8351811087,326723,25562.360430701236,중랑구,37.589893,127.090682
20244,R,전통시장,3130111,"동원전통종합시장(동원시장, 동원전통시장 상점가)",CS100010,커피-음료,162361732,37699,4306.791479880103,중랑구,37.589893,127.090682
20244,R,전통시장,3130111,"동원전통종합시장(동원시장, 동원전통시장 상점가)",CS300001,슈퍼마켓,1390605100,92653,15008.743375821614,중랑구,37.589893,127.090682
20244,R,전통시장,3130112,사가정시장,CS100001,한식음식점,1245126665,49985,24910.006301890568,중랑구,37.581279,127.090581
20244,R,전통시장,3130112,사가정시장,CS100010,커피-음료,49105379,7733,6350.107202896676,중랑구,37.581279,127.090581
20244,R,전통시장,3130112,사가정시장,CS300001,슈퍼마켓,301476082,19889,15157.930614912766,중랑구,37.581279,127.090581
20244,R,전통시장,3130113,신아타운,CS100001,한식음식점,67416957,3447,19558.154046997388,중랑구,37.606405,127.09453
20244,R,전통시장,3130113,신아타운,CS100010,커피-음료,21398574,2418,8849.699751861042,중랑구,37.606405,127.09453
20244,R,전통시장,3130113,신아타운,CS300001,슈퍼마켓,39662513,11443,3466.0939438958317,중랑구,37.606405,127.09453
20244,R,전통시장,3130115,우림골목시장,CS100001,한식음식점,3702239962,122344,30260.903370823253,중랑구,37.597951,127.097837
20244,R,전통시장,3130115,우림골목시장,CS100010,커피-음료,49538150,6166,8034.082062925721,중랑구,37.597951,127.097837
20244,R,전통시장,3130115,우림골목시장,CS300001,슈퍼마켓,2753547756,244402,11266.469816122617,중랑구,37.597951,127.097837
20244,R,전통시장,3130116,동성타워프라자,CS300001,슈퍼마켓,109843849,12014,9142.987264857666,중랑구,37.608015,127.09733
20244,R,전통시장,3130117,정릉시장,CS100001,한식음식점,1914912404,59377,32250.069959748726,성북구,37.608416,127.008924
20244,R,전통시장,3130117,정릉시장,CS100010,커피-음료,140147064,16145,8680.524248993497,성북구,37.608416,127.008924
20244,R,전통시장,3130117,정릉시장,CS300001,슈퍼마켓,309000000,12517,24686.42646001438,성북구,37.608416,127.008924
20244,R,전통시장,3130117,정릉시장,CS300002,편의점,654179485,85565,7645.409746975984,성북구,37.608416,127.008924
20244,R,전통시장,3130118,정릉골 골목형상점가,CS100001,한식음식점,421087388,7737,54425.150316660205,성북구,37.612461,127.00991
20244,R,전통시장,3130118,정릉골 골목형상점가,CS100010,커피-음료,5968741,450,13263.868888888888,성북구,37.612461,127.00991
20244,R,전통시장,3130119,정릉아리랑시장,CS100001,한식음식점,363810603,12207,29803.440894568692,성북구,37.602892,127.011993
20244,R,전통시장,3130120,돈암시장(돈암제일시장),CS100001,한식음식점,2092128787,59733,35024.67291112115,성북구,37.591837,127.015863
20244,R,전통시장,3130120,돈암시장(돈암제일시장),CS300001,슈퍼마켓,3768983532,225261,16731.62923009309,성북구,37.591837,127.015863
20244,R,전통시장,3130121,길음시장,CS100001,한식음식점,86559927,4589,18862.481368489865,성북구,37.602684,127.02189
20244,R,전통시장,3130122,밤나무골시장,CS100001,한식음식점,19563284,248,78884.20967741935,성북구,37.608798,127.035562
20244,R,전통시장,3130123,꿈의숲 장곡 골목형상점가,CS100001,한식음식점,1090646693,44985,24244.67473602312,성북구,37.617984,127.046576
20244,R,전통시장,3130125,장위전통시장,CS100001,한식음식점,275295922,13665,20146.06088547384,성북구,37.611549,127.051193
20244,R,전통시장,3130125,장위전통시장,CS300001,슈퍼마켓,101604605,8129,12499.028785828516,성북구,37.611549,127.051193
20244,R,전통시장,3130127,석관시장,CS100001,한식음식점,176709641,3710,47630.63099730458,성북구,37.608977,127.06041
20244,R,전통시장,3130128,돌곶이시장(석관황금시장),CS100001,한식음식점,248400635,11477,21643.341901193693,성북구,37.60976,127.062007
20244,R,전통시장,3130129,장미원골목시장,CS100001,한식음식점,761859156,23727,32109.375647995956,강북구,37.644995,127.014322
20244,R,전통시장,3130129,장미원골목시장,CS300001,슈퍼마켓,259322890,21085,12298.927673701684,강북구,37.644995,127.014322
20244,R,전통시장,3130131,동북프라자,CS100001,한식음식점,201243293,6266,32116.708107245453,강북구,37.620199,127.019188
20244,R,전통시장,3130132,삼양골목시장(삼양시장),CS100001,한식음식점,1071340900,34674,30897.52840745227,강북구,37.625128,127.019031
20244,R,전통시장,3130132,삼양골목시장(삼양시장),CS100010,커피-음료,110251384,24149,4565.4637459108035,강북구,37.625128,127.019031
20244,R,전통시장,3130132,삼양골목시장(삼양시장),CS300001,슈퍼마켓,1829296142,165387,11060.700913614734,강북구,37.625128,127.019031
20244,R,전통시장,3130133,우이골목시장(우이시장),CS100001,한식음식점,1524283567,39533,38557.24501049756,강북구,37.646418,127.019841
20244,R,전통시장,3130133,우이골목시장(우이시장),CS300001,슈퍼마켓,1685016885,70882,23772.140811489517,강북구,37.646418,127.019841
20244,R,전통시장,3130133,우이골목시장(우이시장),CS300002,편의점,381354029,56686,6727.48172388244,강북구,37.646418,127.019841
20244,R,전통시장,3130134,"솔샘시장(미아6,7동골목시장)",CS100001,한식음식점,1092586350,31217,34999.722907390205,강북구,37.619424,127.019709
20244,R,전통시장,3130135,수유중앙골목시장(수유중앙시장),CS100001,한식음식점,595764743,24399,24417.588548711014,강북구,37.640669,127.02121
20244,R,전통시장,3130135,수유중앙골목시장(수유중앙시장),CS100010,커피-음료,6648672,489,13596.466257668711,강북구,37.640669,127.02121
20244,R,전통시장,3130137,"수유전통시장(수유시장, 수유골목시장)",CS100001,한식음식점,1785961782,98286,18171.069959098957,강북구,37.631164,127.022635
20244,R,전통시장,3130137,"수유전통시장(수유시장, 수유골목시장)",CS100010,커피-음료,8250128,501,16467.32135728543,강북구,37.631164,127.022635
20244,R,전통시장,3130137,"수유전통시장(수유시장, 수유골목시장)",CS300001,슈퍼마켓,93928267,4686,20044.444515578318,강북구,37.631164,127.022635
20244,R,전통시장,3130139,강북종합전통시장(강북종합골목시장),CS100001,한식음식점,4281697249,92564,46256.614331705634,강북구,37.642029,127.026389
20244,R,전통시장,3130139,강북종합전통시장(강북종합골목시장),CS100010,커피-음료,73318947,7988,9178.636329494242,강북구,37.642029,127.026389
20244,R,전통시장,3130139,강북종합전통시장(강북종합골목시장),CS300001,슈퍼마켓,399772703,11348,35228.472241804724,강북구,37.642029,127.026389
20244,R,전통시장,3130139,강북종합전통시장(강북종합골목시장),CS300002,편의점,267812835,35087,7632.8222703565425,강북구,37.642029,127.026389
20244,R,전통시장,3130140,숭인시장,CS100001,한식음식점,1020931886,50915,20051.69176077777,강북구,37.613449,127.029301
20244,R,전통시장,3130140,숭인시장,CS100010,커피-음료,5988499,225,26615.551111111112,강북구,37.613449,127.029301
20244,R,전통시장,3130141,강북북부골목시장,CS100001,한식음식점,91294299,4750,19219.85242105263,강북구,37.635739,127.029876
20244,R,전통시장,3130143,방천골목시장,CS100001,한식음식점,520167240,13801,37690.54706180711,강북구,37.612745,127.033129
20244,R,전통시장,3130143,방천골목시장,CS100010,커피-음료,46290221,7264,6372.552450440528,강북구,37.612745,127.033129
20244,R,전통시장,3130145,쌍문역둘리상점가,CS100001,한식음식점,1772300085,48538,36513.66115208702,도봉구,37.646109,127.032282
20244,R,전통시장,3130145,쌍문역둘리상점가,CS300002,편의점,281811252,39827,7075.884500464509,도봉구,37.646109,127.032282
20244,R,전통시장,3130146,쌍문시장(쌍문역골목시장),CS100001,한식음식점,3034719944,105844,28671.62941687767,도봉구,37.648262,127.032328
20244,R,전통시장,3130146,쌍문시장(쌍문역골목시장),CS100010,커피-음료,300185663,51550,5823.194238603298,도봉구,37.648262,127.032328
20244,R,전통시장,3130146,쌍문시장(쌍문역골목시장),CS300001,슈퍼마켓,3197332683,303885,10521.521901377166,도봉구,37.648262,127.032328
20244,R,전통시장,3130146,쌍문시장(쌍문역골목시장),CS300002,편의점,114451196,12293,9310.273814365899,도봉구,37.648262,127.032328
20244,R,전통시장,3130147,쌍문역동측상점가,CS100001,한식음식점,2167399435,53374,40607.77597706749,도봉구,37.646802,127.035002
20244,R,전통시장,3130147,쌍문역동측상점가,CS100010,커피-음료,55841208,7295,7654.723509252913,도봉구,37.646802,127.035002
20244,R,전통시장,3130147,쌍문역동측상점가,CS300001,슈퍼마켓,1152819367,70620,16324.261781365052,도봉구,37.646802,127.035002
20244,R,전통시장,3130148,방학동도깨비시장,CS100001,한식음식점,835599885,40783,20488.926390898167,도봉구,37.665173,127.03526
20244,R,전통시장,3130148,방학동도깨비시장,CS100010,커피-음료,172402453,39222,4395.554867166386,도봉구,37.665173,127.03526
20244,R,전통시장,3130148,방학동도깨비시장,CS300001,슈퍼마켓,21838725,1405,15543.576512455516,도봉구,37.665173,127.03526
20244,R,전통시장,3130149,창동신창시장,CS100001,한식음식점,962537419,42562,22614.948052253185,도봉구,37.639719,127.037197
20244,R,전통시장,3130149,창동신창시장,CS100010,커피-음료,32886816,4833,6804.638112973308,도봉구,37.639719,127.037197
20244,R,전통시장,3130149,창동신창시장,CS300001,슈퍼마켓,727980787,54329,13399.488063465184,도봉구,37.639719,127.037197
20244,R,전통시장,3130150,창동골목시장,CS100001,한식음식점,1304264918,50310,25924.56605048698,도봉구,37.638565,127.039179
20244,R,전통시장,3130150,창동골목시장,CS100010,커피-음료,8941927,2304,3881.0447048611113,도봉구,37.638565,127.039179
20244,R,전통시장,3130150,창동골목시장,CS300001,슈퍼마켓,1488268370,155401,9576.954910200064,도봉구,37.638565,127.039179
20244,R,전통시장,3130151,신도봉시장,CS100001,한식음식점,203887677,4103,49692.341457470146,도봉구,37.67027,127.041621
20244,R,전통시장,3130151,신도봉시장,CS300001,슈퍼마켓,1281000000,63901,20046.634637955587,도봉구,37.67027,127.041621
20244,R,전통시장,3130152,오!도봉거리 상점가,CS100001,한식음식점,118437831,7030,16847.486628733997,도봉구,37.673008,127.04593
20244,R,전통시장,3130152,오!도봉거리 상점가,CS100010,커피-음료,5106172,685,7454.265693430657,도봉구,37.673008,127.04593
20244,R,전통시장,3130153,창동역상점가,CS100001,한식음식점,4424789006,106308,41622.35209015314,도봉구,37.652914,127.049295
20244,R,전통시장,3130153,창동역상점가,CS100010,커피-음료,192537031,44387,4337.689661387343,도봉구,37.652914,127.049295
20244,R,전통시장,3130153,창동역상점가,CS300002,편의점,1321732622,230828,5726.0497946522955,도봉구,37.652914,127.049295
20244,R,전통시장,3130154,상계주공1단지(가)상가,CS100001,한식음식점,17426413,1071,16271.160597572361,노원구,37.646909,127.059477
20244,R,전통시장,3130154,상계주공1단지(가)상가,CS300001,슈퍼마켓,218894579,28506,7678.894934399776,노원구,37.646909,127.059477
20244,R,전통시장,3130157,상계중앙시장,CS100001,한식음식점,821875544,32023,25665.163913437216,노원구,37.65958,127.070311
20244,R,전통시장,3130157,상계중앙시장,CS300001,슈퍼마켓,1157152662,88712,13043.924857967355,노원구,37.65958,127.070311
20244,R,전통시장,3130159,공릉동 도깨비시장,CS100001,한식음식점,1087595237,45204,24059.712348464738,노원구,37.62233,127.075962
20244,R,전통시장,3130159,공릉동 도깨비시장,CS100010,커피-음료,12915461,1146,11270.035776614312,노원구,37.62233,127.075962
20244,R,전통시장,3130159,공릉동 도깨비시장,CS300001,슈퍼마켓,696796624,42497,16396.372073322822,노원구,37.62233,127.075962
20244,R,전통시장,3130160,수일시장,CS100001,한식음식점,683242005,9047,75521.38885818503,은평구,37.583151,126.895083
20244,R,전통시장,3130161,증산종합시장,CS100001,한식음식점,424421419,18288,23207.645395888016,은평구,37.581691,126.905252
20244,R,전통시장,3130163,응암오거리상점가,CS100001,한식음식점,2810050441,48018,58520.772231246614,은평구,37.589006,126.915773
20244,R,전통시장,3130163,응암오거리상점가,CS100010,커피-음료,30815494,4822,6390.604313562837,은평구,37.589006,126.915773
20244,R,전통시장,3130163,응암오거리상점가,CS300001,슈퍼마켓,99132242,13581,7299.333038804211,은평구,37.589006,126.915773
20244,R,전통시장,3130163,응암오거리상점가,CS300002,편의점,1286923797,164778,7810.046225831118,은평구,37.589006,126.915773
20244,R,전통시장,3130165,"대림골목시장(대림시장, 양지시장)",CS100001,한식음식점,1371898126,49262,27849.013966140228,은평구,37.586961,126.917371
20244,R,전통시장,3130165,"대림골목시장(대림시장, 양지시장)",CS300001,슈퍼마켓,1713000000,82330,20806.510385035832,은평구,37.586961,126.917371
20244,R,전통시장,3130166,응암시장(신응암시장),CS100001,한식음식점,343353806,8716,39393.50688389169,은평구,37.594242,126.918597
20244,R,전통시장,3130166,응암시장(신응암시장),CS100010,커피-음료,5505939,277,19877.03610108303,은평구,37.594242,126.918597
20244,R,전통시장,3130167,연신내상점가(연빛거리),CS100001,한식음식점,10297023052,229946,44780.17905073365,은평구,37.620011,126.918909
20244,R,전통시장,3130167,연신내상점가(연빛거리),CS100010,커피-음료,769871019,89849,8568.498469654643,은평구,37.620011,126.918909
20244,R,전통시장,3130167,연신내상점가(연빛거리),CS300001,슈퍼마켓,1337048838,116495,11477.306648354006,은평구,37.620011,126.918909
20244,R,전통시장,3130167,연신내상점가(연빛거리),CS300002,편의점,934890125,142490,6561.092883711138,은평구,37.620011,126.918909
20244,R,전통시장,3130168,연서시장,CS100001,한식음식점,2538232491,117744,21557.21302996331,은평구,37.619661,126.921866
20244,R,전통시장,3130168,연서시장,CS300001,슈퍼마켓,1799788550,115558,15574.76375499749,은평구,37.619661,126.921866
20244,R,전통시장,3130169,대조시장,CS100001,한식음식점,709251820,36266,19556.935421607013,은평구,37.609483,126.926611
20244,R,전통시장,3130169,대조시장,CS100010,커피-음료,21034586,2157,9751.778395920259,은평구,37.609483,126.926611
20244,R,전통시장,3130169,대조시장,CS300001,슈퍼마켓,769303827,98375,7820.115141041932,은평구,37.609483,126.926611
20244,R,전통시장,3130170,제일시장,CS100001,한식음식점,436569326,28143,15512.536900827914,은평구,37.609999,126.929294
20244,R,전통시장,3130170,제일시장,CS100010,커피-음료,384904261,65826,5847.298347157658,은평구,37.609999,126.929294
20244,R,전통시장,3130170,제일시장,CS300001,슈퍼마켓,655281598,45024,14554.051128287136,은평구,37.609999,126.929294
20244,R,전통시장,3130171,불광먹자골목 골목형상점가,CS100001,한식음식점,4732530256,92306,51270.01772365827,은평구,37.610423,126.931106
20244,R,전통시장,3130171,불광먹자골목 골목형상점가,CS100010,커피-음료,109966586,9210,11939.911617806732,은평구,37.610423,126.931106
20244,R,전통시장,3130171,불광먹자골목 골목형상점가,CS300002,편의점,267110751,38465,6944.254543091121,은평구,37.610423,126.931106
20244,R,전통시장,3130172,모래내시장(서중시장),CS100001,한식음식점,1198875438,36299,33027.78142648558,서대문구,37.570057,126.915171
20244,R,전통시장,3130172,모래내시장(서중시장),CS300001,슈퍼마켓,23819685,891,26733.6531986532,서대문구,37.570057,126.915171
20244,R,전통시장,3130173,백련시장,CS100001,한식음식점,142276379,5994,23736.466299632968,서대문구,37.576964,126.923099
20244,R,전통시장,3130174,연희사러가,CS300001,슈퍼마켓,1086000000,38593,28139.81810172829,서대문구,37.56713,126.929674
20244,R,전통시장,3130175,신촌 상인회(신촌상점가),CS100001,한식음식점,339019944,24208,14004.459021810972,서대문구,37.556484,126.937188
20244,R,전통시장,3130175,신촌 상인회(신촌상점가),CS100010,커피-음료,325019301,42766,7599.946242342047,서대문구,37.556484,126.937188
20244,R,전통시장,3130176,유진상가,CS100001,한식음식점,552545075,10624,52009.13733057229,서대문구,37.591599,126.942888
20244,R,전통시장,3130177,인왕시장(홍제골목형상점가),CS100001,한식음식점,2931210456,115787,25315.540224722983,서대문구,37.590878,126.943262
20244,R,전통시장,3130177,인왕시장(홍제골목형상점가),CS300001,슈퍼마켓,401750186,29502,13617.727137143245,서대문구,37.590878,126.943262
20244,R,전통시장,3130178,이대 앞 스타트업 상점가,CS100001,한식음식점,84874645,4460,19030.18946188341,서대문구,37.559389,126.944746
20244,R,전통시장,3130178,이대 앞 스타트업 상점가,CS100010,커피-음료,130082481,25491,5103.07484994704,서대문구,37.559389,126.944746
20244,R,전통시장,3130179,"이화여대 3,5,7길 상점가",CS100001,한식음식점,2173578286,96789,22456.87305375611,서대문구,37.558218,126.945007
20244,R,전통시장,3130179,"이화여대 3,5,7길 상점가",CS100010,커피-음료,1882623029,286864,6562.7720069440575,서대문구,37.558218,126.945007
20244,R,전통시장,3130179,"이화여대 3,5,7길 상점가",CS300001,슈퍼마켓,826069605,81516,10133.833909907258,서대문구,37.558218,126.945007
20244,R,전통시장,3130179,"이화여대 3,5,7길 상점가",CS300002,편의점,138453132,25041,5529.05762549419,서대문구,37.558218,126.945007
20244,R,전통시장,3130180,포방터시장,CS100001,한식음식점,466078364,13755,33884.28673209742,서대문구,37.598917,126.94885
20244,R,전통시장,3130181,아현가구거리상점가,CS100001,한식음식점,584207116,9964,58631.78602970694,서대문구,37.558079,126.958713
20244,R,전통시장,3130181,아현가구거리상점가,CS100010,커피-음료,4245808,648,6552.172839506173,서대문구,37.558079,126.958713
20244,R,전통시장,3130182,영천시장,CS100001,한식음식점,1326031059,50844,26080.384293131934,서대문구,37.570757,126.960902
20244,R,전통시장,3130183,상암동상점가,CS100001,한식음식점,11186636625,204829,54614.51564475733,마포구,37.576934,126.895636
20244,R,전통시장,3130183,상암동상점가,CS100010,커피-음료,1780976288,152903,11647.752418199774,마포구,37.576934,126.895636
20244,R,전통시장,3130183,상암동상점가,CS300001,슈퍼마켓,511061105,76954,6641.124632897575,마포구,37.576934,126.895636
20244,R,전통시장,3130184,마포농수산물시장,CS100010,커피-음료,237758057,21568,11023.648785237388,마포구,37.563664,126.896944
20244,R,전통시장,3130185,망원월드컵시장,CS100001,한식음식점,188739345,7708,24486.163077322264,마포구,37.558112,126.905429
20244,R,전통시장,3130185,망원월드컵시장,CS100010,커피-음료,44078524,5836,7552.865661411926,마포구,37.558112,126.905429
20244,R,전통시장,3130185,망원월드컵시장,CS300002,편의점,507960609,23437,21673.448350898154,마포구,37.558112,126.905429
20244,R,전통시장,3130186,망원시장,CS100001,한식음식점,576753450,38272,15069.853940217392,마포구,37.556338,126.906778
20244,R,전통시장,3130186,망원시장,CS100010,커피-음료,91825561,6797,13509.719140797411,마포구,37.556338,126.906778
20244,R,전통시장,3130189,서교시장,CS100001,한식음식점,400949635,7747,51755.47115012263,마포구,37.553384,126.921528
20244,R,전통시장,3130189,서교시장,CS300001,슈퍼마켓,18935010,4678,4047.6720820863616,마포구,37.553384,126.921528
20244,R,전통시장,3130190,홍대소상공인상점가,CS100001,한식음식점,2766383251,63599,43497.27591628799,마포구,37.552871,126.921732
20244,R,전통시장,3130190,홍대소상공인상점가,CS100010,커피-음료,2798061815,194764,14366.422003039575,마포구,37.552871,126.921732
20244,R,전통시장,3130190,홍대소상공인상점가,CS300001,슈퍼마켓,162618683,5883,27642.13547509774,마포구,37.552871,126.921732
20244,R,전통시장,3130191,홍대 걷고싶은 거리,CS100001,한식음식점,8366386438,236143,35429.32222424548,마포구,37.555927,126.925169
20244,R,전통시장,3130191,홍대 걷고싶은 거리,CS100010,커피-음료,2984322428,324646,9192.54334875526,마포구,37.555927,126.925169
20244,R,전통시장,3130191,홍대 걷고싶은 거리,CS300001,슈퍼마켓,1997173975,105203,18984.002119711415,마포구,37.555927,126.925169
20244,R,전통시장,3130191,홍대 걷고싶은 거리,CS300002,편의점,1555089510,294029,5288.898407980165,마포구,37.555927,126.925169
20244,R,전통시장,3130192,동진시장,CS100010,커피-음료,5282514,495,10671.745454545455,마포구,37.562289,126.926861
20244,R,전통시장,3130194,용강동 상점가,CS100001,한식음식점,9169413107,112955,81177.57608782258,마포구,37.54098,126.942021
20244,R,전통시장,3130194,용강동 상점가,CS100010,커피-음료,49748297,6630,7503.513876319758,마포구,37.54098,126.942021
20244,R,전통시장,3130195,도화동 상점가,CS100001,한식음식점,15399549968,251424,61249.32372406771,마포구,37.540155,126.949365
20244,R,전통시장,3130195,도화동 상점가,CS100010,커피-음료,1710358856,331865,5153.778964337908,마포구,37.540155,126.949365
20244,R,전통시장,3130195,도화동 상점가,CS300001,슈퍼마켓,298173225,37188,8017.995724427235,마포구,37.540155,126.949365
20244,R,전통시장,3130195,도화동 상점가,CS300002,편의점,290041391,43571,6656.753138555461,마포구,37.540155,126.949365
20244,R,전통시장,3130196,공덕시장,CS100001,한식음식점,1441414410,32677,44110.977445909964,마포구,37.544562,126.952915
20244,R,전통시장,3130196,공덕시장,CS100010,커피-음료,113000439,24890,4539.99353153877,마포구,37.544562,126.952915
20244,R,전통시장,3130197,마포시장,CS100001,한식음식점,3813525981,85447,44630.30862405936,마포구,37.545031,126.953492
20244,R,전통시장,3130197,마포시장,CS300001,슈퍼마켓,1752580456,98440,17803.539780577,마포구,37.545031,126.953492
20244,R,전통시장,3130198,아현시장,CS100001,한식음식점,901661853,29419,30648.963357014174,마포구,37.556402,126.954379
20244,R,전통시장,3130198,아현시장,CS300001,슈퍼마켓,1085682866,91969,11804.878448172754,마포구,37.556402,126.954379
20244,R,전통시장,3130199,신월3동 골목시장,CS300001,슈퍼마켓,372215757,33447,11128.52444165396,양천구,37.533767,126.826148
20244,R,전통시장,3130200,"신월7동 골목시장(약수시장, 우성상가)",CS100001,한식음식점,88430455,2387,37046.69250104734,양천구,37.522992,126.833176
20244,R,전통시장,3130200,"신월7동 골목시장(약수시장, 우성상가)",CS300001,슈퍼마켓,288000000,11850,24303.79746835443,양천구,37.522992,126.833176
20244,R,전통시장,3130201,월정로시장,CS100001,한식음식점,272316762,4635,58752.267961165046,양천구,37.532985,126.834138
20244,R,전통시장,3130201,월정로시장,CS300001,슈퍼마켓,1092270874,82926,13171.633432216675,양천구,37.532985,126.834138
20244,R,전통시장,3130202,신영시장,CS100001,한식음식점,584985904,22978,25458.521368265297,양천구,37.532979,126.835767
20244,R,전통시장,3130202,신영시장,CS100010,커피-음료,35671291,7961,4480.7550558975,양천구,37.532979,126.835767
20244,R,전통시장,3130202,신영시장,CS300001,슈퍼마켓,1320420387,131012,10078.621706408574,양천구,37.532979,126.835767
20244,R,전통시장,3130203,서서울 골목형상점가,CS100001,한식음식점,348848434,13928,25046.556145893166,양천구,37.530728,126.837175
20244,R,전통시장,3130203,서서울 골목형상점가,CS100010,커피-음료,5145137,649,7927.791987673344,양천구,37.530728,126.837175
20244,R,전통시장,3130204,경창시장,CS100001,한식음식점,455049683,16466,27635.71498846107,양천구,37.524527,126.842041
20244,R,전통시장,3130204,경창시장,CS100010,커피-음료,68550494,14678,4670.2884589181085,양천구,37.524527,126.842041
20244,R,전통시장,3130205,신곡종합시장(신월6동 골목시장),CS100001,한식음식점,412588180,7658,53876.75372159833,양천구,37.518067,126.84253
20244,R,전통시장,3130205,신곡종합시장(신월6동 골목시장),CS100010,커피-음료,54160689,10947,4947.537133461222,양천구,37.518067,126.84253
20244,R,전통시장,3130205,신곡종합시장(신월6동 골목시장),CS300001,슈퍼마켓,970909442,59880,16214.252538410154,양천구,37.518067,126.84253
20244,R,전통시장,3130206,신정3동 골목시장,CS100001,한식음식점,323995858,10547,30719.243197117663,양천구,37.518558,126.853196
20244,R,전통시장,3130207,신정1동 골목시장(신정제일시장),CS100001,한식음식점,643105335,13199,48723.792332752484,양천구,37.520911,126.854311
20244,R,전통시장,3130208,목동깨비시장(목3동시장),CS100001,한식음식점,2049698463,63902,32075.654330067915,양천구,37.548612,126.864917
20244,R,전통시장,3130208,목동깨비시장(목3동시장),CS100010,커피-음료,90558367,19928,4544.277749899638,양천구,37.548612,126.864917
20244,R,전통시장,3130208,목동깨비시장(목3동시장),CS300001,슈퍼마켓,1306474713,118086,11063.756186169401,양천구,37.548612,126.864917
20244,R,전통시장,3130209,목사랑시장(목4동시장),CS100001,한식음식점,701445676,45821,15308.388642762053,양천구,37.537937,126.866441
20244,R,전통시장,3130209,목사랑시장(목4동시장),CS100010,커피-음료,4696352,665,7062.183458646617,양천구,37.537937,126.866441
20244,R,전통시장,3130210,목2동시장,CS100001,한식음식점,3725531077,77113,48312.620141869724,양천구,37.546287,126.873284
20244,R,전통시장,3130210,목2동시장,CS100010,커피-음료,79293583,16332,4855.105498408033,양천구,37.546287,126.873284
20244,R,전통시장,3130210,목2동시장,CS300002,편의점,463045874,79453,5827.921840585,양천구,37.546287,126.873284
20244,R,전통시장,3130211,신정2동 골목시장(오목교중앙시장),CS100001,한식음식점,43533856,2663,16347.674051821254,양천구,37.520522,126.876212
20244,R,전통시장,3130212,공항시장,CS100001,한식음식점,479983504,19286,24887.66483459504,강서구,37.563058,126.808638
20244,R,전통시장,3130213,방신전통시장,CS100001,한식음식점,223672143,14368,15567.381890311804,강서구,37.571632,126.812352
20244,R,전통시장,3130214,송화벽화시장(송화골목시장),CS100001,한식음식점,1302024731,48126,27054.497174084696,강서구,37.549349,126.83555
20244,R,전통시장,3130214,송화벽화시장(송화골목시장),CS100010,커피-음료,154968878,28498,5437.886097269984,강서구,37.549349,126.83555
20244,R,전통시장,3130214,송화벽화시장(송화골목시장),CS300001,슈퍼마켓,1734151696,110133,15745.977100414953,강서구,37.549349,126.83555
20244,R,전통시장,3130214,송화벽화시장(송화골목시장),CS300002,편의점,253426348,51385,4931.912970711297,강서구,37.549349,126.83555
20244,R,전통시장,3130216,화곡중앙시장,CS100001,한식음식점,251107637,8511,29503.893432029137,강서구,37.53456,126.839146
20244,R,전통시장,3130216,화곡중앙시장,CS100010,커피-음료,131541736,31652,4155.8743839251865,강서구,37.53456,126.839146
20244,R,전통시장,3130216,화곡중앙시장,CS300001,슈퍼마켓,115971727,17246,6724.557984460164,강서구,37.53456,126.839146
20244,R,전통시장,3130217,화곡본동시장,CS100001,한식음식점,2131628991,57546,37042.174799291,강서구,37.54336,126.84388
20244,R,전통시장,3130218,신월중앙시장,CS100001,한식음식점,1002869828,21308,47065.41336587197,강서구,37.558858,126.844323
20244,R,전통시장,3130219,까치산시장,CS100001,한식음식점,2553721235,148602,17184.972173994967,강서구,37.532651,126.847161
20244,R,전통시장,3130219,까치산시장,CS100010,커피-음료,150311004,33369,4504.510293985436,강서구,37.532651,126.847161
20244,R,전통시장,3130219,까치산시장,CS300001,슈퍼마켓,1730670415,145208,11918.561064128698,강서구,37.532651,126.847161
20244,R,전통시장,3130220,등마루시장,CS100001,한식음식점,386790798,10757,35957.12540671191,강서구,37.556823,126.859493
20244,R,전통시장,3130221,"남부골목시장(남부화곡시장, 남부시장)",CS100001,한식음식점,1197535894,53528,22372.139702585562,강서구,37.533074,126.860771
20244,R,전통시장,3130221,"남부골목시장(남부화곡시장, 남부시장)",CS100010,커피-음료,130677274,12538,10422.49752751635,강서구,37.533074,126.860771
20244,R,전통시장,3130221,"남부골목시장(남부화곡시장, 남부시장)",CS300001,슈퍼마켓,2783716659,230238,12090.604761160192,강서구,37.533074,126.860771
20244,R,전통시장,3130222,오류시장,CS100001,한식음식점,238926634,10567,22610.640105990347,구로구,37.496552,126.843209
20244,R,전통시장,3130223,고척근린시장,CS100001,한식음식점,1247344670,52017,23979.55802910587,구로구,37.502129,126.849824
20244,R,전통시장,3130225,개봉중앙시장,CS100001,한식음식점,1508632411,42962,35115.50698291513,구로구,37.491422,126.854685
20244,R,전통시장,3130225,개봉중앙시장,CS100010,커피-음료,193420334,32361,5976.957881400451,구로구,37.491422,126.854685
20244,R,전통시장,3130225,개봉중앙시장,CS300001,슈퍼마켓,2924289636,172841,16918.958094433612,구로구,37.491422,126.854685
20244,R,전통시장,3130225,개봉중앙시장,CS300002,편의점,299580682,48517,6174.756930560422,구로구,37.491422,126.854685
20244,R,전통시장,3130227,고척골목시장상점가(그라운드 고척),CS100001,한식음식점,481247728,19666,24471.052984846945,구로구,37.503317,126.863744
20244,R,전통시장,3130227,고척골목시장상점가(그라운드 고척),CS100010,커피-음료,45350685,11298,4014.045406266596,구로구,37.503317,126.863744
20244,R,전통시장,3130227,고척골목시장상점가(그라운드 고척),CS300001,슈퍼마켓,288042382,15798,18232.838460564628,구로구,37.503317,126.863744
20244,R,전통시장,3130228,구로시장,CS100001,한식음식점,375293184,12818,29278.606958963956,구로구,37.488942,126.88548
20244,R,전통시장,3130228,구로시장,CS100010,커피-음료,25938644,2882,9000.22345593338,구로구,37.488942,126.88548
20244,R,전통시장,3130228,구로시장,CS300001,슈퍼마켓,344286155,13877,24809.840383368162,구로구,37.488942,126.88548
20244,R,전통시장,3130229,남구로시장,CS100001,한식음식점,628728832,37494,16768.785192297433,구로구,37.490078,126.886541
20244,R,전통시장,3130229,남구로시장,CS100010,커피-음료,1338980,188,7122.234042553191,구로구,37.490078,126.886541
20244,R,전통시장,3130229,남구로시장,CS300001,슈퍼마켓,3109032442,203121,15306.307284820377,구로구,37.490078,126.886541
20244,R,전통시장,3130230,가리봉시장,CS100001,한식음식점,55005639,677,81249.09748892172,구로구,37.481647,126.889211
20244,R,전통시장,3130230,가리봉시장,CS300001,슈퍼마켓,299204914,15827,18904.714348897454,구로구,37.481647,126.889211
20244,R,전통시장,3130231,독산동 우시장,CS100001,한식음식점,3063953320,59629,51383.610659242986,금천구,37.466706,126.896535
20244,R,전통시장,3130231,독산동 우시장,CS300001,슈퍼마켓,31162440,450,69249.86666666667,금천구,37.466706,126.896535
20244,R,전통시장,3130232,독산동 맛나는거리상점가(독산동 맛나는거리),CS100001,한식음식점,1406842623,25034,56197.276623791644,금천구,37.46925,126.900251
20244,R,전통시장,3130232,독산동 맛나는거리상점가(독산동 맛나는거리),CS300001,슈퍼마켓,1252099609,145187,8624.047669557192,금천구,37.46925,126.900251
20244,R,전통시장,3130233,남문시장,CS100001,한식음식점,357542082,14677,24360.706002589086,금천구,37.4739,126.901047
20244,R,전통시장,3130233,남문시장,CS300001,슈퍼마켓,519718964,38936,13348.031744401069,금천구,37.4739,126.901047
20244,R,전통시장,3130235,대명여울빛거리시장(대명시장),CS100001,한식음식점,4101158332,89339,45905.57687012391,금천구,37.453565,126.902148
20244,R,전통시장,3130235,대명여울빛거리시장(대명시장),CS100010,커피-음료,370644655,45212,8197.92654604972,금천구,37.453565,126.902148
20244,R,전통시장,3130236,비단길현대시장(현대시장),CS100001,한식음식점,795668121,42530,18708.3969198213,금천구,37.457098,126.902844
20244,R,전통시장,3130236,비단길현대시장(현대시장),CS100010,커피-음료,214791333,40765,5269.013442904452,금천구,37.457098,126.902844
20244,R,전통시장,3130236,비단길현대시장(현대시장),CS300001,슈퍼마켓,2915015686,251797,11576.848358002677,금천구,37.457098,126.902844
20244,R,전통시장,3130236,비단길현대시장(현대시장),CS300002,편의점,212719406,32212,6603.7317148888615,금천구,37.457098,126.902844
20244,R,전통시장,3130238,은행나무시장,CS100001,한식음식점,499456450,18393,27154.702876094165,금천구,37.451724,126.909869
20244,R,전통시장,3130238,은행나무시장,CS100010,커피-음료,38971225,9732,4004.441533086724,금천구,37.451724,126.909869
20244,R,전통시장,3130238,은행나무시장,CS300001,슈퍼마켓,199201640,21796,9139.366856303908,금천구,37.451724,126.909869
20244,R,전통시장,3130240,영등포유통상가,CS100001,한식음식점,1783699110,47088,37880.12041284404,영등포구,37.522603,126.89415
20244,R,전통시장,3130240,영등포유통상가,CS100010,커피-음료,151375479,29465,5137.467469879518,영등포구,37.522603,126.89415
20244,R,전통시장,3130240,영등포유통상가,CS300001,슈퍼마켓,1266900486,86024,14727.291058309309,영등포구,37.522603,126.89415
20244,R,전통시장,3130240,영등포유통상가,CS300002,편의점,269409680,38910,6923.91878694423,영등포구,37.522603,126.89415
20244,R,전통시장,3130241,선유도역 골목형상점가,CS100001,한식음식점,5906418321,119098,49592.92617004484,영등포구,37.535678,126.895636
20244,R,전통시장,3130241,선유도역 골목형상점가,CS100010,커피-음료,312614099,44881,6965.39959002696,영등포구,37.535678,126.895636
20244,R,전통시장,3130241,선유도역 골목형상점가,CS300002,편의점,445386153,65992,6749.093117347557,영등포구,37.535678,126.895636
20244,R,전통시장,3130242,대림중앙 골목형상점가,CS300001,슈퍼마켓,2722074711,188843,14414.485636216328,영등포구,37.48872,126.898461
20244,R,전통시장,3130243,도림시장,CS100001,한식음식점,27000000,564,47872.34042553192,영등포구,37.509812,126.8985
20244,R,전통시장,3130244,대림중앙시장,CS100001,한식음식점,294824479,6278,46961.52899012424,영등포구,37.490991,126.899453
20244,R,전통시장,3130244,대림중앙시장,CS300001,슈퍼마켓,3072756901,215954,14228.756591681562,영등포구,37.490991,126.899453
20244,R,전통시장,3130246,영등포청과시장(조광시장),CS100001,한식음식점,795129769,25235,31509.00610263523,영등포구,37.521663,126.901131
20244,R,전통시장,3130246,영등포청과시장(조광시장),CS100010,커피-음료,82416722,10790,7638.250417052826,영등포구,37.521663,126.901131
20244,R,전통시장,3130246,영등포청과시장(조광시장),CS300001,슈퍼마켓,159000000,22023,7219.724833129001,영등포구,37.521663,126.901131
20244,R,전통시장,3130246,영등포청과시장(조광시장),CS300002,편의점,121639295,18936,6423.705904098015,영등포구,37.521663,126.901131
20244,R,전통시장,3130247,우리시장,CS100001,한식음식점,120327238,2997,40149.22856189523,영등포구,37.496753,126.904884
20244,R,전통시장,3130247,우리시장,CS300001,슈퍼마켓,514247795,47998,10713.942143422642,영등포구,37.496753,126.904884
20244,R,전통시장,3130248,영등포역지하도상점가,CS100001,한식음식점,429003121,14813,28961.258421656654,영등포구,37.514304,126.904591
20244,R,전통시장,3130248,영등포역지하도상점가,CS100010,커피-음료,388138463,58843,6596.17053855174,영등포구,37.514304,126.904591
20244,R,전통시장,3130248,영등포역지하도상점가,CS300001,슈퍼마켓,16506919850,2535665,6509.897738857459,영등포구,37.514304,126.904591
20244,R,전통시장,3130248,영등포역지하도상점가,CS300002,편의점,702015742,128600,5458.90934681182,영등포구,37.514304,126.904591
20244,R,전통시장,3130249,동남상가,CS100001,한식음식점,153498758,5265,29154.55992402659,영등포구,37.520594,126.905646
20244,R,전통시장,3130249,동남상가,CS300001,슈퍼마켓,174363837,1316,132495.3168693009,영등포구,37.520594,126.905646
20244,R,전통시장,3130250,삼구시장(로타리상가),CS100001,한식음식점,329336352,9526,34572.365315977324,영등포구,37.52009,126.905635
20244,R,전통시장,3130250,삼구시장(로타리상가),CS100010,커피-음료,5794701,259,22373.362934362933,영등포구,37.52009,126.905635
20244,R,전통시장,3130253,영신상가(제일상가),CS100001,한식음식점,186403150,7508,24827.270911028238,영등포구,37.519874,126.906631
20244,R,전통시장,3130255,영등포전통시장,CS100001,한식음식점,1429751891,54197,26380.6463641899,영등포구,37.521065,126.908202
20244,R,전통시장,3130256,신동시장,CS100001,한식음식점,13311230,429,31028.508158508157,영등포구,37.506109,126.908752
20244,R,전통시장,3130257,영등포시장기계공구상가,CS100001,한식음식점,297139367,3688,80569.24267895879,영등포구,37.51948,126.910059
20244,R,전통시장,3130257,영등포시장기계공구상가,CS100010,커피-음료,47348133,12069,3923.1198110862542,영등포구,37.51948,126.910059
20244,R,전통시장,3130258,영진시장A동,CS100001,한식음식점,25306176,973,26008.40287769784,영등포구,37.500392,126.915951
20244,R,전통시장,3130258,영진시장A동,CS100010,커피-음료,2309771,554,4169.2617328519855,영등포구,37.500392,126.915951
20244,R,전통시장,3130258,영진시장A동,CS300001,슈퍼마켓,3774000000,193621,19491.687368622206,영등포구,37.500392,126.915951
20244,R,전통시장,3130260,신대방1동골목상권,CS100001,한식음식점,853312746,26832,31802.05523255814,동작구,37.49026,126.908873
20244,R,전통시장,3130260,신대방1동골목상권,CS100010,커피-음료,194922389,46954,4151.347893683179,동작구,37.49026,126.908873
20244,R,전통시장,3130260,신대방1동골목상권,CS300001,슈퍼마켓,600000000,104828,5723.661617125195,동작구,37.49026,126.908873
20244,R,전통시장,3130261,성대전통시장(성대시장),CS100001,한식음식점,1860210830,87727,21204.541703238454,동작구,37.499123,126.931061
20244,R,전통시장,3130261,성대전통시장(성대시장),CS100010,커피-음료,281035638,66940,4198.321452046609,동작구,37.499123,126.931061
20244,R,전통시장,3130261,성대전통시장(성대시장),CS300002,편의점,370624690,52208,7099.001877106957,동작구,37.499123,126.931061
20244,R,전통시장,3130262,상도도깨비 골목형상점가,CS100001,한식음식점,357622964,8429,42427.68584648238,동작구,37.503406,126.937142
20244,R,전통시장,3130263,신노량진시장(기능상실),CS100001,한식음식점,127166891,4410,28836.02970521542,동작구,37.508642,126.939479
20244,R,전통시장,3130264,상도약수골목형상점가,CS100001,한식음식점,216606640,7556,28666.839597670725,동작구,37.496715,126.943989
20244,R,전통시장,3130264,상도약수골목형상점가,CS100010,커피-음료,30609099,6149,4977.898682712636,동작구,37.496715,126.943989
20244,R,전통시장,3130265,노량진중앙시장,CS100001,한식음식점,989773128,43126,22950.72874831888,동작구,37.512474,126.944622
20244,R,전통시장,3130265,노량진중앙시장,CS100010,커피-음료,187260087,53890,3474.8578029318983,동작구,37.512474,126.944622
20244,R,전통시장,3130265,노량진중앙시장,CS300001,슈퍼마켓,561934063,105169,5343.153048902243,동작구,37.512474,126.944622
20244,R,전통시장,3130266,만양로상점가,CS100001,한식음식점,2206445586,67894,32498.388458479396,동작구,37.511591,126.944758
20244,R,전통시장,3130267,본동인정시장(기능상실),CS100001,한식음식점,44277324,1204,36775.186046511626,동작구,37.51181,126.951081
20244,R,전통시장,3130268,상도전통시장,CS100001,한식음식점,2043498617,65388,31251.89051507922,동작구,37.499214,126.952084
20244,R,전통시장,3130268,상도전통시장,CS100010,커피-음료,158913432,4969,31980.968404105453,동작구,37.499214,126.952084
20244,R,전통시장,3130268,상도전통시장,CS300001,슈퍼마켓,477727999,52425,9112.598931807344,동작구,37.499214,126.952084
20244,R,전통시장,3130269,강남시장(동작구 강남시장),CS100001,한식음식점,280638070,4145,67705.20386007238,동작구,37.496935,126.953398
20244,R,전통시장,3130270,흑석시장,CS100001,한식음식점,361352155,19058,18960.65458075349,동작구,37.506868,126.962881
20244,R,전통시장,3130271,남성역골목시장,CS100001,한식음식점,724549965,21698,33392.476956401515,동작구,37.483471,126.972457
20244,R,전통시장,3130271,남성역골목시장,CS300001,슈퍼마켓,3139877371,276499,11355.83626342229,동작구,37.483471,126.972457
20244,R,전통시장,3130271,남성역골목시장,CS300002,편의점,39000000,5930,6576.7284991568295,동작구,37.483471,126.972457
20244,R,전통시장,3130273,남성사계시장(남성시장),CS100001,한식음식점,6161215620,253898,24266.499224097864,동작구,37.488221,126.98045
20244,R,전통시장,3130273,남성사계시장(남성시장),CS100010,커피-음료,566089586,127299,4446.928773988798,동작구,37.488221,126.98045
20244,R,전통시장,3130274,사당1동먹자골목상점가(사당1동먹자골목),CS100001,한식음식점,9804662424,150782,65025.4169861124,동작구,37.478274,126.980588
20244,R,전통시장,3130274,사당1동먹자골목상점가(사당1동먹자골목),CS100010,커피-음료,1294140318,108639,11912.299616159942,동작구,37.478274,126.980588
20244,R,전통시장,3130275,강남골목시장,CS100001,한식음식점,582541901,16987,34293.395007947256,관악구,37.48285,126.904913
20244,R,전통시장,3130275,강남골목시장,CS300001,슈퍼마켓,440676072,2752,160129.38662790696,관악구,37.48285,126.904913
20244,R,전통시장,3130277,조원동 펭귄시장(신림중앙시장),CS100001,한식음식점,236033446,11430,20650.34523184602,관악구,37.48263,126.911143
20244,R,전통시장,3130277,조원동 펭귄시장(신림중앙시장),CS100010,커피-음료,5511114,573,9618.0,관악구,37.48263,126.911143
20244,R,전통시장,3130278,미성동 도깨비시장 골목형상점가,CS100001,한식음식점,325418881,14835,21935.886821705426,관악구,37.47439,126.916331
20244,R,전통시장,3130278,미성동 도깨비시장 골목형상점가,CS100010,커피-음료,42825441,9328,4591.0635720411665,관악구,37.47439,126.916331
20244,R,전통시장,3130279,관악신사시장,CS100001,한식음식점,924997002,50485,18322.214558779837,관악구,37.486094,126.916781
20244,R,전통시장,3130279,관악신사시장,CS300001,슈퍼마켓,951971752,98960,9619.763055780113,관악구,37.486094,126.916781
20244,R,전통시장,3130281,우림시장,CS100001,한식음식점,259590467,11134,23315.112897431292,관악구,37.470212,126.920405
20244,R,전통시장,3130282,난곡 골목형상점가,CS100001,한식음식점,84791979,2195,38629.60318906606,관악구,37.46941,126.920723
20244,R,전통시장,3130283,신원시장,CS100001,한식음식점,1433929939,61770,23214.018763153636,관악구,37.482659,126.927029
20244,R,전통시장,3130283,신원시장,CS300001,슈퍼마켓,76215532,10292,7405.317916828605,관악구,37.482659,126.927029
20244,R,전통시장,3130285,서원동상점가,CS100001,한식음식점,10279972135,302264,34009.912311753964,관악구,37.48293,126.928668
20244,R,전통시장,3130285,서원동상점가,CS100010,커피-음료,2382521928,372566,6394.898965552412,관악구,37.48293,126.928668
20244,R,전통시장,3130285,서원동상점가,CS300001,슈퍼마켓,1864900306,275190,6776.773523747229,관악구,37.48293,126.928668
20244,R,전통시장,3130285,서원동상점가,CS300002,편의점,2030530434,184999,10975.89951297034,관악구,37.48293,126.928668
20244,R,전통시장,3130287,삼성동 시장(삼성동시장),CS100001,한식음식점,86516733,4277,20228.368716389992,관악구,37.470237,126.932286
20244,R,전통시장,3130288,신림현대종합상가,CS100001,한식음식점,56811585,1753,32408.205932686822,관악구,37.474653,126.934035
20244,R,전통시장,3130289,봉일시장,CS100001,한식음식점,111895117,1934,57856.83402275077,관악구,37.485927,126.938412
20244,R,전통시장,3130290,영림시장,CS100001,한식음식점,2339749797,89603,26112.40468511099,관악구,37.481677,126.943085
20244,R,전통시장,3130290,영림시장,CS100010,커피-음료,217662052,46753,4655.574016640643,관악구,37.481677,126.943085
20244,R,전통시장,3130290,영림시장,CS300001,슈퍼마켓,2719461031,174940,15545.10707099577,관악구,37.481677,126.943085
20244,R,전통시장,3130290,영림시장,CS300002,편의점,373384752,62664,5958.520873228648,관악구,37.481677,126.943085
20244,R,전통시장,3130291,봉천제일종합시장,CS100001,한식음식점,87334855,2131,40983.03847958705,관악구,37.481209,126.94443
20244,R,전통시장,3130292,봉천현대시장,CS100001,한식음식점,672000000,15016,44752.2642514651,관악구,37.486535,126.946597
20244,R,전통시장,3130293,봉천중앙시장,CS100001,한식음식점,927167976,42924,21600.223091976517,관악구,37.484295,126.954468
20244,R,전통시장,3130293,봉천중앙시장,CS100010,커피-음료,89503436,21703,4124.012164216929,관악구,37.484295,126.954468
20244,R,전통시장,3130294,관악중부시장,CS100001,한식음식점,883636952,29721,29731.0639615087,관악구,37.484439,126.956187
20244,R,전통시장,3130294,관악중부시장,CS100010,커피-음료,197777227,30897,6401.178981778166,관악구,37.484439,126.956187
20244,R,전통시장,3130294,관악중부시장,CS300001,슈퍼마켓,602206336,62344,9659.411266521238,관악구,37.484439,126.956187
20244,R,전통시장,3130295,인헌시장(원당종합시장),CS100001,한식음식점,1354183086,77886,17386.732994376398,관악구,37.474378,126.965847
20244,R,전통시장,3130295,인헌시장(원당종합시장),CS100010,커피-음료,147192283,23036,6389.663266192048,관악구,37.474378,126.965847
20244,R,전통시장,3130295,인헌시장(원당종합시장),CS300001,슈퍼마켓,574100309,55762,10295.547308202718,관악구,37.474378,126.965847
20244,R,전통시장,3130295,인헌시장(원당종합시장),CS300002,편의점,187166532,27311,6853.155578338398,관악구,37.474378,126.965847
20244,R,전통시장,3130301,양재시장,CS100001,한식음식점,1351479297,29802,45348.610730823435,서초구,37.484108,127.038736
20244,R,전통시장,3130302,강남시장(강남구 강남시장),CS100001,한식음식점,1872950102,46689,40115.44693610915,강남구,37.518783,127.020678
20244,R,전통시장,3130303,영동전통시장,CS100001,한식음식점,7239805621,105215,68809.63380696668,강남구,37.509196,127.024182
20244,R,전통시장,3130303,영동전통시장,CS100010,커피-음료,54284224,8987,6040.305329920997,강남구,37.509196,127.024182
20244,R,전통시장,3130303,영동전통시장,CS300001,슈퍼마켓,14675499408,898624,16331.078858343422,강남구,37.509196,127.024182
20244,R,전통시장,3130304,신사상가,CS300001,슈퍼마켓,117086827,3119,37539.86117345303,강남구,37.532323,127.028398
20244,R,전통시장,3130305,논현종합시장,CS100001,한식음식점,18149279,784,23149.59056122449,강남구,37.509896,127.034361
20244,R,전통시장,3130306,강남언주로,CS100001,한식음식점,3280891237,62191,52755.08091202907,강남구,37.504866,127.042909
20244,R,전통시장,3130306,강남언주로,CS100010,커피-음료,191081540,21013,9093.491648027411,강남구,37.504866,127.042909
20244,R,전통시장,3130308,청담삼익시장,CS100001,한식음식점,1159491799,26455,43828.83383103383,강남구,37.522357,127.05758
20244,R,전통시장,3130308,청담삼익시장,CS300001,슈퍼마켓,216651671,480,451357.64791666664,강남구,37.522357,127.05758
20244,R,전통시장,3130310,강남개포시장,CS100001,한식음식점,3105953765,92028,33750.095242752206,강남구,37.488897,127.067595
20244,R,전통시장,3130310,강남개포시장,CS100010,커피-음료,272637503,57975,4702.673617938766,강남구,37.488897,127.067595
20244,R,전통시장,3130310,강남개포시장,CS300001,슈퍼마켓,709766906,46894,15135.55904806585,강남구,37.488897,127.067595
20244,R,전통시장,3130310,강남개포시장,CS300002,편의점,333470594,57013,5849.027309560977,강남구,37.488897,127.067595
20244,R,전통시장,3130311,새마을시장,CS100001,한식음식점,6337352284,215925,29349.78480490911,송파구,37.508942,127.085212
20244,R,전통시장,3130311,새마을시장,CS100010,커피-음료,239209128,52067,4594.256016286708,송파구,37.508942,127.085212
20244,R,전통시장,3130311,새마을시장,CS300001,슈퍼마켓,748306741,48781,15340.127119165249,송파구,37.508942,127.085212
20244,R,전통시장,3130311,새마을시장,CS300002,편의점,246902913,35328,6988.873216711957,송파구,37.508942,127.085212
20244,R,전통시장,3130312,석촌시장,CS100001,한식음식점,4998613841,170163,29375.444961595647,송파구,37.500374,127.107051
20244,R,전통시장,3130312,석촌시장,CS100010,커피-음료,238407,14,,송파구,37.500374,127.107051
20244,R,전통시장,3130312,석촌시장,CS300001,슈퍼마켓,3975041686,248098,16022.062596232134,송파구,37.500374,127.107051
20244,R,전통시장,3130313,방이시장,CS100001,한식음식점,2173138038,87383,24869.116853392537,송파구,37.511061,127.115527
20244,R,전통시장,3130313,방이시장,CS100010,커피-음료,772323953,98223,7862.96440752166,송파구,37.511061,127.115527
20244,R,전통시장,3130313,방이시장,CS300001,슈퍼마켓,878990525,69630,12623.732945569438,송파구,37.511061,127.115527
20244,R,전통시장,3130313,방이시장,CS300002,편의점,1001497890,148063,6763.998365560606,송파구,37.511061,127.115527
20244,R,전통시장,3130314,풍납시장,CS100001,한식음식점,874765129,24083,36322.930241249014,송파구,37.537411,127.120082
20244,R,전통시장,3130314,풍납시장,CS100010,커피-음료,5559885,723,7690.020746887967,송파구,37.537411,127.120082
20244,R,전통시장,3130314,풍납시장,CS300001,슈퍼마켓,1128580263,88777,12712.52985570587,송파구,37.537411,127.120082
20244,R,전통시장,3130314,풍납시장,CS300002,편의점,108074672,13582,7957.198645265793,송파구,37.537411,127.120082
20244,R,전통시장,3130315,문정동 로데오거리 상점가(문정동 로데오거리),CS100001,한식음식점,829393472,29569,28049.42581757922,송파구,37.489951,127.123217
20244,R,전통시장,3130315,문정동 로데오거리 상점가(문정동 로데오거리),CS100010,커피-음료,60519160,5686,10643.538515652479,송파구,37.489951,127.123217
20244,R,전통시장,3130315,문정동 로데오거리 상점가(문정동 로데오거리),CS300001,슈퍼마켓,51881594,10423,4977.6066391633885,송파구,37.489951,127.123217
20244,R,전통시장,3130316,마천시장,CS100001,한식음식점,278757523,7352,37915.8763601741,송파구,37.498245,127.150462
20244,R,전통시장,3130317,마천중앙시장,CS100001,한식음식점,1794509429,55963,32065.997694905564,송파구,37.498046,127.151129
20244,R,전통시장,3130317,마천중앙시장,CS300001,슈퍼마켓,321960935,39662,8117.617240683778,송파구,37.498046,127.151129
20244,R,전통시장,3130318,로데오거리상점가,CS100001,한식음식점,6005811015,153108,39225.97783917235,강동구,37.539178,127.127043
20244,R,전통시장,3130318,로데오거리상점가,CS100010,커피-음료,609309628,79763,7639.000890137031,강동구,37.539178,127.127043
20244,R,전통시장,3130318,로데오거리상점가,CS300001,슈퍼마켓,2494350838,163456,15260.075115015661,강동구,37.539178,127.127043
20244,R,전통시장,3130318,로데오거리상점가,CS300002,편의점,1724860275,225722,7641.52486244141,강동구,37.539178,127.127043
20244,R,전통시장,3130319,성내전통시장,CS100001,한식음식점,543482561,15119,35946.99126926384,강동구,37.533655,127.127498
20244,R,전통시장,3130319,성내전통시장,CS300001,슈퍼마켓,40242710,4633,8686.101877832938,강동구,37.533655,127.127498
20244,R,전통시장,3130320,암사종합시장,CS100001,한식음식점,1755400811,86384,20320.902146230783,강동구,37.550898,127.1291
20244,R,전통시장,3130320,암사종합시장,CS300001,슈퍼마켓,1141658691,51207,22294.973167730976,강동구,37.550898,127.1291
20244,R,전통시장,3130321,장신구 특화거리 상점가,CS100001,한식음식점,404659947,10333,39161.90331946192,강동구,37.527769,127.129174
20244,R,전통시장,3130321,장신구 특화거리 상점가,CS100010,커피-음료,11057127,781,14157.653008962869,강동구,37.527769,127.129174
20244,R,전통시장,3130322,고분다리전통시장,CS100001,한식음식점,313807074,8202,38259.82370153621,강동구,37.542307,127.133193
20244,R,전통시장,3130322,고분다리전통시장,CS100010,커피-음료,59415795,13453,4416.546123541218,강동구,37.542307,127.133193
20244,R,전통시장,3130323,둔촌역전통시장,CS100001,한식음식점,1640066057,41819,39218.203615581435,강동구,37.527809,127.134265
20244,R,전통시장,3130323,둔촌역전통시장,CS100010,커피-음료,5759925,718,8022.179665738162,강동구,37.527809,127.134265
20244,R,전통시장,3130323,둔촌역전통시장,CS300002,편의점,128390085,15853,8098.787926575412,강동구,37.527809,127.134265
20244,R,전통시장,3130324,길동복조리시장,CS100001,한식음식점,1097083615,40888,26831.432571903737,강동구,37.539015,127.143585
20244,R,전통시장,3130324,길동복조리시장,CS100010,커피-음료,24256004,6695,3623.0028379387604,강동구,37.539015,127.143585
20244,R,전통시장,3130325,명일전통시장,CS100001,한식음식점,77410753,3375,22936.519407407406,강동구,37.549212,127.145291
20244,R,전통시장,3130325,명일전통시장,CS100010,커피-음료,5841822,276,21166.021739130436,강동구,37.549212,127.145291
20244,R,전통시장,3130326,고덕 골목형상점가,CS100001,한식음식점,1793613433,45203,39679.07955224211,강동구,37.557757,127.169878
20244,R,전통시장,3130326,고덕 골목형상점가,CS300001,슈퍼마켓,2302282039,178093,12927.414547455543,강동구,37.557757,127.169878
20244,R,전통시장,3130327,"평화시장(남평화시장, 제일평화시장, 신평화패션타운)",CS300001,슈퍼마켓,275743374,34621,7964.627653736172,중구,37.568907,127.011251
20244,U,관광특구,3001491,이태원 관광특구,CS100001,한식음식점,14323456097,318012,45040.6151245865,용산구,37.5343,126.99432
20244,U,관광특구,3001491,이태원 관광특구,CS100010,커피-음료,4340994662,384119,11301.171413025651,용산구,37.5343,126.99432
20244,U,관광특구,3001491,이태원 관광특구,CS300001,슈퍼마켓,3802646940,265793,14306.798674156204,용산구,37.5343,126.99432
20244,U,관광특구,3001491,이태원 관광특구,CS300002,편의점,5256008058,844656,6222.661128317327,용산구,37.5343,126.99432
20244,U,관광특구,3001492,명동 남대문 북창동 다동 무교동 관광특구,CS100001,한식음식점,122332161711,2012704,60780.006255763394,중구,37.564059,126.981856
20244,U,관광특구,3001492,명동 남대문 북창동 다동 무교동 관광특구,CS100010,커피-음료,23871299233,2873420,8307.626185173069,중구,37.564059,126.981856
20244,U,관광특구,3001492,명동 남대문 북창동 다동 무교동 관광특구,CS300001,슈퍼마켓,16098693463,1243909,12942.018638823258,중구,37.564059,126.981856
20244,U,관광특구,3001492,명동 남대문 북창동 다동 무교동 관광특구,CS300002,편의점,17884040295,2569216,6960.894021756053,중구,37.564059,126.981856
20244,U,관광특구,3001493,동대문패션타운 관광특구,CS100001,한식음식점,11972666435,330618,36212.99032418078,중구,37.567321,127.011274
20244,U,관광특구,3001493,동대문패션타운 관광특구,CS100010,커피-음료,2268567103,355936,6373.525305111031,중구,37.567321,127.011274
20244,U,관광특구,3001493,동대문패션타운 관광특구,CS300001,슈퍼마켓,3708924138,501418,7396.870750551436,중구,37.567321,127.011274
20244,U,관광특구,3001493,동대문패션타운 관광특구,CS300002,편의점,5301429250,699731,7576.381852454729,중구,37.567321,127.011274
20244,U,관광특구,3001494,종로·청계 관광특구,CS100001,한식음식점,51174563424,1126242,45438.33689739861,종로구,37.570007,126.997691
20244,U,관광특구,3001494,종로·청계 관광특구,CS100010,커피-음료,8612860708,1021433,8432.134763611515,종로구,37.570007,126.997691
20244,U,관광특구,3001494,종로·청계 관광특구,CS300001,슈퍼마켓,6975092100,752578,9268.264684856586,종로구,37.570007,126.997691
20244,U,관광특구,3001494,종로·청계 관광특구,CS300002,편의점,4812516352,709704,6781.0190614678795,종로구,37.570007,126.997691
20244,U,관광특구,3001495,잠실 관광특구,CS100001,한식음식점,34850518196,660403,52771.59279409694,송파구,37.516431,127.115241
20244,U,관광특구,3001495,잠실 관광특구,CS100010,커피-음료,10912180197,1139085,9579.776923583402,송파구,37.516431,127.115241
20244,U,관광특구,3001495,잠실 관광특구,CS300001,슈퍼마켓,4119558314,410059,10046.25752391729,송파구,37.516431,127.115241
20244,U,관광특구,3001495,잠실 관광특구,CS300002,편의점,13080326897,1922325,6804.4305187728405,송파구,37.516431,127.115241
20244,U,관광특구,3001496,강남 마이스 관광특구,CS100001,한식음식점,5004575803,155435,32197.22586933445,강남구,37.511084,127.059743
20244,U,관광특구,3001496,강남 마이스 관광특구,CS100010,커피-음료,4296797217,412003,10429.043519100589,강남구,37.511084,127.059743
20244,U,관광특구,3001496,강남 마이스 관광특구,CS300001,슈퍼마켓,2294082153,347039,6610.444800152144,강남구,37.511084,127.059743
20244,U,관광특구,3001496,강남 마이스 관광특구,CS300002,편의점,5257072812,385050,13652.961464744838,강남구,37.511084,127.059743
